no;share;id;year;RGO;L;K;RI
1;-0.196561515;10001;81;11.29150796;6.237056746;8.277319775;11.09566501
2;-0.21261479;10001;82;11.31466134;6.280312284;8.459875723;11.10136337
3;-0.21991238;10001;83;11.36176649;6.291380817;8.599856081;11.14058889
4;-0.234265313;10001;84;11.17820703;6.365713829;8.660640928;10.93936968
5;-0.266567618;10001;85;11.01281038;6.201741807;8.633598369;10.73926721
6;-0.257346541;10001;86;10.93182029;6.132437238;8.63685493;10.6652908
7;-0.227482021;10001;87;11.01120275;6.344268881;8.674689941;10.77593733
8;-0.258157104;10001;88;10.90035525;6.047087885;8.63651818;10.63597695
9;-0.207456931;10001;89;10.83786851;6.022232063;8.60265586;10.62547308
10;-0.221544802;10001;90;10.82171664;5.893996019;8.68634359;10.59625273
11;-0.235353738;10001;91;10.82242166;5.885774387;8.689243593;10.58459309
12;-0.238695562;10002;81;8.375652691;2.950629403;6.660470658;8.136853148
13;-0.186479479;10002;82;8.193271707;2.945083857;6.740919976;8.009254997
14;-0.204038039;10002;83;8.033667139;2.945746365;6.687081134;7.826331093
15;-0.20790723;10002;84;8.041086052;2.779377247;6.924576206;7.830530701
16;-0.204272553;10002;85;7.896051034;2.361758179;7.146145484;7.691162511
17;-0.19334057;10002;86;7.738676396;2.361848063;7.580009131;7.545591416
18;-0.169970676;10002;87;7.592285238;2.361902709;7.597504297;7.418636394
19;-0.193013102;10002;88;7.460997352;2.441257263;7.554307583;7.264264853
20;-0.289029479;10002;89;7.37764736;2.453752375;7.512651478;7.082462471
21;-0.34761247;10002;90;6.667159291;2.50541655;7.472488114;6.302562969
22;-0.288511962;10003;81;12.24037405;6.930450853;9.679268594;11.95674152
23;-0.266189218;10003;82;12.28973816;6.846536372;9.792488339;12.02673392
24;-0.293408096;10003;83;12.27848306;6.879765259;10.04047237;11.98945221
25;-0.294438094;10003;84;12.26259083;6.9635148;10.11045615;11.97243447
26;-0.380235583;10003;85;12.3840816;6.735947448;10.20067513;12.00590902
27;-0.516873419;10003;86;12.48707747;6.721358928;10.28902754;11.97227893
28;-0.511712193;10003;87;12.720525;6.980630043;10.53249967;12.21194475
29;-0.50813812;10003;88;12.71775809;7.03624694;10.69121587;12.21172764
30;-0.599872887;10003;89;12.74083563;7.004154399;10.7243913;12.14045579
31;-0.557894588;10003;90;12.83497368;7.009205682;10.76241661;12.27824519
32;-0.246342331;10003;91;13.02556898;7.046265695;10.87262168;12.77997641
33;-0.153430298;10004;81;8.350500813;3.000195983;5.981284889;8.195421848
34;-0.140671372;10004;82;8.54149129;3.263761135;6.122164156;8.399687717
35;-0.163961038;10004;83;8.515678568;3.397140371;6.180724184;8.352036941
36;-0.164115623;10004;84;8.427238246;3.365313908;6.25130523;8.267725717
37;-0.187646225;10004;85;8.154631746;3.355740508;6.33062884;7.973526875
38;-0.178974718;10004;86;8.019563323;3.381860767;6.391535494;7.844313259
39;-0.203806281;10004;87;8.440277766;3.60814305;6.328882164;8.236014276
40;-0.232280001;10004;88;8.327000622;3.384570702;6.704811229;8.101448895
41;-0.254193872;10004;89;8.343187702;3.827994347;6.819489231;8.090881559
42;-0.146191731;10004;90;8.211929535;3.538823911;6.951197626;8.074772278
43;-0.131177098;10004;91;8.107073542;3.320806676;6.956086121;7.986168182
44;-0.174490869;10005;81;9.795111427;4.534267544;7.731510241;9.621163885
45;-0.196589157;10005;82;9.787091433;4.695754249;7.996585668;9.589039709
46;-0.187334761;10005;83;9.765967972;4.726413482;8.053232284;9.576197077
47;-0.126153797;10005;84;9.842958794;4.624388545;8.14396472;9.712798429
48;-0.178951114;10005;85;9.84925161;4.855565952;8.346273843;9.665654731
49;-0.188357428;10005;86;9.75731318;4.86038013;8.286062075;9.562443573
50;-0.173155591;10005;87;9.889639076;4.847349062;8.361213839;9.711868809
51;-0.217844665;10005;88;9.869555121;5.087594734;8.374990607;9.646034757
52;-0.209737882;10005;89;9.877370046;5.034162797;8.45019519;9.661946429
53;-0.219872355;10005;90;9.699442202;5.116506757;8.596376876;9.471751809
54;-0.240224957;10005;91;9.737662613;5.218952021;8.550106967;9.491780764
55;-0.187977046;10006;81;9.606152398;4.270959505;7.023461833;9.419591224
56;-0.270547539;10006;82;9.731115321;4.944865764;7.168160369;9.461281467
57;-0.264455467;10006;83;9.537897428;4.352766941;7.410444129;9.27242303
58;-0.234607786;10006;84;9.049863359;4.054798392;7.172559379;8.811832064
59;-0.409434825;10006;85;9.251476505;4.178761539;7.173671203;8.83919743
60;-0.131256744;10006;86;8.954463073;3.774780249;7.114975061;8.818765601
61;-0.16817458;10006;87;9.022396045;3.626360275;7.052475506;8.850014379
62;-0.219859138;10006;88;9.009933324;3.717552354;6.975299494;8.784912458
63;-0.220232889;10006;89;9.068591716;3.984371842;7.012234388;8.843476419
64;-0.284820765;10006;90;8.9867555;3.998899702;7.086961433;8.696656011
65;-0.306267649;10006;91;8.798784291;4.403033887;7.012630496;8.488902017
66;-0.655328214;10007;81;11.39465753;6.736753928;8.978939003;10.74243226
67;-0.655534148;10007;82;11.54990004;6.871767391;9.397956724;10.89878007
68;-0.439077258;10007;83;11.52235207;6.346569549;9.597182227;11.08547192
69;-0.37357378;10007;84;11.56027814;6.579257655;9.70434933;11.19113967
70;-0.422193676;10007;85;11.76941173;6.836018648;9.79203233;11.35181501
71;-0.480109394;10007;86;11.95190342;7.038337028;10.45206993;11.47484718
72;-0.373615772;10007;87;12.04860601;7.321937733;10.53491744;11.67810682
73;-0.445463151;10007;88;12.21327749;7.458710978;11.07791747;11.76916041
74;-0.389697075;10007;89;12.17374362;6.971202545;11.05395623;11.78290996
75;-0.233666703;10007;90;12.24594421;7.549242566;11.20138371;12.01405684
76;-0.267842144;10007;91;12.35407197;7.310325576;11.17363722;12.09054955
77;-0.141502067;10008;81;10.86486637;5.11138654;9.809774866;10.72251915
78;-0.493570954;10008;82;11.42296229;6.104545178;9.916796447;10.92865217
79;-0.369936079;10008;83;11.53421114;6.183871614;9.986489879;11.16422268
80;-0.326495707;10008;84;11.5035023;6.160727682;10.13016906;11.17856193
81;-0.293448448;10008;85;11.50188814;6.297707241;10.1922639;11.21188477
82;-0.312979519;10008;86;11.53039556;6.240009777;10.23344229;11.22018541
83;-0.353904545;10008;87;11.66541651;6.520687284;10.38113668;11.3167509
84;-0.256133974;10008;88;11.71724686;6.379988251;10.34004598;11.46545618
85;-0.288535982;10008;89;11.58565723;6.517604375;10.30400679;11.30237022
86;-0.304008573;10008;90;11.51832974;6.323437542;10.26033356;11.22094929
87;-0.276229739;10008;91;11.50782655;6.343462326;10.23615681;11.23773412
88;-0.143094227;10010;81;8.15676834;3.53198973;6.821410605;8.01490096
89;-0.187787816;10010;82;8.170815702;3.480896355;7.16541272;7.983558962
90;-0.20886676;10010;83;8.130273242;3.473190458;7.219981295;7.920596366
91;-0.247538105;10010;84;8.050636427;3.365847894;7.166738779;7.800052746
92;-0.246549994;10010;85;7.93407178;3.500779094;7.115890081;7.681679385
93;-0.268869311;10010;86;7.888332211;3.591594488;7.315918891;7.612059893
94;-0.249870658;10010;87;7.639382965;3.575832528;7.404298955;7.381744334
95;-0.349119574;10010;88;7.590389197;3.670167571;7.426309335;7.229942975
96;-0.293901861;10010;89;7.56182823;3.503916052;7.416241425;7.258453671
97;-0.264067978;10010;90;7.360794146;3.395469261;7.361527191;7.083125444
98;-0.232856721;10010;91;7.137757191;3.074624776;7.283727711;6.897001188
99;-0.237481207;10011;81;8.247010429;3.271113539;5.221279092;8.020854731
100;-0.562691927;10011;82;8.555452655;3.900484216;8.237398809;8.002519598
101;-0.336680591;10011;83;9.13888381;4.673373297;9.086320299;8.812547078
102;-0.370178908;10011;84;9.343874914;4.930441555;9.483435764;8.984484528
103;-0.486383647;10011;85;9.75559686;5.030263378;9.459733707;9.306042254
104;-0.414946079;10011;86;9.779571945;5.030316741;9.430973509;9.384831218
105;-0.337852776;10011;87;9.63097134;5.429318457;9.415588103;9.320888182
106;-0.258676529;10011;88;9.910408663;5.57351827;9.383570187;9.657857905
107;-0.281486541;10011;89;10.06637897;5.524383401;9.403376136;9.790670596
108;-0.223666698;10011;90;10.01036612;5.690629127;9.369158629;9.79190896
109;-0.226221114;10011;91;10.08547279;5.552503018;9.344900288;9.862346395
110;-0.376732916;10012;81;10.03143215;5.242643168;7.734423629;9.656145859
111;-0.283789843;10012;82;10.00202494;5.155452214;8.401771928;9.717019363
112;-0.403705209;10012;83;10.1306779;5.132617851;8.475737349;9.726275731
113;-0.360132724;10012;84;10.19290167;5.096460063;8.574974529;9.829673122
114;-0.396401525;10012;85;10.16713;5.067748857;8.638435082;9.770568361
115;-0.396680653;10012;86;10.25986615;5.213648298;8.61887234;9.861418239
116;-0.329291373;10012;87;10.45812602;5.348901589;8.857120599;10.12809612
117;-0.274740726;10012;88;10.47636656;5.29102445;8.928715762;10.20121918
118;-0.257202595;10012;89;10.49407325;5.375364023;8.989026384;10.23635082
119;-0.302715391;10012;90;10.61349569;5.363212498;9.150503593;10.31022464
120;-0.312820196;10012;91;10.81278081;5.628996861;9.168374128;10.50026805
121;-0.111979105;10013;81;8.814672089;3.07065118;7.184633502;8.704352474
122;-0.271518469;10013;82;8.777729916;3.492772015;7.463340424;8.506767746
123;-0.192954898;10013;83;9.000804498;4.164316043;7.58127836;8.807301663
124;-0.250004351;10013;84;9.093222423;4.005331032;7.555011513;8.83940873
125;-0.259242862;10013;85;8.990547767;4.672840671;7.829718175;8.72604954
126;-0.185905561;10013;86;8.945808565;4.436352288;7.770194554;8.750968617
127;-0.073400691;10015;82;10.79043942;5.128115188;8.945607396;10.72019117
128;-0.105101295;10015;83;10.81316632;4.777299816;8.879394837;10.71149902
129;0.044551603;10015;84;9.591009037;4.476333393;8.818089282;9.643447182
130;0.032106951;10015;85;8.697743649;4.591228619;8.444907236;8.749486165
131;0.179877505;10015;86;7.388864085;4.255532625;8.397553697;7.631136095
132;0.032365277;10015;87;6.140065142;3.391750369;8.341948643;6.237677228
133;0.172572687;10015;88;6.888324182;1.899432568;8.287188141;7.092447985
134;-0.278276563;10016;81;8.027900739;4.063838306;6.422979602;7.755425315
135;-0.255956799;10016;82;8.192597898;3.74471979;6.583795788;7.939787554
136;-0.337497473;10016;83;8.362938958;3.686292799;6.696111815;8.026975854
137;-0.251262605;10016;84;8.315080235;3.625077559;6.601079012;8.068085112
138;-0.346188128;10016;85;8.438844223;4.210887137;6.605421223;8.098569376
139;-0.259468287;10016;86;8.521990455;4.344833672;7.03388737;8.265737947
140;-0.171155289;10016;87;9.007770169;4.521541669;7.079975225;8.838397115
141;-0.172282323;10016;88;8.932128098;4.453926349;6.99186808;8.76407959
142;-0.189555243;10016;89;8.855660785;4.396763456;6.931215592;8.669159064
143;-0.517919481;10016;90;8.613893562;4.484757152;7.574685622;8.098537316
144;-0.196451321;10016;91;8.566564474;4.65659628;7.551457079;8.375651566
145;-0.033527251;10017;81;9.780986508;4.487730119;7.543457276;9.749967761
146;-0.091413483;10017;82;9.950872526;4.361217012;7.477957826;9.861130261
147;-1.265342593;10017;83;7.593529521;4.260926374;7.869386967;6.365468634
148;-0.065310851;10017;84;10.08871553;4.266475863;7.800449277;10.02594541
149;-0.063018821;10017;85;10.10029314;4.150100028;7.732050215;10.03993857
150;-0.054597467;10017;86;9.929188517;4.231288064;7.664200206;9.877325037
151;-0.057723444;10017;87;10.22138275;4.276788818;7.612726324;10.16578248
152;-0.053683233;10017;88;10.18240324;4.239284052;7.87652375;10.13031961
153;-0.040390223;10017;89;10.27560356;4.235282288;7.828413219;10.23517114
154;-0.038204454;10017;90;10.27454007;4.164454871;7.803643387;10.23683955
155;-0.039496567;10017;91;10.38945236;4.320273233;7.760937404;10.34701297
156;-0.171429753;10018;81;10.80393341;6.152561587;8.05933141;10.63391095
157;-0.23493515;10018;82;10.8270468;5.75165291;8.46112319;10.59139653
158;-0.30096671;10018;83;10.65332156;5.294179637;9.207679609;10.35358576
159;-0.372554392;10018;84;10.80237809;5.351450836;9.137814936;10.43317959
160;-0.230266035;10018;85;10.8940823;5.406667488;9.120670884;10.66559857
161;-0.385044783;10018;86;10.69435155;5.705029459;9.066284708;10.30956673
162;-0.062610842;10018;87;10.70653671;5.806770916;8.985259031;10.64452587
163;-0.187914908;10018;88;10.70432;5.634650412;8.905618964;10.51857659
164;-0.172946036;10018;89;10.57333672;5.632213219;8.838669835;10.40453506
165;-0.186500311;10018;90;10.47334149;5.354822041;8.83262895;10.28857602
166;-0.181025878;10018;91;10.35152325;5.33725179;8.873121343;10.17469169
167;-0.267643422;10019;81;10.71835886;5.398183553;9.679180238;10.46811276
168;-0.416305661;10019;82;10.88774354;5.611060353;9.680565656;10.46353907
169;-0.397085756;10019;83;10.97931262;5.621353754;9.677733786;10.57948361
170;-0.252895325;10019;84;10.88849726;5.540361913;9.748949786;10.63415347
171;-0.190889537;10019;85;10.82596877;5.131388091;9.724558516;10.63902996
172;-0.199656844;10019;86;10.81293823;5.149566991;9.691684725;10.61961437
173;-0.119569905;10019;87;10.90657871;5.126195628;9.712530851;10.77547057
174;-0.18469812;10019;88;10.94401724;5.367585164;9.677949535;10.75090019
175;-0.15072903;10019;89;10.9059028;5.330823065;9.643649625;10.75155423
176;-0.201726928;10019;90;10.89857517;5.553576725;9.66195737;10.6937524
177;-0.19849579;10019;91;11.08631233;6.139458465;9.652051144;10.88476653
178;-0.171850249;10020;81;7.486669352;2.882532425;3.173264152;7.318900756
179;-0.193881005;10020;82;7.405380042;2.885068963;3.087077984;7.212089737
180;-0.233327568;10020;83;7.340891205;2.945248371;3.212783467;7.101854838
181;-0.248295426;10020;84;7.336510371;2.963430266;3.597214641;7.082698917
182;-0.44926405;10020;85;6.772470327;2.788629287;3.63533436;6.315645146
183;-0.342340738;10020;86;6.779926693;2.784920039;3.728779576;6.433358028
184;-0.351064384;10020;87;6.675912731;2.789141225;3.798295095;6.318463319
185;-0.481088251;10020;88;6.322601729;2.715557188;3.804646383;5.834514262
186;-0.415770918;10020;89;6.250836198;2.715212714;4.077751561;5.835412163
187;-1.137130499;10020;90;5.087804379;2.208564079;3.982379672;3.950430711
188;-0.559323609;10020;91;5.896893428;2.217344871;4.010356302;5.337521647
189;-0.019772775;10021;81;10.30749157;4.746701709;7.697963924;10.28788203
190;-0.085319839;10021;82;10.43621654;4.28150573;8.477744968;10.35125387
191;-0.021881176;10021;83;10.35952169;4.384986556;8.132860608;10.33654167
192;-0.081041671;10021;84;10.37931871;4.691085789;8.193817148;10.29677293
193;-0.095728219;10021;85;10.10793046;4.182571485;8.218514813;10.01016909
194;-0.020072538;10022;81;10.37910977;4.845701485;7.837007834;10.35934422
195;-0.015942805;10022;82;10.44946987;4.995071485;7.817542585;10.43403733
196;-0.026835766;10022;83;10.49523879;5.203288428;7.814038288;10.46786298
197;-0.072761886;10022;84;10.5272275;5.156912917;7.815668636;10.45431168
198;-0.051181007;10022;85;10.25698466;4.056436733;7.791684423;10.20838043
199;-0.125537038;10022;86;10.01710324;4.286168066;7.752176307;9.893585367
200;-0.137535289;10022;87;10.16774396;4.329775393;7.707687192;10.03100311
201;-0.161361486;10022;88;10.11433883;4.329915356;7.711994104;9.953052807
202;-0.143608034;10022;89;10.14117976;3.982344614;7.737672073;9.996882014
203;-0.188895956;10022;90;10.16160287;3.9585612;7.725440192;9.971467411
204;-0.205123067;10022;91;10.29265792;4.15287936;7.718311402;10.10524346
205;-0.565905452;10023;81;8.861279227;3.634588237;8.169531288;8.313050231
206;-0.469289958;10023;82;8.864272823;4.341571281;8.315619348;8.401798671
207;-0.446587533;10023;83;8.899653919;4.376791493;8.273494798;8.462668943
208;-0.429851532;10023;84;8.672613405;4.191413619;8.363408184;8.279054843
209;-0.438279271;10023;85;8.378980995;3.429200257;8.363811161;7.992739151
210;-0.419836223;10023;86;8.762620435;4.258380564;8.421453564;8.362706599
211;-0.328627795;10023;87;9.183180925;4.268861495;8.37324343;8.860981582
212;-0.171419144;10025;81;10.87647993;5.128386501;8.653746697;10.7062335
213;-0.233924538;10025;82;10.97269497;5.548905908;8.668017362;10.7389077
214;-0.101456717;10025;83;11.22108036;5.694836122;9.045922812;11.11933249
215;-0.259369165;10025;84;10.92243866;5.690993112;9.198686795;10.66563193
216;-0.215440184;10025;85;10.77004775;5.731646066;9.214601398;10.5553625
217;-0.233394921;10025;86;10.71479044;5.810402268;9.467639396;10.48315782
218;-0.192773685;10025;87;11.03186733;5.898068641;9.606218329;10.8401036
219;-0.18194063;10025;88;11.16174344;6.125264392;9.645530253;10.98068094
220;-0.167322993;10025;89;11.24762714;6.138932069;9.708419082;11.08114879
221;-0.164353535;10025;90;11.23426208;5.842937862;9.701806961;11.06598269
222;-0.310833663;10025;91;11.38526821;6.264986705;9.698292674;11.07030655
223;-0.30511564;10026;81;7.222127985;3.46514612;4.646358666;6.920218006
224;-0.30959636;10026;82;7.235129861;3.449557422;4.539626358;6.927407222
225;-0.308697909;10026;83;7.25197626;3.449156626;4.433385421;6.942425696
226;-0.140434697;10026;84;9.793891517;4.204619853;4.985029066;9.652840501
227;-0.139288783;10026;85;10.00870657;4.220862239;5.600982381;9.869224607
228;-0.15343599;10026;86;9.792792303;4.438868999;5.532102943;9.636851207
229;-0.135610446;10026;87;9.718281684;4.770592356;5.684096772;9.580391673
230;-0.154543161;10026;88;9.468140073;4.846266366;6.058334776;9.312264198
231;-0.120699555;10026;89;9.339762613;4.833394801;6.253500811;9.218095186
232;-0.106730931;10026;90;9.51872906;4.941884136;6.374904822;9.410042159
233;-0.076499157;10026;91;9.607184704;4.993446478;6.405297662;9.52200277
234;-0.107909366;10027;81;11.47133543;5.047890584;9.169219769;11.36284086
235;-0.169978306;10027;82;11.64608577;5.512031283;9.39912432;11.47510531
236;-0.162670657;10027;83;11.60427269;5.395124769;9.736957833;11.44303766
237;-0.139158756;10027;84;11.66142427;5.399142719;9.809492114;11.52212157
238;-0.251717269;10027;85;11.68093487;5.384660656;10.02621563;11.43224316
239;-0.226702824;10027;86;11.75614269;5.573077488;10.05781403;11.53645131
240;-0.186103418;10027;87;11.97650273;5.77999876;10.14601644;11.79599045
241;-0.370743424;10027;88;12.05975504;5.827905684;10.33776229;11.69406442
242;-0.432017982;10027;89;12.46175907;5.877318707;10.39067605;12.02745273
243;-0.401277006;10027;90;12.38754821;5.950045374;10.63840693;11.98262719
244;-0.307911456;10027;91;12.33964591;6.086546096;10.65277265;12.0294863
245;-0.806251943;10028;81;10.23577604;5.290976032;8.390021666;9.467913278
246;-0.589411318;10028;82;10.02791849;5.136344104;8.265987184;9.466109544
247;-0.492527515;10028;83;9.951576764;5.594152831;8.451820156;9.482766228
248;-0.760666549;10028;84;10.00697233;5.528966312;8.474791988;9.275353786
249;-0.474197119;10028;85;9.813691585;5.21537402;8.679185977;9.371167099
250;-0.406250387;10028;86;9.934956884;5.55192062;9.019921826;9.559317039
251;-0.475536019;10028;87;10.34639094;5.873387718;9.146536789;9.898806693
252;-0.627024114;10028;88;10.54767937;5.65457398;9.389093966;9.952556975
253;-0.304490954;10028;89;10.42106048;5.320331492;9.290388368;10.13082558
254;-0.73152703;10028;90;10.82179866;5.494389645;9.140400938;10.11150295
255;-0.755627632;10028;91;10.70190263;5.403876745;9.089908739;9.966492428
256;-0.116883218;10029;81;10.66062079;5.296884685;8.306916879;10.53242168
257;-0.132759616;10029;82;11.10856467;5.459119785;8.967924529;10.9701975
258;-0.146386161;10029;83;11.13433934;5.281661713;9.038082189;10.98717938
259;-0.19382754;10029;84;11.01168849;5.158156907;9.105698131;10.81445335
260;-0.285300076;10029;85;11.19662281;5.128897815;9.183139382;10.91314588
261;-0.255644202;10029;86;11.26313811;5.181680591;9.857425003;11.01665197
262;-0.255115509;10029;87;11.1282261;5.023871084;9.82966429;10.87319486
263;-0.364222229;10029;88;11.19882862;5.365643261;9.800204738;10.83741788
264;-0.225309983;10029;89;11.17574093;5.44612124;9.805248753;10.95118983
265;-0.218488827;10029;90;11.19635254;5.391194766;9.85742623;10.98630505
266;-0.19093585;10029;91;11.14701436;5.290977031;9.815250425;10.96498192
267;-0.530517578;10030;81;9.723864305;5.521219189;8.130730327;9.200652384
268;-0.518428981;10030;82;9.963160527;5.632257037;8.609604643;9.446869174
269;-0.613629818;10030;83;9.812531688;5.707974319;8.82567313;9.193520608
270;-0.510105848;10030;84;9.912288457;5.62129377;8.833681498;9.394825115
271;-0.366182327;10030;85;9.994946309;5.748182728;8.861986045;9.618655387
272;-0.334017724;10030;86;10.16426643;5.754802004;9.062441301;9.818637368
273;-0.285277486;10030;87;10.45582536;5.843965471;9.244760858;10.15788704
274;-0.33885327;10030;88;10.52493469;5.981242959;9.461400981;10.17261242
275;-0.337976813;10030;89;10.33551579;6.090869628;9.527604618;9.980858124
276;-0.387640148;10030;90;10.21384396;5.958093755;9.487716542;9.807642493
277;-0.386707932;10030;91;10.27709717;5.742824957;9.447485366;9.878531959
278;-0.179681554;10031;81;10.1778564;4.588958319;6.945603403;10.00029945
279;-0.182380512;10031;82;10.30968846;4.826687049;7.350507391;10.12944417
280;-0.285445184;10031;83;10.53246135;4.4499511;7.614943738;10.24902039
281;-0.098966114;10031;84;10.41291658;3.939507722;7.713700434;10.31785833
282;-0.086852387;10031;85;10.3537353;3.989483223;7.818535445;10.27155267
283;-0.099683449;10031;86;10.3415624;4.187153684;8.186954562;10.24482114
284;-0.141584069;10031;87;10.36510566;4.715714971;8.217133398;10.22629981
285;-0.106811114;10031;88;10.75245389;4.598656556;8.395572062;10.6483669
286;-0.159068778;10031;89;10.82490706;4.574833277;8.475071321;10.66854924
287;-0.162065804;10031;90;10.81993562;4.568361217;8.603293656;10.66296785
288;-0.169302359;10031;91;10.84374846;4.401295698;8.652982324;10.67844781
289;-0.208104864;10032;81;11.84054434;6.37072159;10.44604699;11.63685734
290;-0.239229739;10032;82;11.84545389;6.140014046;10.86520484;11.61063348
291;-0.09486749;10032;83;11.63067614;5.994004044;10.99340079;11.54139895
292;-0.200171873;10032;84;11.65753582;5.961138334;10.97767713;11.46306453
293;-0.20919095;10032;85;11.6008947;5.946752269;10.98954466;11.39859927
294;-0.493847787;10032;86;11.49312717;5.842002578;11.0346322;11.00625176
295;-0.182368428;10032;87;11.40230426;6.411328062;11.03595563;11.22417584
296;-0.040621307;10032;88;11.3113303;5.904280509;10.97543404;11.27440928
297;-0.226471812;10032;89;11.63744368;5.829808803;10.97643014;11.4129322
298;-0.195332602;10032;90;12.087965;5.687825866;10.96544416;11.89290544
299;-0.198984474;10032;91;11.98119057;5.725420754;10.95757668;11.78320323
300;-0.37478441;10033;81;11.55476676;6.704662878;9.837424641;11.18194503
301;-0.353786349;10033;82;11.38491496;6.334503485;9.852537435;11.03254127
302;-0.332706183;10033;83;11.53841258;6.400081827;9.876581645;11.20441581
303;-0.383333951;10033;84;11.36574374;6.389351575;9.891253845;10.9779841
304;-0.371996552;10033;85;11.48998224;6.396071642;9.874983082;11.11268446
305;-0.404741317;10033;88;11.67020815;6.338680235;9.815051368;11.26042893
306;-0.321130455;10033;89;11.58911284;6.686116332;9.850600266;11.26330969
307;-0.4574081;10033;90;11.68376007;6.706419547;9.880772724;11.22635174
308;-0.351470053;10033;91;11.69188251;6.852260505;9.914841601;11.33636401
309;-0.188015819;10034;81;10.23399203;4.39963685;7.911288668;10.05088316
310;-0.188570723;10034;82;10.29063467;4.326770561;7.993476401;10.10448686
311;-0.171805233;10034;83;10.40154822;4.503838342;8.195104389;10.2332888
312;-0.153861016;10034;84;10.33291635;4.383882478;8.365497828;10.18146487
313;-0.182721913;10034;85;10.20619062;4.358062812;8.352675713;10.02775456
314;0.034311783;10034;86;10.12512387;4.457218476;8.337735771;10.16194734
315;-0.121923871;10034;87;10.26938889;4.739140535;8.371883555;10.15188461
316;-0.166255444;10034;88;10.5406267;4.664980914;8.527535424;10.37805777
317;-0.268509448;10034;90;10.69580049;4.886441103;8.667307948;10.43058949
318;-0.171549901;10034;91;10.75609323;4.983897437;8.639246091;10.5843338
319;-0.193711191;10035;81;10.55092062;4.384929408;9.248786578;10.35993796
320;-0.221238151;10035;82;10.56802817;4.533283362;9.269861996;10.34945129
321;-0.269290626;10035;83;10.39269513;4.67397031;9.240363455;10.13850201
322;-0.347340554;10035;84;10.51665194;4.355153471;9.821692766;10.18843224
323;-0.472544283;10035;85;10.65038125;4.294829465;9.771457376;10.20011286
324;-0.273223072;10035;86;10.47149238;4.595078234;9.810634216;10.19998684
325;-0.183126062;10035;87;10.73180369;4.420384139;9.981905413;10.55097705
326;-0.139555052;10035;88;10.50103921;4.480003371;9.937377734;10.36874691
327;-0.158605143;10035;89;10.6836623;4.084027958;9.864047456;10.52850864
328;-0.218821868;10035;90;10.77904727;4.11694907;9.844338959;10.56273079
329;-0.166584626;10035;91;10.82395533;4.323253525;9.821552121;10.66164915
330;-0.247249946;10036;81;10.07386724;3.711838972;6.594309837;9.832743043
331;-0.120954134;10036;82;10.34550436;3.863569992;7.239400034;10.23056535
332;-0.096175261;10036;83;10.48644988;3.932532672;7.493524597;10.39003935
333;-0.1532996;10036;84;10.2653327;3.954229759;7.624413329;10.11085664
334;-0.106649697;10036;85;10.12454925;3.818915286;7.653319317;10.01277103
335;-0.139227197;10036;86;10.08391091;3.854578161;7.744631451;9.938446644
336;-0.096791968;10036;87;10.32546595;3.956047046;7.851174203;10.22246771
337;-0.092562027;10036;88;10.62343935;4.338953862;8.16414128;10.52713225
338;-0.119000487;10036;89;10.91088725;4.490978079;8.28945058;10.78860273
339;-0.145046636;10036;90;10.93966355;4.551010238;8.405994486;10.79061889
340;-0.203771204;10036;91;11.03947152;4.711580543;8.411036243;10.83175225
341;-0.273549289;10037;81;9.877046016;3.94244563;7.677619896;9.605553827
342;-0.40505898;10037;82;9.856901705;4.144645416;8.150668136;9.454923843
343;-0.076474577;10037;83;10.01999877;3.982420133;8.413373589;9.94657473
344;-0.14527075;10037;84;10.16390243;4.069091048;8.400020565;10.02267914
345;-0.126201943;10037;85;9.828936258;4.580850352;8.482294578;9.705410377
346;-0.143813252;10037;86;9.760129577;4.375779286;8.471289439;9.622639173
347;-0.125043169;10037;87;9.657585141;4.028371025;8.491808674;9.53278478
348;-0.223479018;10037;88;9.58665944;4.090683388;8.515656073;9.367768877
349;-0.168911383;10037;89;9.733014277;4.292920913;8.686992415;9.567392901
350;-0.141520962;10037;90;9.897509072;4.396842953;8.759923124;9.758815651
351;-0.154576898;10037;91;10.06223782;4.390251915;8.858775258;9.908724791
352;-0.110918596;10038;81;12.01330314;5.919404893;9.586618685;11.90586696
353;-0.179693758;10038;82;12.07495922;6.525147783;9.794645833;11.89817957
354;-0.218052715;10038;83;12.33140579;6.502546516;10.32324361;12.1166757
355;-0.134616718;10038;84;12.41070301;6.38481175;10.54867059;12.27887284
356;-0.13968727;10038;85;12.53025245;5.931346093;10.7431046;12.39396006
357;-0.075244285;10038;86;12.61042255;6.514197874;10.85234878;12.53893133
358;-0.071754821;10038;87;12.78122726;6.656690985;10.89392794;12.71135679
359;-0.050346855;10038;88;12.85584069;6.750669775;10.90100956;12.80841775
360;-0.09968134;10038;89;12.95284723;6.899745441;10.94901423;12.85595287
361;-0.082003079;10038;90;12.94355783;6.98432347;10.92902072;12.86376831
362;-0.085441627;10038;91;12.93605473;7.120907481;10.9367462;12.85295008
363;-0.497736514;10039;81;8.892377743;5.046648185;8.309093925;8.404298506
364;-0.449185491;10039;82;9.676466069;5.087797599;8.643554089;9.230192592
365;-0.388325244;10039;83;10.54491824;6.601005607;10.55165882;10.14742045
366;-0.443940252;10039;84;10.97869973;6.357272372;10.52736221;10.52725482
367;-0.384151399;10039;85;11.07285181;6.069217742;10.59646577;10.67270472
368;-0.291486681;10039;86;11.27480489;7.139767009;10.63227633;10.96278191
369;-0.287506759;10039;87;11.36228543;7.996453596;10.72163489;11.05603535
370;-0.320642114;10039;88;11.55611066;6.729960424;10.79436223;11.22562155
371;-0.341238081;10039;89;11.75115034;7.015422763;10.78572678;11.39702891
372;-0.360963672;10039;90;11.57535867;6.869886961;10.75527226;11.20270878
373;-0.31269592;10039;91;11.5708457;6.881105329;10.75874943;11.24882787
374;-0.250317425;10040;81;9.313375168;4.07490663;7.915994902;9.062473116
375;-0.226293087;10040;82;9.219321212;4.154208528;8.221250138;8.993469707
376;-0.204361245;10040;83;9.210194072;3.90581005;8.215927217;9.006849422
377;-0.186941266;10040;84;9.336726658;4.026236649;8.209607248;9.148217576
378;-0.167899236;10040;85;9.265841597;4.026129722;8.238411174;9.095661072
379;-0.144890845;10040;86;9.316247525;4.087454168;8.308240585;9.172818488
380;-0.160313502;10040;87;9.462937896;4.481236232;8.335671081;9.304273361
381;-0.160879225;10040;88;9.457977659;4.216786483;8.494632596;9.296106214
382;-0.171726033;10040;89;9.462018764;4.012979405;8.48756241;9.28929577
383;-0.14788501;10040;90;9.507119418;4.397264391;8.483042922;9.363046035
384;-0.178964809;10040;91;9.492412844;4.741178929;8.494361873;9.317274493
385;-0.411852002;10041;81;8.014203486;4.073707793;7.513182602;7.601186477
386;-0.753997803;10041;82;8.053336879;3.842437836;7.583781137;7.297083562
387;-0.561163843;10041;83;8.242425416;4.183629286;7.701823423;7.68596029
388;-0.057873428;10041;84;7.857062969;3.228621652;7.61896425;7.796680435
389;0.17277199;10041;85;7.169460992;3.745970006;7.648020374;7.380324888
390;-0.367990136;10041;86;7.912188429;3.820952916;8.122524426;7.559969197
391;-0.349365354;10041;87;8.073024967;3.935241575;8.107905944;7.729171449
392;-0.428985327;10041;88;7.90195152;3.912683417;8.017184263;7.495892563
393;-0.260739535;10042;84;8.782901318;4.651769333;8.935309574;8.5479461
394;-0.332411438;10042;85;8.781832435;4.187124596;8.6552896;8.483397844
395;-0.459336847;10042;86;8.690303427;4.264398345;8.704878754;8.260424876
396;-0.515245795;10043;81;8.46193419;3.855724692;7.98994711;7.943738594
397;-0.527338147;10043;82;8.869744312;4.554438097;8.5725963;8.33676566
398;-0.306174725;10043;83;9.344765664;4.24735978;8.562999556;9.03275236
399;-0.159974352;10043;84;9.121375846;3.620777769;8.280969657;8.955257958
400;-0.114692539;10043;85;9.423945372;3.754427972;8.217262451;9.309825861
401;-0.11887797;10043;86;9.536731834;3.87217805;8.205290865;9.411792864
402;-0.111577652;10043;87;9.768532044;3.676337659;8.359005631;9.651450975
403;-0.130713373;10043;88;9.888735723;3.569000862;8.604712;9.752565298
404;-0.095302679;10043;89;9.951863382;4.294179108;8.545903447;9.852634437
405;-0.052833673;10044;81;10.71894086;4.121355001;7.624644139;10.66647594
406;-0.053244658;10044;82;10.83203875;3.877101041;8.132692002;10.77826929
407;-0.079979874;10044;83;10.63631874;4.18379697;8.518854603;10.55241627
408;-0.079833448;10044;84;10.59887149;4.233158794;8.68881028;10.51457782
409;-0.086553112;10044;85;10.47377411;4.291807889;8.697482819;10.38488694
410;-0.0950628;10044;86;10.32236068;4.286475661;8.660569687;10.21903237
411;-0.101087287;10044;87;10.27861117;4.536885807;8.650612883;10.16825173
412;-0.094602101;10044;88;10.31809718;4.667164217;8.722482599;10.21569154
413;-0.105504133;10044;89;10.36592614;4.962071789;9.040002813;10.25158159
414;-0.102145411;10044;90;10.56634928;4.712012582;9.081532849;10.45883913
415;-0.103327312;10044;91;10.77559779;5.084686814;9.278959515;10.6709378
416;-0.560597241;10046;82;8.567200063;4.354730957;7.393049505;8.012060722
417;-0.517353773;10046;83;8.486204084;4.634598687;7.525334917;7.970422408
418;-0.438274533;10046;84;8.46836099;4.55096747;7.635253406;8.036338085
419;-0.558747888;10046;85;8.6249913;4.415026644;7.812295011;8.08044533
420;-0.578787565;10046;86;8.519458397;4.505520971;8.331839111;7.950982512
421;-0.244710296;10047;81;6.695180679;2.344484205;4.618597774;6.450565297
422;-0.243426576;10047;82;6.938530962;2.357328682;4.55122115;6.695107751
423;-0.272630364;10047;83;7.174436478;2.357954536;4.449391187;6.901961305
424;-0.398790985;10047;84;7.218763034;2.889554125;4.618158741;6.819689213
425;-0.372346699;10047;85;7.105717131;2.983169426;5.850380465;6.732738569
426;-0.399171531;10047;86;7.070345483;3.454436712;5.798483597;6.669562918
427;-0.402931094;10047;87;7.185756672;3.510952903;5.920249245;6.781060744
428;-0.23544696;10047;88;7.749755826;3.523117942;5.801197538;7.513121966
429;-0.209895656;10047;89;7.940001162;3.379828228;5.878748674;7.730057331
430;-0.208387479;10047;90;7.987169733;3.547310431;5.815156125;7.78173915
431;-0.242516339;10047;91;8.067363597;3.601096066;5.778003639;7.828674832
432;-0.59275353;10048;81;11.01329527;5.211046334;8.696362977;10.42342014
433;-0.830095351;10048;82;11.03955655;5.237646033;8.677968781;10.21159591
434;-0.284136415;10048;83;10.56488644;5.235198004;8.72206624;10.27802285
435;-0.227326691;10048;84;10.61052088;5.124093217;8.78122471;10.37791753
436;-0.241223454;10048;85;10.57365833;5.103520643;8.805739709;10.33746451
437;-0.767187595;10048;86;11.04297233;5.071840515;8.812409699;10.28622338
438;-0.68980372;10048;87;11.15814772;5.175334478;9.231553233;10.47728577
439;-0.604198575;10048;88;11.36861791;5.274209592;9.372737702;10.77154642
440;-0.693674088;10048;89;11.25284366;5.312302973;10.06000031;10.56662495
441;-0.691679239;10048;90;11.15075027;5.285686974;10.6376359;10.46581239
442;-0.647161961;10048;91;11.40212832;5.241093661;10.86905323;10.75841497
443;-0.628959358;10049;81;8.755595745;4.570369488;7.9353945;8.145594168
444;-0.669646204;10049;82;8.919315218;4.549034494;8.238610028;8.26553845
445;-0.649186134;10049;83;8.975634012;4.53914961;8.421336739;8.350635441
446;-0.62643528;10049;84;9.009858683;4.800754587;8.471705177;8.416652422
447;-0.651355326;10049;85;9.107330499;4.513674727;8.547522328;8.491695179
448;-0.6689533;10049;86;9.226542296;4.36588147;8.624299818;8.584947849
449;-0.772521198;10049;87;9.259326388;5.002729779;8.939411321;8.524906919
450;-0.746876657;10049;88;9.488859647;5.28965785;9.065326341;8.77517497
451;-0.689484894;10049;89;9.548060574;5.344228416;9.050334596;8.870474052
452;-0.695643067;10049;90;9.514745671;5.441703199;9.174166575;8.832104648
453;-0.681060076;10049;91;9.63826491;5.447404852;9.222053053;8.96725267
454;-0.24139598;10050;81;8.74766979;3.969001858;7.783383102;8.511456161
455;-0.263417453;10050;82;8.919315218;4.016730064;7.787476639;8.659974603
456;-0.214615926;10050;83;9.082055127;4.087249546;7.704122062;8.874126676
457;-0.23009339;10050;84;9.237904145;4.116543971;7.728459621;9.003070831
458;-0.220209107;10050;85;9.158399767;4.092368505;7.634326965;8.934771744
459;-0.174260676;10050;86;9.220518574;4.091593245;7.606039936;9.042229435
460;-0.183520064;10050;87;9.251204772;4.151185815;7.741795937;9.064562646
461;-0.168409452;10050;88;9.404321394;4.240817045;7.910096477;9.220850088
462;-0.199676648;10050;89;9.300354414;4.283949129;7.844093898;9.092620921
463;-0.236457676;10050;90;9.358686543;4.19298209;7.836560926;9.11793582
464;-0.272209436;10050;91;9.113823986;4.260846498;7.755080936;8.832974463
465;-0.42287761;10051;81;8.426808838;3.754799729;5.883816838;8.005180503
466;-0.274790943;10051;82;8.591254615;3.45165445;7.275678901;8.31522366
467;-0.274618208;10051;83;8.712679421;4.559486961;7.611627576;8.437312686
468;-0.458593696;10051;84;8.77773714;4.52905021;7.299191698;8.304959334
469;-0.377080828;10051;85;8.579633627;4.474208296;7.281327441;8.187764625
470;-0.275395781;10051;86;8.458216881;4.354649706;7.24797276;8.178704206
471;-0.27089417;10051;87;8.340196573;4.130812855;7.375738436;8.060699993
472;-0.255364239;10051;88;8.472263856;4.085279423;7.31979597;8.214421672
473;-0.263194084;10051;89;8.463647156;4.197821286;7.264745383;8.19766544
474;-0.281404078;10051;90;8.553254434;4.472426273;7.270913203;8.272464528
475;-0.281344205;10051;91;8.697632362;4.654667309;7.210706294;8.407111806
476;-0.2891514;10052;81;8.358900612;3.572299946;6.933897512;8.070695266
477;-0.28295967;10052;82;8.321493086;3.621377256;7.125441977;8.039032871
478;-0.591356993;10052;83;8.074795762;3.741570882;7.110758103;7.477881072
479;-0.537173092;10052;84;8.056326676;3.773161708;7.4684553;7.507191288
480;-0.34335953;10052;85;8.131749552;3.796092415;7.481657135;7.786148508
481;-0.545656621;10052;86;7.646527044;3.782591039;7.483429701;7.088370873
482;-0.419979364;10052;87;7.899680127;3.782728839;7.464480034;7.472965739
483;-0.346839339;10052;88;7.606954907;3.637441793;7.382566213;7.255888819
484;-0.598531544;10052;89;7.308469863;3.583354787;7.299580751;6.705271023
485;-0.060042091;10052;90;7.019494371;3.07412291;7.217654323;6.964766072
486;-0.239972159;10052;91;6.992612176;2.97641679;7.136793046;6.759598269
487;-0.58403933;10053;81;8.660306001;3.627672981;6.834976126;8.073258209
488;-0.593028367;10053;82;8.626780056;3.505405118;7.430434757;8.026768081
489;-0.63148886;10053;83;8.605592919;4.085790561;7.424640994;7.948976015
490;-0.41706118;10053;84;8.690967172;4.216348864;7.260843635;8.243002127
491;-0.414910138;10053;85;8.880162678;4.380903625;7.447205727;8.464141671
492;-0.447085202;10053;86;8.886101691;4.281982893;7.455707539;8.445744391
493;-0.40897733;10053;87;8.982761033;4.320437759;7.804220704;8.582145201
494;-0.519766808;10053;88;9.033737316;4.464424197;7.948452894;8.522479584
495;-0.594163537;10053;89;9.129167811;4.501212579;8.135850983;8.549080421
496;-0.485868841;10053;90;8.972863013;4.630431678;8.114719917;8.501239754
497;-0.479712754;10053;91;9.014155229;4.663083976;8.169541243;8.54831725
498;-0.337544411;10054;81;9.534617102;5.051874194;6.997721058;9.200876295
499;-0.532194436;10054;82;9.739932931;5.055605314;7.314664169;9.214125874
500;-0.309182793;10054;83;9.492271417;4.823244882;7.311951842;9.187176593
501;-0.290467173;10054;84;9.264726272;4.769810353;7.271483634;8.977637297
502;-0.348310888;10054;85;9.328639073;4.745939563;7.433480532;8.98253638
503;-0.204159826;10054;86;9.295440671;4.589752333;7.494466944;9.095467964
504;-0.336406887;10054;87;9.458236062;4.716520494;7.887534726;9.123812365
505;-0.390768528;10055;81;8.654848552;4.0871761;7.129019722;8.268431181
506;-0.526533306;10055;82;8.563361618;4.072897529;7.999388436;8.067536006
507;-0.337220341;10055;83;8.973280737;4.244808361;8.024899218;8.628064637
508;-0.34946087;10055;84;9.222275794;4.467024982;8.033248935;8.861573599
509;-0.332431316;10055;85;9.348369241;4.25526332;8.059673654;9.004871367
510;-0.268061727;10055;86;9.467604287;4.416234949;8.093267346;9.187253847
511;-0.266815007;10055;87;9.700141183;4.48568149;8.301744083;9.426299348
512;-0.253338456;10055;88;9.733813953;4.809747488;8.347107679;9.472775472
513;-0.249329016;10055;89;9.919723394;5.103327155;8.400954495;9.66275746
514;-0.242231831;10055;90;9.835930626;5.150198631;8.415275203;9.585639064
515;-0.247439399;10055;91;9.890604729;4.91343323;8.428799361;9.634834728
516;-0.11363963;10056;81;9.289160758;4.261936863;5.935057508;9.175859821
517;-0.124587826;10056;82;9.664962454;4.48802729;6.452272661;9.540497931
518;-0.199641645;10056;83;9.629379921;4.640946096;6.691896379;9.429880642
519;-0.230974808;10056;84;9.594256004;4.590494;6.746382866;9.362728534
520;-0.210309327;10056;85;9.723979183;4.93785566;6.681843924;9.510987424
521;-0.231567234;10056;86;9.647091337;4.755753742;6.638869005;9.413322111
522;-0.227502376;10056;87;9.476572896;4.832674212;6.590388992;9.245636439
523;-0.250364274;10056;88;9.449321208;4.794851058;6.513123248;9.194771066
524;-0.231913358;10056;89;9.181929544;4.756629499;6.446299001;8.947695873
525;-0.325072974;10056;90;9.049217182;4.671891905;6.468407108;8.721907971
526;-0.448204041;10057;81;9.686500002;5.419244597;8.008405529;9.243187621
527;-0.324460179;10057;82;9.931831171;5.634416347;8.371434899;9.610695179
528;-0.327708036;10057;83;10.05981791;5.760332188;8.595558953;9.735483709
529;-0.380704194;10057;84;10.00593978;5.227338882;9.032018929;9.630613399
530;-0.353051603;10057;85;10.17154838;4.245359336;9.105496433;9.827482184
531;-0.372278363;10057;86;10.11427999;4.510586823;9.159432591;9.748790776
532;-0.387373716;10057;87;10.0889178;4.500072511;9.221214433;9.707872362
533;-0.357480466;10057;88;10.19233384;4.778714435;9.310963561;9.837491094
534;-0.26066494;10057;89;10.33815453;4.290431327;9.25339163;10.08050806
535;-0.293100953;10057;90;10.26442174;3.977521344;9.258727181;9.974836267
536;-0.51394397;10057;91;10.30017171;4.659200488;9.203385973;9.792181227
537;-0.304216534;10058;84;6.847690071;2.847238337;5.169244231;6.546529416
538;-0.230416879;10058;85;6.679174457;2.245339049;5.051247013;6.451950851
539;-0.419596612;10058;88;6.541846638;2.319169675;5.203034683;6.124268613
540;-0.291599721;10058;89;6.568382269;2.197930683;5.093073343;6.278135213
541;-0.262576431;10058;90;6.408109803;2.282588592;4.885954362;6.146757654
542;-0.285630047;10058;91;6.418179623;2.372632452;4.778729123;6.130680208
543;-0.371809632;10059;81;9.218249055;4.980726824;6.964145766;8.855703389
544;-0.299756914;10059;82;8.942104961;4.630971089;7.768310814;8.649407445
545;-0.135649085;10059;83;8.348804819;4.4748069;8.126430049;8.226256545
546;-0.504204631;10059;84;8.657605737;4.516664857;8.228335428;8.167056744
547;-0.411867678;10059;85;9.235548477;4.438805838;8.212727173;8.831809883
548;-0.342604935;10059;86;9.037826345;4.541796513;8.181430996;8.697479475
549;-0.300845444;10059;87;8.93663125;4.480773839;8.162258571;8.639238485
550;-0.296165049;10059;88;8.721862929;4.437366482;8.132677012;8.428496339
551;-0.292369783;10059;89;8.665075101;4.44914295;8.096239588;8.374909659
552;-0.401671231;10059;90;8.354475828;3.932100178;8.102824255;7.960305734
553;-0.32810542;10059;91;8.172126186;3.96737193;8.046391979;7.845447486
554;-0.279428959;10060;81;9.141161727;3.97972636;8.789775952;8.863670801
555;-0.234735772;10060;82;9.542479714;3.961067886;8.925968635;9.309263248
556;-0.199904755;10060;83;9.353009768;4.34974482;9.175115073;9.15570742
557;-0.078649893;10060;84;9.633250986;4.55662948;9.387902411;9.557842929
558;-0.238897473;10060;85;8.604351986;4.18905473;9.484623854;8.36927827
559;0.003149432;10060;86;9.690547143;3.489553637;9.557614755;9.694616841
560;-0.020697894;10060;87;9.724789851;3.293023812;9.531218576;9.705500016
561;-0.002600651;10060;88;9.208491105;3.150427081;9.533541198;9.206179285
562;-0.283599705;10061;81;8.284049796;4.355941778;5.628102692;8.002067319
563;-0.415727735;10061;82;8.656957427;4.710024821;5.560481369;8.243290036
564;-0.371106267;10061;83;8.899212803;4.32236775;6.200836952;8.530038365
565;-0.367793888;10061;84;8.540808433;4.207839514;5.869733202;8.175855524
566;-0.433439881;10061;85;9.311957768;4.57729471;5.720495566;8.878303052
567;-0.286531091;10061;86;9.211374017;4.889065419;5.861889377;8.924677743
568;-0.333506763;10061;87;9.491744945;5.05776926;6.465287302;9.157868958
569;-0.40741837;10061;88;9.35013747;5.089897104;6.56471146;8.942796221
570;-0.416092008;10061;89;9.492125625;5.060706763;6.659948894;9.075306288
571;-0.403844804;10061;90;9.364917133;4.907168691;6.922312563;8.96056273
572;-0.275898486;10061;91;9.551447706;5.273799503;6.916198054;9.275187866
573;-0.223097935;10062;81;10.95071704;5.43627562;9.809984518;10.72658854
574;-0.056478653;10062;82;11.12748286;5.620195293;10.92266967;11.07160489
575;-0.161734745;10062;83;11.17144488;5.522513464;10.95679277;11.01486335
576;-0.002165575;10062;84;10.50473508;5.799840795;10.94526415;10.50594911
577;-0.079446882;10062;85;11.01903512;5.663697822;10.83715126;10.94499984
578;-0.398368597;10062;86;11.22605608;5.758801841;10.89117192;10.83286802
579;-0.091454953;10062;87;11.33832512;5.696845731;10.96872576;11.24852912
580;-0.045120604;10062;88;11.441233;5.946307382;10.96295179;11.39787746
581;-0.043949753;10062;89;11.50600422;5.907304686;10.9785787;11.46315798
582;-0.138625994;10062;90;11.47281383;6.006457109;10.93887081;11.33560311
583;0.0129333;10062;91;11.69528537;6.19082532;10.94247976;11.71231787
584;-0.387125164;10063;81;12.89782432;6.666580493;10.13869044;12.51287237
585;-0.382555425;10063;82;12.90722442;6.709611851;10.30991197;12.52621745
586;-0.276083469;10063;83;12.92584966;6.874396477;10.36450426;12.64834641
587;-0.501635849;10063;84;13.14805452;6.887765362;10.76581844;12.64315199
588;-0.423716486;10063;85;13.0711983;6.795578576;10.74930301;12.64276779
589;-0.441413581;10063;86;13.15941455;6.913579593;10.86300464;12.71387499
590;-0.369276702;10063;87;13.10045175;6.521992803;10.97652806;12.7273019
591;-0.460060149;10063;88;13.27745932;7.045674917;11.30696651;12.81378916
592;-0.444997698;10063;89;13.23959237;7.231466914;11.63533431;12.78994663
593;-0.431635857;10063;90;13.34680419;7.187422592;11.77211529;12.91266166
594;-0.185387999;10064;81;12.28696533;6.227628614;9.201417182;12.09400654
595;-0.203615695;10064;82;11.97368168;5.879549632;9.436986999;11.76237466
596;-0.245720357;10064;83;12.07327081;6.070026056;9.430960508;11.8253298
597;-0.200989395;10064;84;12.12096485;6.308560379;9.427381435;11.92012896
598;-0.17585367;10064;85;12.16567439;6.049104192;9.362184348;11.99436048
599;-0.439421654;10064;86;12.06761503;5.828616243;9.292824598;11.64452853
600;-0.423038542;10064;87;11.97975776;5.819953698;9.266191948;11.55230151
601;-0.417662203;10064;88;12.29025696;5.833848078;9.332607091;11.87688931
602;-0.483244061;10064;89;12.32242987;5.937803581;9.374016274;11.84190868
603;-0.618794441;10064;90;12.27574227;5.908949577;9.691181547;11.65727341
604;-0.582362175;10064;91;12.03157007;5.991938297;9.797123495;11.4531398
605;-0.145278469;10065;81;10.02882859;4.196563284;8.331922799;9.881960627
606;-0.167447358;10065;82;10.11251815;4.200145197;8.504862895;9.943377175
607;-0.146780714;10065;83;10.23495622;4.595519812;8.549560451;10.08631948
608;-0.171124026;10065;84;9.929974857;4.078700638;8.556335964;9.756996315
609;-0.198513463;10065;85;9.861542695;4.449318791;8.511218346;9.663896988
610;-0.172450513;10065;86;10.02850004;5.127913283;8.547704115;9.853398405
611;-0.178040728;10065;87;9.917583536;4.32044496;8.497697445;9.738358602
612;-0.17625989;10065;88;10.26926758;3.878045657;8.479197805;10.09137805
613;-0.150709152;10065;89;10.77118562;4.170104595;8.933065415;10.62266715
614;-0.19154869;10065;90;10.82293727;4.204784168;8.940097728;10.63383427
615;-0.216646254;10065;91;10.63033005;4.254643145;9.308577992;10.41778149
616;-0.200450793;10066;81;12.47439795;6.568850668;10.25686883;12.27929566
617;-0.253029883;10066;82;12.68082883;6.701857936;10.30011391;12.43096698
618;-0.255844176;10066;83;12.60430909;6.550494575;10.44184778;12.34846414
619;-0.2018089;10066;84;12.8297088;6.643571556;10.44385977;12.62299211
620;-0.20746471;10066;85;12.73714418;6.503821987;10.48385516;12.5256277
621;-0.264157414;10066;86;12.66450124;6.644848704;10.52881584;12.39555826
622;-0.241095558;10066;87;12.61715207;6.519855513;10.55237442;12.37094864
623;-0.289732665;10066;88;12.85281964;6.534260507;10.57061295;12.55751376
624;-0.266105145;10066;89;12.81996319;6.534261305;10.58802936;12.5466953
625;-0.313234359;10066;90;12.72030499;6.430965492;10.59830151;12.40493183
626;-0.347975135;10066;91;12.56314792;6.430884964;10.6169749;12.21389765
627;-0.331892073;10067;81;12.00529641;5.417373869;9.17630903;11.6766245
628;-0.205779225;10067;82;12.17528784;5.719849804;9.295892694;11.97167212
629;-0.286641032;10067;83;12.17321414;5.377735372;9.530074533;11.88853149
630;-0.138215482;10067;84;12.30737153;5.44801264;9.662773735;12.17155213
631;-0.200178072;10067;85;12.27394119;5.539529961;10.40840883;12.07610979
632;-0.196488753;10067;86;12.27122348;5.522077732;10.46150105;12.07844557
633;-0.289068252;10067;87;12.50373247;5.653899596;10.47878191;12.21764627
634;-0.155598328;10067;88;12.45998192;5.459146809;10.60485573;12.30671221
635;-0.215707034;10067;89;12.42911569;5.473700323;10.70749298;12.21533795
636;-0.211434335;10067;90;12.72734588;5.657039956;10.79133846;12.51730926
637;-0.214790285;10067;91;12.52958074;5.733470944;10.83456899;12.31612567
638;-0.233111411;10068;81;9.054843832;4.275479044;6.715100661;8.824833555
639;-0.266292125;10068;82;9.351748547;4.038703045;6.767047669;9.087827185
640;-0.202698067;10068;83;9.446375161;3.716387255;6.789942198;9.244812562
641;-0.258394301;10068;84;9.557824853;3.794063706;6.780792666;9.296757163
642;-0.183743805;10068;85;9.5759343;3.850638035;7.627784818;9.386175852
643;-0.224936634;10068;86;9.666989231;3.729667055;7.711354216;9.43774281
644;-0.195274711;10068;87;9.811981573;3.786380942;7.825125701;9.607990517
645;-0.241603613;10068;88;9.882010716;4.01524119;7.76777654;9.633930652
646;-0.165353149;10068;89;9.758885508;4.184273588;7.711410398;9.584167932
647;-0.194432378;10068;90;9.932670924;4.144302674;7.97852412;9.731504865
648;-0.237935334;10068;91;9.955192735;4.116770725;8.087815312;9.710583558
649;-0.253850698;10069;81;12.75762287;6.708472204;10.32287881;12.50861443
650;-0.300039619;10069;82;12.71788125;6.683845672;10.47487232;12.4205768
651;-0.372531652;10069;83;12.745403;6.709907067;10.52045096;12.37495924
652;-0.23717235;10069;84;12.95469829;6.64817701;10.63286081;12.72082022
653;-0.24916245;10069;85;12.96580181;6.606318479;11.09694377;12.72066109
654;-0.282478005;10069;86;12.92356367;6.614798742;11.1175677;12.64445196
655;-0.265148014;10069;87;13.07956704;6.654922321;11.38139867;12.81682567
656;-0.21262297;10069;88;13.13207507;6.714198677;11.4418763;12.92206011
657;-0.198330432;10069;89;13.12989792;6.855046124;11.39300275;12.93288487
658;-0.28880924;10069;90;13.29364189;7.211669428;11.41477647;13.00675813
659;-0.418443024;10069;91;13.35879465;7.089121179;11.55174999;12.94236552
660;-0.251318932;10070;81;12.61083386;6.79697476;10.45008165;12.36576921
661;-0.289042532;10070;82;12.61409677;6.803973852;10.7891517;12.32686428
662;-0.327283949;10070;83;12.76026069;6.987290158;11.3317313;12.4487721
663;-0.259414047;10070;84;12.69037733;6.98672868;11.56941818;12.42046382
664;-0.246646941;10070;85;12.67529061;7.01448;11.55576028;12.41459958
665;-0.250524074;10070;86;12.78816273;6.859859207;11.57535691;12.5246166
666;-0.246530309;10070;87;12.71677679;6.70736974;11.5954769;12.46327632
667;-0.219063669;10070;88;12.63163098;7.132364748;11.56176347;12.39547067
668;-0.293374181;10070;89;12.68594664;7.018958446;11.54353901;12.38028714
669;-0.242347643;10070;90;12.77448667;6.842324759;11.59187686;12.51741444
670;-0.174584061;10070;91;12.62915724;6.815201538;11.55822159;12.44395603
671;-0.293926239;10071;81;9.941876151;3.668831872;7.949541503;9.654710138
672;-0.328351647;10071;82;10.05311314;3.678154441;8.497169239;9.726760979
673;-0.269038409;10071;83;10.06257039;3.49912656;8.590704006;9.795681667
674;-0.206769034;10071;84;10.233348;3.790235648;8.901925717;10.02898597
675;-0.235384122;10071;85;10.17466957;3.321400008;8.924786047;9.942343679
676;-0.210048676;10071;86;10.19884478;3.490859879;8.937021643;9.990109352
677;-0.205977246;10071;87;10.25341552;3.461022602;9.058811724;10.04814696
678;-0.24183245;10071;88;10.44811716;3.508414198;9.133313782;10.21390324
679;-0.233890355;10071;89;10.60448615;3.446418985;9.079851445;10.37968048
680;-0.222920269;10071;90;10.55699013;3.579605571;9.018744338;10.34019794
681;-1.068028927;10072;81;5.486869473;2.718802971;7.239926637;4.489372807
682;-0.093323603;10072;82;8.99170538;3.437061856;6.956931576;8.898585043
683;-0.15401341;10072;83;9.440758571;4.510720156;8.213413892;9.284139773
684;-0.19960402;10072;84;9.917430617;4.697365153;8.444688126;9.710755036
685;-0.173367873;10072;85;9.931710322;4.876625853;8.581913276;9.752147973
686;-0.214512587;10072;86;9.980781474;4.855499547;8.800018788;9.752353931
687;-0.302791953;10072;87;10.10934045;4.739535753;8.974090123;9.797389134
688;-0.210018754;10072;88;10.43093209;5.164305686;9.286905556;10.21820626
689;-0.322234273;10072;89;10.41624826;5.319544927;9.546886825;10.08302758
690;-0.243587852;10072;90;10.50218936;5.251789024;10.10682556;10.2492209
691;-0.346766561;10072;91;10.66585885;5.328727558;10.05874833;10.31716365
692;-0.243098095;10073;81;11.35208628;5.787869726;9.165941942;11.11932856
693;-0.209476575;10073;82;11.95131517;5.915344406;9.893879827;11.74667223
694;-0.191053376;10073;83;12.29093906;6.038310524;9.896498636;12.10642149
695;-0.142748982;10073;84;12.14405611;6.059493545;9.900451307;12.00647595
696;-0.218002692;10073;85;12.1235973;6.085543764;9.872228049;11.9099012
697;-0.232860699;10073;86;12.11947578;6.113659764;10.16160913;11.88986956
698;-0.191014498;10073;87;12.28047682;6.025705928;10.15034603;12.0927644
699;-0.209186032;10073;88;12.36458287;6.176178932;10.26852298;12.15928522
700;-0.143649876;10073;89;12.46224627;6.295849269;10.22574031;12.31774014
701;-0.230430081;10073;90;12.57943114;6.321675067;10.2156558;12.3475695
702;-0.184434026;10073;91;12.51458921;6.422046347;10.43433556;12.33267955
703;-0.101874456;10074;81;11.10508198;4.67973336;8.838867158;11.00596113
704;-0.141809195;10074;82;11.21741355;4.647978342;8.905792056;11.07798452
705;-0.133479968;10074;83;11.31780862;4.779075664;8.926422041;11.18587737
706;-0.10435836;10074;84;11.43821396;4.770831447;8.965681744;11.33853832
707;-0.115643039;10074;85;11.55911538;4.560661413;8.941801115;11.44878045
708;-0.10178411;10074;86;11.35585289;4.768513776;8.968448432;11.26098862
709;-0.139923543;10074;87;11.21509152;4.755930136;9.004652287;11.08236927
710;-0.195533633;10074;88;11.35801438;4.815416594;9.098197249;11.16908687
711;-0.206449077;10074;89;10.97990003;4.814213018;9.176560984;10.77866955
712;-0.243122563;10074;90;11.11542678;4.896896841;9.742498817;10.87495552
713;-0.214683235;10074;91;11.21167551;5.018953668;9.784548062;10.99752756
714;-0.157280773;10075;81;11.16211188;5.585131104;10.16225604;11.0012255
715;-0.252917677;10075;82;11.32212138;5.288507135;10.37811688;11.06745755
716;-0.254799306;10075;83;11.42731626;5.264809309;10.39144507;11.17007021
717;-0.330633521;10075;84;11.87589639;5.153346542;10.38865012;11.54294169
718;-0.168832973;10075;85;11.92938677;4.734101849;10.48193802;11.76173152
719;-0.15338318;10075;86;11.88035311;5.204910069;10.45292865;11.7315851
720;-0.164449006;10075;87;11.83966252;5.412656232;10.44773722;11.67744331
721;-0.198682845;10075;88;11.77589135;5.510245674;10.42670931;11.57973117
722;-0.19881475;10075;89;11.93677072;5.716883536;10.46306472;11.74249352
723;-0.182226673;10075;90;11.73036993;5.631499415;10.99278853;11.55317254
724;-0.072995506;10075;91;11.70721072;6.505040049;11.09618045;11.63927614
725;-0.239677459;10076;81;11.74059712;5.428672476;9.099894792;11.50222545
726;-0.191473112;10076;82;11.76207309;5.249780184;9.223003411;11.57222318
727;-0.134268448;10076;83;11.70775287;5.637726418;9.842640024;11.57500807
728;-0.186505049;10076;84;11.73392109;5.794293225;9.810793547;11.54930222
729;-0.098665491;10076;85;11.97000997;5.810713381;9.834744162;11.87279243
730;-0.064675607;10076;86;11.80963797;5.797749997;9.817728161;11.74686713
731;-0.128803715;10076;87;11.8947485;5.873551002;9.767130632;11.77020676
732;-0.25586465;10076;88;11.85780224;5.661549955;9.740297672;11.60268204
733;-0.165599942;10076;89;11.87116509;5.566644908;9.718040374;11.70846514
734;-0.345067054;10076;90;11.66390362;4.994732535;9.728175978;11.32169752
735;-0.391464502;10077;81;11.48501247;5.788869062;9.650162119;11.09784163
736;-0.371459216;10077;82;10.9030956;4.798051333;9.930331717;10.52996801
737;-0.470959663;10077;83;11.53534186;5.739788496;10.2629049;11.06219798
738;-0.364544868;10077;84;11.62739378;5.676243339;10.48455912;11.26483083
739;-0.263903677;10077;85;11.66073948;4.990147092;10.85775168;11.3993139
740;-0.25771445;10077;86;11.59708407;5.244863987;10.98643686;11.3494743
741;-0.23896341;10077;87;11.41525768;5.161551291;10.89787851;11.17949533
742;-0.405670285;10077;88;11.52883042;5.216434059;10.84679883;11.12565945
743;-0.250128746;10077;89;11.7105953;5.133557284;10.84304549;11.46223347
744;-0.141580492;10077;90;12.1530293;5.131686007;10.81752379;12.01235961
745;-0.121012524;10077;91;11.81794274;5.364025981;10.76322463;11.69770162
746;-0.127267361;10078;81;10.69788409;4.104883581;6.802846254;10.57657212
747;-0.08637394;10078;82;10.66397773;4.395710317;6.969914453;10.57234794
748;-0.073604561;10078;83;10.7474736;4.308388098;7.517613925;10.66924442
749;-0.106811315;10078;84;10.64656989;4.467245613;7.598243838;10.5327535
750;-0.131093577;10078;85;10.56588493;4.405286594;7.601447904;10.42820568
751;-0.06516318;10078;86;10.44865369;4.469008384;7.881995643;10.37543412
752;-0.071958549;10078;87;10.45411001;4.60775831;8.024779142;10.37406414
753;-0.046213172;10078;88;10.33711771;4.386143458;8.195761091;10.28497443
754;-0.117426023;10078;89;10.50392026;4.459957851;8.301064347;10.38467143
755;-0.167628556;10078;90;10.58874293;4.340106756;8.279757935;10.42197229
756;-0.248981237;10078;91;10.55422864;4.511146867;8.64343583;10.30524181
757;-0.261603385;10079;81;9.179396491;4.498302068;6.387652646;8.93424849
758;-0.235603929;10079;82;9.199637697;4.47973892;6.404125888;8.979254906
759;-0.275212109;10079;83;9.199651022;4.67736877;7.306159384;8.946581116
760;-0.266149223;10079;84;9.24371829;4.469545277;7.451713976;8.995915538
761;-0.210729271;10079;85;9.259776812;4.216543335;7.390484825;9.058306379
762;-0.21843566;10079;86;9.217082437;4.257290202;7.409269374;9.006425673
763;-0.218319684;10079;87;9.479430017;4.305031909;7.545734094;9.266085923
764;-0.167221248;10079;88;9.656533095;4.256372979;7.509437265;9.493683749
765;-0.20552437;10079;89;9.745897289;4.284409146;7.567009137;9.545662603
766;-0.182459563;10079;90;9.758392685;4.315192695;7.629950807;9.580873225
767;-0.207020849;10079;91;9.72083344;4.379990662;7.661728922;9.523286921
768;-0.13929823;10080;81;9.053534526;3.783267266;6.867147012;8.927931999
769;-0.108401619;10080;82;9.37779901;3.68157401;6.772910175;9.272524898
770;-0.090811305;10080;83;9.41335886;3.608836738;7.044157942;9.320470763
771;-0.053820536;10080;84;10.10688222;3.58759204;7.514698241;10.0524075
772;-0.050972182;10080;85;9.948519828;3.521407122;7.554333609;9.895866004
773;-0.050822917;10080;86;9.287204928;3.412493948;7.646254568;9.232012803
774;-0.07061334;10080;87;9.526301012;3.375081429;7.610737059;9.455627558
775;-0.06797453;10080;88;9.144677886;3.449266187;7.81580295;9.072351515
776;-0.075715959;10080;89;9.194751427;3.135164937;7.783922015;9.118687772
777;-0.174559996;10080;90;8.652599364;3.055344636;7.723375003;8.478644409
778;-0.174128219;10081;81;11.26198668;5.047499957;7.683839375;11.08807874
779;-0.021651644;10081;82;11.34754933;5.129873614;7.679955495;11.32588875
780;-0.021354938;10081;83;11.30026795;5.151270366;7.644883366;11.27888506
781;-0.092810526;10081;84;10.88424412;4.020407836;7.595082333;10.79222577
782;-0.986217141;10081;86;12.50303527;3.290176822;7.877956045;11.51689142
783;-0.092429571;10081;87;11.39795941;3.640876939;7.804113615;11.30483398
784;-0.477478057;10081;88;11.37414873;3.489355848;8.161735907;10.89578785
785;-0.092278361;10081;89;11.33865931;2.166357765;8.136687857;11.24771005
786;-0.098110154;10081;90;11.70095686;3.049796764;8.207512449;11.60358151
787;-0.181611791;10081;91;11.60622724;3.043146475;8.219243483;11.42505144
788;-0.166469157;10082;81;8.841332575;2.665276078;6.771029966;8.673689416
789;-0.469719946;10082;82;8.738745399;2.999705008;6.858967581;8.259070237
790;-0.660380781;10082;83;9.027663752;3.114273977;7.213012949;8.354530525
791;-0.12701875;10082;84;9.129579837;3.069098237;7.32447115;9.000301376
792;-0.075879402;10082;85;8.677586455;2.753506096;7.263221399;8.605129035
793;-0.109564938;10082;86;8.637591554;3.083185732;7.200098712;8.522494641
794;-0.240461901;10082;87;9.185333113;3.079196685;7.156171781;8.948455612
795;-0.174424455;10082;88;8.805100287;3.018123653;7.097914894;8.629792677
796;0.056957141;10082;89;8.704881587;3.05796379;7.217856755;8.759169077
797;-0.149847835;10082;90;8.555851566;3.242874108;7.847805452;8.405936421
798;-0.086126976;10082;91;9.038257703;3.407866202;7.746612096;8.952703748
799;-0.508220673;10083;81;10.22525213;4.789810486;6.249448056;9.718544907
800;-0.738084674;10083;82;10.30266405;4.826896779;6.189910904;9.566326465
801;-0.690396845;10083;83;10.50734085;4.908077447;6.209736204;9.818598141
802;-0.090174273;10083;84;9.65933543;4.930383358;6.448638365;9.573526125
803;-0.638243556;10083;85;9.856112763;4.597784888;6.397789678;9.223727897
804;-0.738219321;10083;86;11.04373563;4.34578265;6.49982724;10.30773121
805;-0.143133774;10083;87;10.46854753;4.445763868;6.677222587;10.32601224
806;-0.277121007;10083;88;9.392679425;4.068311096;6.549216154;9.1153391
807;-0.293225467;10083;89;9.277785614;3.811039038;6.489594349;8.982651165
808;-0.088347308;10083;90;9.864568958;3.852713222;6.531137394;9.77611062
809;-0.223616913;10083;91;9.657808402;2.616455625;6.507028621;9.428670168
810;-0.272483826;10084;81;10.73109136;4.564822294;6.752934697;10.45870977
811;-0.029398041;10084;82;10.60363188;4.759807002;7.517257038;10.57504035
812;-0.029858457;10084;83;10.51189786;4.839761571;7.481103905;10.48201917
813;-0.688598752;10084;84;10.8301787;3.782885284;7.445938003;10.14129201
814;-0.89957422;10084;86;12.34932218;3.127367073;7.448406304;11.44963941
815;-0.088105448;10084;87;11.55444664;3.661477041;7.475890477;11.46604847
816;-0.460529923;10084;88;11.58701643;3.512692492;7.432440107;11.12603785
817;-0.111421727;10084;89;11.26738192;2.410637457;7.486751249;11.15557373
818;-0.097676963;10084;90;11.36496312;2.942589853;7.783315768;11.26804004
819;-0.169767231;10084;91;11.64654391;3.129100205;8.023354148;11.47660148
820;-0.310547411;10085;81;9.804561801;4.594149136;7.259484247;9.50132655
821;-0.685720444;10085;82;10.18829188;4.83960069;7.304268081;9.506870659
822;-0.627027214;10085;83;10.11356185;4.649512199;7.279328769;9.4897944
823;-0.16586642;10085;84;9.023707425;4.407459397;7.330317215;8.865012635
824;-0.666624427;10085;85;9.774218714;4.806554107;7.279325065;9.119481297
825;-0.038063459;10086;81;10.38493793;5.245286756;6.647184528;10.34766756
826;-0.032045919;10086;82;10.52460352;5.023646994;6.59805141;10.49211924
827;-0.03414375;10086;83;10.1144157;4.289744845;6.607315578;10.07962384
828;-0.026925649;10086;84;10.46430864;4.107387602;6.599902303;10.43647538
829;-0.888149023;10086;86;11.83418956;3.25328396;6.690311396;10.94546941
830;-0.333501756;10086;87;10.96211754;2.995483524;6.631475884;10.62704705
831;-0.450082481;10086;88;10.37436336;2.916672424;6.676180979;9.921847465
832;-0.094882362;10086;89;10.49983319;3.094503151;7.392860069;10.40423384
833;-0.095480636;10086;90;11.23804835;3.030828066;7.409135852;11.14219891
834;-0.120885119;10086;91;11.29404061;3.132205354;7.471611089;11.17243909
835;-0.282297224;10087;81;9.183554841;4.280702073;7.715823983;8.922717673
836;-0.637385666;10087;82;8.603142848;3.778482893;7.714979526;7.964058177
837;-0.178768218;10087;83;9.790776739;3.982871353;7.712609238;9.60872107
838;-0.212526247;10087;84;10.26878028;3.970428514;7.710399744;10.0567619
839;-0.016010456;10087;85;10.98106399;2.862968321;7.708339297;10.96605071
840;-0.910105646;10087;86;13.06861213;3.41400111;7.747036508;12.1582993
841;-0.238299713;10087;87;11.81202458;3.615419624;7.724176253;11.57368199
842;-0.166371658;10088;81;9.987221935;4.041248102;7.294946937;9.819379202
843;-0.103483632;10088;82;9.974509315;4.183557413;7.347666474;9.86919156
844;-0.087901793;10088;83;10.22653017;4.289810314;7.502428307;10.13836488
845;-0.12504378;10088;84;10.24585179;4.23235419;8.81520858;10.12232528
846;-0.109377943;10088;85;10.0586607;4.12256608;8.871823028;9.951204224
847;-0.11295826;10088;86;10.02720442;4.205423066;8.925978433;9.916531889
848;-0.092091434;10088;87;10.15671245;3.965348029;8.886986121;10.06487321
849;-0.084057033;10088;88;10.27779915;4.249423853;8.953558233;10.19486238
850;-0.076634288;10088;89;10.56997408;4.264426878;8.920805151;10.49362919
851;-0.070438154;10088;90;10.57656076;4.458321754;8.872001453;10.50610809
852;-0.092762195;10088;91;10.51882246;4.661025006;8.863524245;10.42880115
853;-0.096193045;10089;81;9.208689009;3.63327188;3.860780305;9.115076929
854;-0.168306828;10089;82;8.727083208;3.493195433;5.213339443;8.560839662
855;-0.307725489;10089;83;7.878715066;2.812330689;5.513658094;7.571590809
856;-0.128624946;10089;84;8.097367305;3.358341504;6.520115999;7.967234396
857;-0.152391076;10089;85;8.045764954;2.959693261;6.909937162;7.889183413
858;-0.092395835;10090;81;9.808643807;3.373528589;6.976162269;9.722577538
859;-0.091461875;10090;82;9.959720006;3.903900584;6.770222938;9.878684336
860;-0.127449811;10090;83;10.23058577;3.821877672;7.47689546;10.11458375
861;-0.09179686;10090;84;10.21826679;3.711304778;7.678183771;10.13909838
862;-0.061990436;10090;85;10.03917284;3.59726711;7.795148285;9.9858126
863;-0.089348942;10090;86;10.00633953;3.48768956;7.869385754;9.919477583
864;-0.088613123;10090;87;10.45952933;3.833978733;8.262140773;10.37421565
865;-0.109293699;10090;88;10.27521832;3.977225826;8.314475529;10.16987384
866;-0.132466227;10090;89;10.62200299;3.997930837;8.442656837;10.49077312
867;-0.410199106;10090;90;10.73899672;4.278575564;8.211437441;10.33853068
868;-0.220972195;10090;91;10.65285306;4.508766444;8.174338944;10.44442496
869;-0.383654505;10091;81;11.06613201;6.026204927;8.624113272;10.6887794
870;-0.351436853;10091;82;10.96308793;5.93309891;8.690393441;10.61362647
871;-0.459395915;10091;83;11.14828225;6.269433885;8.831149752;10.68595622
872;-0.263725132;10091;84;11.3179123;6.160406204;8.830469694;11.04938242
873;-0.327920407;10091;85;11.08440825;6.070978175;8.973919923;10.74657265
874;-0.343474895;10091;86;11.18588127;6.014480489;8.956849672;10.83252213
875;-0.398095757;10091;87;11.15164013;5.83755747;8.921549743;10.74217614
876;-0.543090761;10091;88;11.27760139;5.854009889;8.965029968;10.72341536
877;-0.612762511;10091;89;11.86043114;6.475959512;9.121563268;11.23449773
878;-0.620148063;10091;90;11.88165721;6.545609903;9.289639444;11.25133127
879;-0.657816172;10091;91;11.84271459;6.663556189;9.238131267;11.17922749
880;-0.034464758;10092;81;10.31920326;4.695272459;7.031778354;10.28508539
881;-0.045092732;10092;82;10.21034576;4.839864808;7.216961214;10.16674497
882;-0.040045597;10092;83;10.06796133;4.820322788;7.158609464;10.02786969
883;-0.566743851;10092;84;10.80583172;4.524675862;7.162074479;10.23645127
884;-0.897419512;10092;86;12.15153528;2.954828558;7.137953381;11.25395242
885;-0.095164672;10092;87;11.29276155;3.163749333;7.090405965;11.19712466
886;-0.436427921;10092;88;11.27628628;3.232226101;7.058803285;10.83932429
887;-0.082016349;10092;89;11.1799325;2.596587937;7.269474863;11.09845044
888;-0.090968885;10092;90;10.92831012;2.547758965;7.289210484;10.83775848
889;-0.123994768;10092;91;11.05607705;2.91154851;7.307138125;10.93228206
890;-0.10942848;10093;81;9.906438176;4.055710682;6.894960703;9.799512687
891;-0.380224168;10093;82;9.846623156;3.823265748;6.763249617;9.46706285
892;-0.197006285;10093;83;9.55186546;4.365736371;6.648163243;9.351879522
893;-0.136694819;10093;84;9.598323346;4.07175559;6.382764452;9.458806749
894;-0.281999737;10093;85;9.636850059;3.841012414;6.351367065;9.352069383
895;-0.186491266;10093;86;9.551192095;4.122129303;6.227181552;9.34989042
896;-0.208797872;10093;87;9.906908842;4.252446102;6.142223906;9.680600987
897;-0.131157517;10093;88;9.75075673;4.156986992;6.067437376;9.612438555
898;-0.08813142;10093;89;9.702761913;4.265202559;5.986383453;9.610875967
899;-0.073350206;10094;81;8.839276691;2.565004962;5.666895219;8.763815051
900;-0.077288896;10094;82;9.116712731;2.538852973;5.607555289;9.037344415
901;-0.076336704;10094;83;9.132155621;2.526582543;5.549027517;9.053644072
902;-0.143615544;10094;84;9.034301809;2.777669368;6.468777064;8.889397841
903;-0.047089987;10094;85;9.121069769;2.485581067;6.508267176;9.073957485
904;-0.067474164;10094;86;8.673012846;2.234257767;6.5932904;8.60489415
905;-0.083421953;10094;87;8.501673578;2.279765235;6.5479612;8.41404074
906;-0.124740213;10094;88;8.030802192;2.708970455;6.503393352;7.892091559
907;-0.327124804;10094;89;7.489480315;2.904419848;6.459580887;7.142181523
908;-0.373551428;10094;90;6.042389678;1.928637589;6.416517041;5.741016301
909;-0.436889023;10094;91;6.635128093;1.85241012;6.374194626;6.286983491
910;-0.328445345;10095;81;9.781127788;3.464305263;6.727603047;9.45142744
911;-0.220713511;10095;82;9.216573251;3.246546162;6.612142345;8.993211412
912;-0.161143616;10095;83;8.713144583;3.050800392;6.472912148;8.547007384
913;-0.114457525;10095;84;9.518351343;2.770213759;6.414575177;9.402050498
914;-0.199742362;10095;85;9.223898146;2.665592152;6.35800452;9.021698847
915;-0.119399831;10095;86;8.454108405;2.539409505;6.323828866;8.335210444
916;-0.17701596;10095;87;8.395466844;2.409736283;6.27015667;8.214009094
917;-0.10230419;10095;88;8.449904851;2.132967908;6.351799016;8.348341985
918;-0.143700317;10095;89;8.066783681;2.262821851;6.292163265;7.92135189
919;-0.172743052;10095;90;8.28611886;2.586834036;6.234536618;8.113520592
920;-0.172627434;10095;91;8.271284536;2.657939967;6.178883766;8.098032232
921;-0.118587479;10096;81;9.050007241;3.106846563;6.754658589;8.932012846
922;-0.202091917;10096;82;9.067053288;3.453425091;6.781758626;8.860104682
923;-0.071935423;10096;83;8.932260617;3.197419399;7.160167276;8.859151676
924;-0.029382512;10096;84;9.541644351;3.275108131;7.092349236;9.509575808
925;-0.134677485;10096;85;9.694840469;3.393721373;6.963793342;9.557051654
926;-0.152566582;10096;86;9.543255928;3.470656301;7.266656076;9.382846746
927;-0.08208409;10096;87;9.490602258;3.257271416;7.381052657;9.401247203
928;-0.11878413;10096;88;9.590613399;3.667015897;7.386201713;9.467906334
929;-0.083399475;10096;89;9.801626116;3.682964473;7.408013595;9.715308444
930;-0.110597119;10096;90;9.479557902;3.679855823;7.417223292;9.367704466
931;-0.075818256;10096;91;9.685873425;3.991313031;8.171255389;9.60899602
932;-0.299087554;10097;81;10.9211537;3.526333597;7.969301836;10.61910632
933;-0.159643158;10097;82;10.81955889;4.023357751;8.646481145;10.65708388
934;-0.121522777;10097;83;10.76672472;4.298357514;9.057497024;10.64326278
935;-0.18597132;10097;84;10.72612064;4.104003435;9.062924304;10.53545525
936;-0.051925443;10097;85;10.98088718;4.128210904;9.080698281;10.92817855
937;-0.160000384;10097;86;10.77698299;3.742257785;9.189559931;10.61680178
938;-0.124436542;10097;87;10.5901546;3.742149196;9.175854059;10.46884065
939;-0.086716652;10097;88;10.70012655;3.963389528;9.161268806;10.61555701
940;-0.063481331;10097;89;10.89769836;4.014795948;9.326999339;10.83424201
941;-0.121228553;10097;90;10.93144432;3.725994421;9.384452296;10.81037862
942;-0.108396508;10097;91;10.89464556;3.885394509;9.403434909;10.78787006
943;-0.375368446;10098;81;12.10453208;6.684359087;10.05936269;11.73290182
944;-0.314886928;10098;82;12.07889424;6.684022183;10.12588872;11.76522561
945;-0.284001559;10098;83;12.16605266;6.605096708;10.31038237;11.88295099
946;-0.469305009;10098;84;11.95226892;6.737634357;10.41415574;11.48583349
947;-0.362510741;10098;85;12.21585844;6.093305893;10.37107726;11.85566663
948;-0.515023768;10098;86;11.88192507;5.914865553;10.37383536;11.36966863
949;-0.392028034;10098;87;11.97121535;6.035616854;10.3932667;11.58122563
950;-0.398861349;10098;88;12.03357384;6.105410818;10.45329434;11.6366223
951;-0.367826968;10098;89;12.10417116;6.136231102;10.57419719;11.73784045
952;-0.339577824;10098;90;12.04491474;6.095559286;10.66663439;11.70620738
953;-0.379237801;10098;91;12.03248608;6.571943932;10.88102227;11.65238159
954;-0.222557276;10099;81;10.26128785;4.939288821;9.240139399;10.04207744
955;-0.195939809;10099;82;10.36248584;5.092403994;9.482155033;10.17241362
956;-0.150494203;10099;83;10.48791877;5.35757818;9.481150465;10.33288991
957;-0.191224903;10099;84;10.53721196;5.407345214;9.577163521;10.33968177
958;-0.118420459;10099;85;10.66109565;5.199627397;9.542268959;10.5361537
959;0.041296661;10099;86;9.416060672;4.330405624;9.465555116;9.455010707
960;-0.37150234;10100;81;8.785111266;2.760521244;6.822574567;8.417687896
961;-0.057007302;10100;82;9.206059935;3.07481301;7.244775461;9.151674055
962;-0.118295528;10100;83;9.227251261;3.267815078;7.524388218;9.113280273
963;-0.185609505;10100;84;9.010321417;3.396375058;7.639419965;8.831453341
964;-0.255131334;10100;85;8.822386881;2.89310517;7.544491885;8.574994714
965;-0.17087692;10100;86;8.511634214;2.88483383;7.711253432;8.34825041
966;-0.169285342;10100;87;8.618180585;2.699527492;7.772506592;8.449320472
967;-0.131527081;10100;88;8.919542644;2.641949181;7.730720637;8.791012479
968;-0.156932533;10100;89;9.509151159;2.578848874;7.687107369;9.35393159
969;-0.249057397;10100;90;9.271480394;2.448253616;7.784398863;9.025534129
970;-0.100153811;10100;91;9.157736598;2.828983223;7.82396798;9.059067935
971;-0.43031916;10101;81;12.30897531;5.213610516;8.163294315;11.88056203
972;-0.190132126;10101;82;12.30397888;5.103117679;8.3396965;12.11544628
973;-0.342568994;10101;83;11.0736041;4.851694335;8.65863977;10.73584013
974;-0.179660872;10101;84;11.11221863;4.860290635;8.497822209;10.93604552
975;-0.155857146;10101;85;11.03314634;4.741935993;8.274717115;10.87977079
976;-0.1366321;10101;86;11.21745124;4.366336114;8.299827229;11.08233946
977;-0.120249271;10101;87;11.31697179;4.158339222;8.507547012;11.19682152
978;-0.108726844;10101;88;11.66801854;4.803784443;8.599079061;11.55993227
979;-0.074501432;10101;89;11.74679343;4.913051311;8.621230977;11.67355258
980;-0.073100537;10101;90;11.70476667;4.9714509;8.626635113;11.63361781
981;-0.073479399;10101;91;11.57475568;4.863242463;8.728188406;11.50219197
982;-0.118171357;10102;81;8.739760561;3.1066116;6.057606792;8.62258774
983;-0.217354909;10102;82;8.52562667;3.042077409;6.068715675;8.318738084
984;-0.085050873;10102;83;8.617677109;2.770148274;6.006170789;8.539327275
985;-0.105909914;10102;84;8.805906324;2.328970277;5.903686386;8.700205102
986;-0.046905942;10102;85;8.854682349;2.658855197;5.906747483;8.813152195
987;-0.156461671;10102;86;8.912745659;3.289237256;6.045857563;8.764146191
988;-0.307240665;10102;87;8.915879844;3.26787603;6.192372974;8.612409084
989;-0.205921948;10102;88;9.001178816;3.534155468;6.3694084;8.792953505
990;-0.166177526;10102;89;9.091835799;3.153876341;6.35271212;8.923728365
991;-0.146549761;10102;90;8.300141399;3.186694983;6.291809973;8.144662317
992;-0.162434191;10102;91;8.328865195;2.631287817;6.288975855;8.162190955
993;-0.133608922;10103;81;10.79246466;4.466016766;8.423500131;10.65875328
994;-0.123062178;10103;82;10.77463504;4.290417531;8.956498667;10.65949445
995;-0.171168581;10103;83;10.98343009;4.48847794;9.366401001;10.81947793
996;-0.112273686;10103;84;10.86105645;4.378080566;9.403979559;10.7601059
997;-0.097979255;10103;85;11.06819781;4.500132935;9.397278615;10.97662657
998;-0.337406009;10103;86;10.94482102;4.264502822;9.970344368;10.61305369
999;-0.184898034;10103;87;11.02899449;4.597717634;9.998779444;10.84758403
1000;-0.14898853;10103;88;11.03634765;4.645429425;9.956957319;10.8972084
1001;-0.173977911;10103;89;11.20321057;4.590375073;9.903209975;11.03860691
1002;-0.292722434;10103;90;11.180236;4.446499112;9.84972833;10.89486648
1003;-0.281715363;10103;91;11.03063485;4.598388438;9.911736735;10.7623529
1004;-0.145494372;10104;81;8.385351776;2.397895273;6.851345414;8.239099379
1005;-0.167103872;10104;82;8.52562667;2.476204446;7.458933998;8.357134125
1006;-0.336562842;10104;83;7.774561113;2.555039572;7.403425079;7.439946316
1007;-0.265448987;10104;84;7.664560963;2.552383917;7.349103565;7.391383475
1008;-0.323944241;10104;85;7.946736948;2.483136893;7.295931989;7.622201542
1009;-0.204255298;10104;86;8.030646922;2.048574757;7.243872664;7.825584573
1010;-0.13040252;10104;87;7.52628664;2.306647114;7.114542749;7.401270687
1011;-0.197994128;10104;88;8.164731319;2.303081262;7.073168022;7.969843541
1012;-0.08501447;10104;89;8.702914642;2.305686777;7.164073943;8.614521663
1013;-0.172329545;10104;90;8.101000583;2.32800893;7.144649943;7.922705158
1014;-0.12539649;10104;91;8.065927591;2.296948471;7.18486031;7.933252267
1015;-0.086336121;10105;81;10.44029086;3.369425253;7.863940982;10.35528544
1016;-0.216525599;10105;82;10.31103454;3.454169446;7.90071404;10.09432435
1017;-0.23120822;10105;83;9.882727352;3.435475551;7.866735947;9.651982328
1018;-0.148413599;10105;84;9.205219372;2.95761856;7.824637535;9.059216065
1019;-0.208728462;10105;85;8.735042597;2.958779312;7.810621737;8.52538271
1020;-0.355575681;10105;86;7.754136006;3.095760749;7.853914231;7.390908311
1021;-0.157397971;10106;81;8.994135219;3.007493172;6.749583362;8.836168377
1022;-0.295864671;10106;82;9.012771999;3.064356056;6.771291368;8.712508495
1023;-0.316810191;10106;83;9.043711792;3.086428875;7.291661032;8.722822065
1024;-0.336354315;10106;84;8.940204374;3.075731375;7.432239782;8.602290262
1025;-0.52020067;10106;85;9.4066109;2.890371758;7.370049672;8.885379419
1026;-0.54791528;10106;86;9.244356761;3.08848064;7.30908228;8.695084457
1027;-0.604475856;10106;87;9.060519887;2.942656631;7.24932619;8.463607386
1028;-0.305542082;10107;81;10.19475321;4.303010444;7.848738147;9.894114958
1029;-0.295094401;10107;82;9.852784133;3.346622553;8.428993182;9.56163545
1030;-0.336454928;10107;83;8.601874643;3.123236749;8.134951439;8.278301469
1031;-1.559291363;10107;84;6.311321435;3.1059408;7.955543427;4.89501613
1032;-0.389808834;10107;85;7.730246662;2.820510621;7.889313697;7.353774611
1033;-0.29212141;10107;86;7.799047763;2.819662117;7.866722285;7.537692873
1034;-0.177780941;10107;87;8.202189703;3.061322591;7.844205403;8.025966564
1035;-0.102652594;10107;88;8.8953694;3.029183389;7.866979961;8.803852255
1036;-0.20855774;10107;89;8.211032384;2.925439517;7.823301105;8.025145796
1037;-0.216505617;10107;90;8.21017817;2.781393388;7.786678431;8.024829555
1038;-0.19658953;10107;91;8.1043366;2.934757443;7.769140836;7.926399863
1039;-0.232089028;10108;81;10.55931703;4.724694259;8.319591501;10.33012811
1040;-0.848196805;10108;82;8.368107301;4.651552887;8.427121027;7.534922405
1041;0.32653597;10108;83;9.291041156;4.762320578;8.379736359;9.621508329
1042;-0.142206132;10108;84;10.77039484;4.72132599;8.481716383;10.62942783
1043;-0.126265317;10108;85;10.79245896;3.126021132;8.55644245;10.66698398
1044;-0.805773079;10108;86;11.1571393;3.501763785;8.583717472;10.35270748
1045;-0.515812099;10108;87;10.13385697;3.36910151;8.601465045;9.620246969
1046;-0.178403944;10108;88;10.90746781;3.246021867;8.586076994;10.72972142
1047;-0.148016036;10108;89;11.0178763;3.266314455;8.694613025;10.87027733
1048;-0.101282641;10108;90;11.12213474;2.953397999;8.818228268;11.02116844
1049;-0.137549728;10108;91;10.54133775;3.422607446;8.705281131;10.40325879
1050;-0.157983199;10109;81;9.261261634;3.76111406;7.050295288;9.107662453
1051;-0.118728213;10110;81;7.920119571;2.286218152;4.891262059;7.810819274
1052;-0.120685898;10110;82;7.963753774;2.292757314;4.853078041;7.858301556
1053;-0.144091547;10110;83;8.012629011;2.285938535;4.815255026;7.869243979
1054;-0.165285647;10110;84;8.172162384;2.587730061;4.780180727;8.010822879
1055;-0.146973804;10110;85;8.792956025;2.566602908;5.325111918;8.647704513
1056;-0.161734805;10110;86;8.092232088;2.754832486;5.395975058;7.940806475
1057;-0.118693516;10110;87;8.339538462;2.658588625;5.5104681;8.227341188
1058;-0.120500848;10110;88;8.13372227;2.758897397;5.48524934;8.02195917
1059;-0.195539355;10110;89;7.919054032;2.550320618;5.504053447;7.733028324
1060;-0.210800722;10110;90;8.280857413;2.641363106;5.753795597;8.077976372
1061;-0.143579558;10110;91;8.198579963;2.717824235;5.978243531;8.057352123
1062;-0.085933782;10111;81;11.26609609;4.54693597;6.702222768;11.1815317
1063;-0.041075926;10111;82;11.08442534;5.402716765;6.821991725;11.04453784
1064;-0.56533283;10111;83;11.58036899;5.154569341;6.931182443;11.01559689
1065;-0.15817818;10111;84;11.93499139;5.542746915;7.360950885;11.77695499
1066;-0.089462809;10111;85;12.40333413;3.423556898;8.042533976;12.3142072
1067;-0.106374271;10112;81;9.288448939;2.540996099;6.52124935;9.187561606
1068;-0.136901289;10112;82;9.338899941;2.518058849;6.774780512;9.21174973
1069;-0.224885434;10112;83;8.926212198;2.427256749;6.757734112;8.71684723
1070;-0.217933163;10112;84;9.006876113;2.438815529;7.135217421;8.799622969
1071;-0.149228543;10112;85;8.633309648;2.453071645;7.059048539;8.4721614
1072;-0.117214493;10112;86;8.576265322;2.299382587;6.983098032;8.461843366
1073;-0.164106414;10112;87;8.153033414;2.25989159;7.049040559;7.993781368
1074;-0.263316065;10112;88;8.924192539;2.425614555;6.862236616;8.662456279
1075;-0.182886928;10112;89;8.888034909;2.399732355;6.819985047;8.710299643
1076;-0.177261233;10112;90;8.676264946;2.403479282;6.88417843;8.502707232
1077;-0.103395194;10112;91;8.990107011;2.407898878;6.981632573;8.891613654
1078;-0.328632683;10113;81;10.78666608;4.686409851;7.098195443;10.45814352
1079;-0.66917628;10113;82;10.96902271;4.483954695;7.132396439;10.29932535
1080;-0.568385601;10113;83;11.5130742;4.498176665;7.06852037;10.94459279
1081;-0.073920906;10113;84;10.75678973;4.489548138;7.086179787;10.68298372
1082;-0.595006108;10113;85;11.23578122;4.386375361;7.190558189;10.64123869
1083;-0.40777114;10113;86;11.46051263;4.312433858;7.268943096;11.05341905
1084;-0.154162213;10113;87;11.56083116;4.647834403;7.290405371;11.40665056
1085;-0.557147086;10113;88;11.28152231;4.525153443;7.272150661;10.72415235
1086;-0.309299797;10113;89;11.31065359;4.392548667;7.21555767;11.00138539
1087;-0.056635644;10113;90;11.30678018;4.553465784;7.305539762;11.25035634
1088;-0.163347334;10113;91;11.13943016;4.286107711;7.28948936;10.97521457
1089;-0.09073814;10114;81;9.00851789;2.822813659;6.378729552;8.919502413
1090;-0.08092986;10114;82;9.012316886;2.658479197;7.044277115;8.928554619
1091;-0.099043898;10114;83;9.103139949;2.622792532;7.062722868;9.003513778
1092;-0.128907725;10114;84;8.891600089;2.471167446;7.032751172;8.760051667
1093;-0.112228408;10114;85;8.806766248;2.618176483;6.987386318;8.694163542
1094;-0.039292775;10116;81;10.40809486;3.5129917;5.47158777;10.37220263
1095;-0.121717848;10116;82;10.27165743;3.600064562;6.699385329;10.15271391
1096;-0.050019585;10116;83;10.66234264;3.58642131;6.635497182;10.60816179
1097;-0.080419488;10116;84;10.59782484;3.681437202;6.658953708;10.51123066
1098;-0.065339863;10116;85;10.45254219;3.781506125;6.569884188;10.37320482
1099;-0.072443023;10116;86;10.42249175;3.803012717;6.490063044;10.33759934
1100;-0.106502689;10116;87;10.54741536;3.791362097;6.44102344;10.4286749
1101;-0.127928823;10116;88;10.46754336;3.905570193;6.447054919;10.32714797
1102;-0.066934347;10116;89;10.78933599;4.016693578;6.367869711;10.71551985
1103;-0.060084876;10116;90;10.83289401;4.110951844;6.610419418;10.76565665
1104;-0.06940563;10116;91;10.59666803;4.16981858;6.531333953;10.52170943
1105;-0.31172964;10117;81;6.777874372;2.931048885;4.069154164;6.532396214
1106;-0.429213554;10117;82;6.595486051;2.927956197;4.003056169;6.303162332
1107;-0.424150914;10117;83;6.685078233;2.943541319;3.938905126;6.378084681
1108;-0.342683107;10117;84;6.839907447;3.033412681;3.876649819;6.460923575
1109;-0.253922373;10117;85;6.98904293;2.874083842;4.17471;6.688211275
1110;-0.355928659;10117;86;7.048628717;2.738268383;4.130720653;6.662232588
1111;-0.383812487;10117;87;6.411089088;2.809114966;4.079065646;6.056365613
1112;-0.19182016;10117;88;7.959287732;2.912979457;5.649151955;7.76268504
1113;-0.203118697;10117;89;7.967278825;2.91588501;7.095422022;7.763675043
1114;-0.251712978;10117;90;7.967129029;3.053560631;7.190111058;7.733287245
1115;-0.273913413;10117;91;8.062758439;2.939376329;7.316456519;7.812507727
1116;-0.110888027;10118;81;9.6214959;3.764270575;6.40717414;9.514086618
1117;-0.102993533;10118;82;9.807011283;3.971261816;6.355595194;9.705929889
1118;-0.131937161;10118;83;9.875176387;3.855999076;6.622641683;9.740735944
1119;-0.18620041;10118;84;9.910853812;4.014189606;7.08741491;9.719661662
1120;-0.117603138;10118;85;10.10529039;4.033082663;7.064255283;9.979679074
1121;-0.137420952;10118;86;10.10288658;4.067652585;7.024457218;9.958773316
1122;-0.101426631;10118;87;9.912713611;4.05452664;7.059325624;9.801355976
1123;-0.197140798;10118;88;9.836194616;4.048184432;7.007545929;9.628739186
1124;-0.221139625;10118;89;10.14099233;4.090213434;7.128936457;9.911680171
1125;-0.302450478;10118;90;9.946308111;4.199146527;7.119073819;9.633939219
1126;-0.141554326;10118;91;9.75403738;4.276947307;7.236700479;9.605197329
1127;-0.846001863;10119;81;7.577377914;3.29671005;7.51192802;6.731910796
1128;-0.952796757;10119;82;7.58958407;3.487405082;8.59560726;6.675557418
1129;-1.887799621;10119;83;8.744568635;3.629189288;8.686337405;6.860349681
1130;-0.307108998;10119;84;9.33817197;3.657564897;8.748272282;9.024808315
1131;-0.329100341;10119;85;8.828186993;3.447271611;8.797179959;8.488946017
1132;-0.846021235;10119;86;8.106300907;3.535807847;8.81410766;7.280913233
1133;-0.949120224;10119;87;8.0640877;3.512648473;8.766694584;7.11415891
1134;-0.20526804;10119;88;8.616959161;3.57359445;8.718088977;8.409407428
1135;-1.183959603;10119;89;9.608778111;4.018677247;8.994632183;8.413123184
1136;-0.117811657;10119;90;9.89063124;4.021206412;8.981162845;9.762165175
1137;-0.296013802;10119;91;8.900451699;3.660446942;8.938045364;8.592479564
1138;-0.085644722;10120;91;8.453064066;3.040594405;6.4386691;8.374395111
1139;-0.048256081;10121;81;9.528073815;3.589911498;7.046387805;9.483165506
1140;-0.113700002;10121;82;9.486886796;3.405522528;7.038730643;9.378132736
1141;-0.137108207;10121;83;9.292065708;3.393812071;7.05000489;9.162870352
1142;-0.217028871;10121;84;9.009154179;3.753321799;7.095519153;8.802098732
1143;-0.183132216;10121;85;9.161830618;3.328778021;7.005324314;8.986772048
1144;-0.268497348;10121;86;8.201300576;3.360410858;7.10877793;7.948255057
1145;-0.200527564;10121;87;8.623160427;3.621860136;7.200107824;8.423313502
1146;-0.135672301;10121;88;9.219546111;3.397287695;7.414550673;9.087883038
1147;-0.375009686;10121;89;9.075903436;3.326239437;7.58959444;8.705604081
1148;-0.14976947;10121;90;8.821447005;3.209097875;7.485698873;8.676179232
1149;-0.182076707;10121;91;7.883366198;3.189883295;7.536253841;7.708646996
1150;-0.08805038;10122;81;8.877619119;2.937399028;4.589701583;8.791786908
1151;-0.109823085;10122;82;8.521818999;3.274414436;4.627209313;8.414579551
1152;-0.095525689;10122;83;8.369502428;3.456973712;5.247577331;8.27180141
1153;-0.305210441;10122;84;7.685029401;2.619645281;4.774526265;7.372500585
1154;-0.282718152;10122;85;8.983959776;3.027157535;5.010554114;8.693432077
1155;-0.127008468;10122;86;9.431856819;3.000681971;5.525657301;9.300304969
1156;-0.079835899;10122;87;9.3139743;3.063782636;5.991211448;9.230663123
1157;-0.368967295;10122;88;9.472242315;3.104843376;5.954155671;9.098853053
1158;-0.057784572;10122;89;9.623745037;3.13482111;6.273901067;9.56158947
1159;-0.044015087;10122;90;9.543355188;3.131459092;6.331509995;9.495165413
1160;-0.081707455;10122;91;9.389107932;3.286265483;6.589794026;9.303052898
1161;-0.092391327;10123;81;10.28186579;3.265545896;8.928034577;10.19040092
1162;-0.119892396;10123;82;10.1190915;3.767598584;9.101053648;10.00051235
1163;-0.12094444;10123;83;9.932047866;3.886001324;9.08356734;9.808557906
1164;-0.097802758;10123;84;9.802323406;3.782663545;9.033717391;9.700363938
1165;-0.054610625;10123;85;10.32631256;4.034344068;8.967790678;10.27941992
1166;-0.082969882;10123;86;10.1569084;3.753046808;8.936631379;10.06558249
1167;-0.094323486;10123;87;10.09312215;3.948994481;8.924379864;9.988350236
1168;-0.063985921;10123;88;10.15007461;3.926341243;8.966896452;10.07758397
1169;-0.04804055;10123;89;10.30177134;3.703373985;8.927628739;10.2491511
1170;-0.034020223;10123;90;9.883802389;3.885927323;8.930698805;9.845875612
1171;-0.05198634;10123;91;9.897804147;3.980432261;8.920276951;9.842001348
1172;-0.172037765;10124;81;9.827345933;3.204629006;7.036387023;9.65824529
1173;-0.290769428;10124;82;9.83781735;3.302218441;7.243089085;9.551426807
1174;-0.061075374;10124;83;8.885942582;3.040687408;7.198565328;8.832581006
1175;-0.075026847;10124;84;8.763971326;2.957635402;7.279671683;8.699104019
1176;-0.253468484;10124;85;8.510634916;2.657783871;7.30695364;8.267873779
1177;-0.229090363;10124;86;8.648456401;2.80638329;7.582555678;8.428626522
1178;-0.209747151;10124;87;8.43421932;2.843186785;7.588536582;8.231963513
1179;-0.333643377;10124;88;8.663784765;2.841153668;7.543195239;8.334248784
1180;-0.188383833;10124;89;8.155500237;2.644137095;7.586315816;7.972445895
1181;-0.203172877;10124;90;7.995566444;2.533696844;7.802312317;7.806007235
1182;-0.251659781;10124;91;7.828543791;2.541934658;7.840321727;7.585142694
1183;-0.431411117;10125;81;10.1460297;4.625576027;6.518922477;9.717194683
1184;-0.139119431;10125;82;9.791651471;4.475583726;6.538129048;9.65613748
1185;-0.477852762;10125;83;10.06714679;4.45258113;6.824078203;9.592862654
1186;-0.147749305;10125;84;9.667580088;4.42010702;7.054571721;9.524224588
1187;-0.129122406;10125;85;9.594326781;4.324964268;7.058152341;9.469002404
1188;-0.118493661;10125;86;9.547583377;4.338893026;7.000381974;9.432085994
1189;-0.092117511;10125;87;9.484349908;4.316833399;6.945470813;9.395872508
1190;-0.106040798;10125;88;9.371453754;4.222747077;6.930743291;9.265054362
1191;-0.126359522;10125;89;9.469720998;4.307400683;6.967749187;9.341632528
1192;-0.072794966;10125;90;9.283915787;4.523087301;6.919944542;9.212608306
1193;0.00985011;10125;91;8.942433672;4.312560118;7.109450629;8.956087157
1194;-0.108020194;10126;81;8.035019794;2.05953057;4.685938808;7.927252666
1195;-0.115715511;10126;82;7.778365737;2.708919701;4.646726725;7.663035708
1196;-0.112657741;10126;83;7.582100026;2.479329137;4.705819081;7.469695929
1197;-0.122312523;10126;84;7.445760179;2.48942131;4.664185417;7.324637789
1198;-0.850207984;10126;85;7.661308078;3.450508812;4.624576829;6.813847149
1199;-0.272612512;10126;86;7.751494009;2.723883798;4.91999986;7.480199906
1200;-0.14437893;10126;87;7.586079579;2.206850686;4.88581469;7.443232165
1201;-0.109148763;10127;81;8.854051096;3.040017594;4.509616065;8.74398866
1202;-0.116662964;10127;82;9.21205209;2.882158777;4.456890945;9.100794025
1203;-0.327165544;10127;83;9.80991707;3.654956823;4.484016015;9.491680084
1204;-0.169160172;10127;84;9.855844865;3.362590463;4.705746778;9.681725676
1205;-0.099620566;10127;85;9.362502189;3.311513188;4.832771256;9.263695066
1206;-0.104893088;10127;86;9.443139656;3.40963218;6.139176478;9.338594522
1207;-0.208959535;10127;87;9.529155259;3.08275039;6.099469162;9.321580434
1208;-0.175268561;10127;88;9.314697044;3.082625372;6.02144932;9.141387016
1209;-0.094849922;10127;89;9.824563026;3.014091362;6.24712681;9.728299437
1210;-0.127628371;10127;90;9.512662989;3.160693848;6.622368584;9.385497819
1211;-0.256025106;10127;91;9.296030026;3.237413267;6.544623025;9.044151573
1212;-0.099363983;10128;81;8.424112546;2.879243633;6.396123056;8.330656749
1213;-0.113403;10128;82;8.402478734;2.678890175;6.346679411;8.295322877
1214;-0.094413362;10128;83;8.463041168;2.765722531;6.512307729;8.378603267
1215;-0.092811897;10128;84;8.439866372;2.92393962;6.470013958;8.357678935
1216;-0.276652366;10128;85;8.499227696;2.782344867;6.428692182;8.238513058
1217;-0.085020892;10128;86;8.564704078;2.951684683;6.99752613;8.481588783
1218;-0.236158878;10128;87;8.48008682;2.860230885;6.98768545;8.24785454
1219;-0.216517836;10128;88;8.585801757;2.99324553;7.000795595;8.375923903
1220;-0.114494823;10128;89;9.2052764;3.097812162;7.012966894;9.093130744
1221;-0.065547764;10128;90;8.960299867;2.979245409;7.103201692;8.898402628
1222;-0.072014213;10128;91;8.918216483;3.08482829;7.245484747;8.855384374
1223;-0.221301213;10129;81;8.560156891;3.340920802;7.441559347;8.34387849
1224;-0.203282297;10129;82;8.540841242;3.313265615;7.843576408;8.342485156
1225;-0.1915344;10129;83;8.58336298;3.543280277;7.905867094;8.391863453
1226;-0.291492581;10129;84;8.508191568;3.750967758;7.907007891;8.214149856
1227;-0.204600006;10129;85;8.909965785;3.485822703;7.95311632;8.693442639
1228;-0.143542677;10129;86;8.983648541;3.455190374;8.246065523;8.833518879
1229;-0.135367259;10129;87;9.119657098;3.742420691;8.255488983;8.978736696
1230;-0.168424264;10129;88;9.065240085;3.662808498;8.215802611;8.891821551
1231;-0.11923603;10129;89;9.206564502;3.606683202;8.184954607;9.083092545
1232;-0.086817473;10129;90;9.423569705;3.705953078;8.156061484;9.332915207
1233;-0.132873237;10129;91;9.091996742;3.86949343;8.121862107;8.954874558
1234;-0.05925845;10130;81;10.72923197;4.957616429;6.096214204;10.6703417
1235;-0.029139653;10130;82;10.6982284;4.974545449;6.14095328;10.66830884
1236;-0.030265512;10130;83;10.77436684;4.982937519;7.123774882;10.74403405
1237;-0.087847188;10130;84;10.94542125;4.372737658;7.139037884;10.85725273
1238;-1.008107185;10130;86;11.75390058;3.165128237;7.428265085;10.74526804
1239;-0.092884041;10130;87;11.3649124;3.121127104;7.388458452;11.27069535
1240;-0.414791912;10130;88;11.34566849;3.439246492;7.572624043;10.92942596
1241;-0.096502833;10130;89;11.37583426;2.495589034;7.675402113;11.27847517
1242;-0.064863712;10130;90;11.54385204;2.433450264;7.760974018;11.47908894
1243;-0.065540828;10130;91;11.42503617;3.026049302;7.866864511;11.35962249
1244;-0.177891523;10131;82;9.653189258;4.286299364;8.44851183;9.478098342
1245;-0.273756742;10131;83;9.82503328;3.825359274;8.373960203;9.550627518
1246;-0.230397299;10131;84;9.622713013;4.140392805;8.352530306;9.383114873
1247;-0.144337133;10131;85;9.985494976;4.163581629;8.367830672;9.830007298
1248;-0.177597478;10131;86;9.940384542;4.394714265;8.308295162;9.74264541
1249;-0.126761064;10131;87;10.06707424;4.586228492;8.523287183;9.922348407
1250;-0.168416083;10131;88;10.00013296;4.85363901;8.501607718;9.813096144
1251;-0.163211614;10131;89;10.20818366;4.93449995;8.602414116;10.03689323
1252;-0.163976073;10131;90;10.53534821;4.843906862;8.829673292;10.36248917
1253;-0.168730795;10131;91;10.50730925;5.002421928;8.799152229;10.32061859
1254;-0.114943385;10132;81;9.169997389;3.589803151;6.168526643;9.056043523
1255;-0.27407968;10132;82;8.999515832;3.56831383;6.475368294;8.723282613
1256;-0.158507705;10132;83;9.011263523;3.700745721;6.469466046;8.853353577
1257;-0.410737425;10132;84;9.04500521;3.63695734;6.591656987;8.639009835
1258;-0.30857113;10132;85;9.323520382;3.720510876;6.484871335;9.013475803
1259;-0.156066835;10132;86;9.015038766;3.763873658;6.393373025;8.857316331
1260;-0.145112246;10132;87;8.817488883;3.80214;6.266013307;8.670004805
1261;-0.104036078;10132;88;9.22359106;3.808317376;6.339376877;9.119538083
1262;-0.096460953;10132;89;9.335419814;3.673620131;6.446104751;9.239021305
1263;-0.139020517;10132;90;8.947701968;3.858345375;6.324913266;8.807958957
1264;-0.155905217;10132;91;9.007277658;3.692485653;6.212880044;8.845104333
1265;-0.395219326;10133;81;7.796633663;2.531836055;5.259515755;7.428257033
1266;-0.107117109;10133;82;8.202479771;2.295855211;5.205402981;8.118489354
1267;-0.109286115;10133;83;8.140985172;2.443602858;5.166160413;8.054848129
1268;-0.271071404;10133;84;8.038520217;2.334135756;6.252343146;7.811765641
1269;-0.252193332;10133;85;8.189438762;2.325887073;6.189472878;7.971522009
1270;-0.150575191;10133;86;8.475017233;2.278240928;6.227594093;8.329078559
1271;-0.139113545;10133;87;8.347106521;2.317361382;6.182158676;8.223988606
1272;-0.336924344;10133;88;9.471087043;2.847516765;6.302393813;9.136109826
1273;-0.236556143;10133;89;9.514542029;2.962358425;6.32000012;9.280220558
1274;-0.203179091;10133;90;9.760250732;3.099037226;6.67816836;9.557065669
1275;-0.208672211;10133;91;9.205886033;3.097494442;6.652236731;9.000149799
1276;-0.045983668;10134;81;9.119748088;3.076659189;6.152129239;9.074226854
1277;-0.362251937;10134;82;7.759801301;2.741637593;6.46946614;7.401043074
1278;-0.363820553;10134;83;8.023280617;2.758286784;6.520922123;7.659085454
1279;-0.237023741;10134;84;7.606864631;2.798523921;6.264874456;7.375551732
1280;-0.700864494;10134;85;8.17363979;2.612829491;6.280911647;7.470666413
1281;-0.380864769;10134;86;8.175837802;2.61278977;6.384750998;7.80016027
1282;-0.493304521;10134;87;7.93370534;2.252276309;6.443291355;7.448660632
1283;-0.192074224;10135;81;9.103523284;4.048408122;7.172371551;8.913741186
1284;-0.186801806;10135;82;9.139763238;3.595447069;8.769946363;8.953961635
1285;-0.16259183;10135;83;9.205061718;3.479130157;8.740616235;9.043036229
1286;-0.129543737;10135;84;9.165075335;3.61151932;8.715653829;9.036817067
1287;-0.11821308;10135;85;9.412578083;3.766843752;8.692804541;9.299267921
1288;-0.342527032;10135;86;9.18645123;3.667647047;8.270791196;8.85348091
1289;-0.200626478;10135;87;8.900882488;3.881253383;8.248838948;8.70425002
1290;-0.134727135;10135;88;9.685567275;4.015173064;8.219778296;9.550335206
1291;-0.146402583;10135;89;9.519199715;4.018143585;8.295231254;9.377945199
1292;-0.152789474;10135;90;9.074398152;3.877724989;8.297409894;8.917695157
1293;-0.128501654;10135;91;9.434266117;4.210517348;8.279861697;9.315129455
1294;-0.063091762;10136;81;11.90351654;5.367505572;9.778660024;11.84256167
1295;-0.150518596;10136;82;11.99733932;6.136921342;10.06468214;11.84642622
1296;-0.140642285;10136;83;11.99005007;5.684218045;10.1117327;11.84988486
1297;-0.202289209;10136;84;12.32012184;5.515623172;10.13250087;12.11871976
1298;-0.258787006;10136;85;12.07055339;5.52524361;10.1191751;11.81507704
1299;-0.204027504;10136;86;12.32389658;5.894722335;10.09369832;12.12052259
1300;-0.232308716;10136;87;12.33276903;5.833090816;10.07001917;12.10112264
1301;-0.170523852;10136;88;12.51774594;5.954084394;10.0066063;12.34824581
1302;-0.143459976;10136;89;12.43063301;6.11573993;9.949790903;12.28957899
1303;-0.139874607;10136;90;12.36386168;6.105629596;9.948580787;12.22493465
1304;-0.080776639;10136;91;12.3624051;5.654024588;9.910696079;12.28186706
1305;-0.091740735;10138;81;9.533922761;3.031257244;7.072855627;9.444854656
1306;-0.170432523;10138;82;9.121143654;2.677099957;7.058683207;8.976173271
1307;-0.110233888;10138;83;8.940877259;3.08390279;7.01344926;8.838212025
1308;-0.173873439;10138;84;8.4433591;3.026984792;6.968352557;8.272654043
1309;-0.148068085;10138;85;8.479436359;3.127088128;6.887408194;8.343730637
1310;-0.146873012;10138;86;8.358537539;2.913808392;6.847873412;8.232327786
1311;-0.239786923;10138;87;7.889953254;3.013680699;6.805576004;7.681929321
1312;-0.105728835;10138;88;7.832233689;2.121519728;7.565776087;7.72748499
1313;-0.182668462;10138;89;7.718295337;2.178758026;7.901650562;7.525875928
1314;-0.243481159;10138;90;7.175882839;2.088987414;7.889516044;6.920265867
1315;-0.337522089;10138;91;6.510857704;2.015807585;7.86074279;6.124473552
1316;-0.248686239;10139;81;9.90421229;3.432860188;7.929789324;9.669467685
1317;-0.097118691;10139;82;9.762194531;3.456547064;7.902906921;9.665452296
1318;-0.377153665;10139;83;9.981992901;3.434250445;7.90332704;9.61166345
1319;-0.453186929;10139;84;9.728230902;3.720871995;7.899451662;9.290774469
1320;-0.575241208;10139;85;9.611753009;3.569833099;7.85814461;9.036116255
1321;-0.213452145;10139;86;9.279935848;3.859445784;7.831447943;9.074957825
1322;-0.120018259;10139;87;9.205061522;3.864578912;7.79182815;9.091549468
1323;-0.181752831;10139;88;9.715898946;3.749257571;7.753308734;9.538984476
1324;-0.103019826;10139;89;9.309937161;3.883008956;7.716630542;9.203932778
1325;-0.229705364;10139;90;8.270144408;3.433775774;7.682322448;8.035222144
1326;-0.052469339;10140;81;9.127654216;2.222965155;5.582916766;9.078484361
1327;-0.058451343;10140;82;9.01494628;2.221354896;5.526857949;8.962660083
1328;-0.102240808;10140;83;8.794179153;2.218546767;5.450952398;8.700641717
1329;-0.108439684;10140;84;8.248724316;2.196948398;5.795812467;8.155706116
1330;-0.073139846;10140;85;8.130170497;2.200462881;5.703186492;8.078097121
1331;-0.137874171;10140;86;7.576245366;2.09526752;5.656858518;7.442444451
1332;-0.113261938;10140;87;7.884738829;2.073587896;5.565726819;7.777955442
1333;-0.224069253;10140;89;7.868871948;2.432324865;5.348419217;7.649933713
1334;-0.243740633;10140;90;8.083668991;2.456286437;5.59360601;7.8403836
1335;-0.23588039;10140;91;8.331514757;2.455656449;5.507475082;8.103888695
1336;-1.248925447;10141;81;7.108571438;3.482969409;6.576493881;5.947207884
1337;-0.953384817;10141;82;7.278932513;3.516606272;6.634548258;6.35824838
1338;-1.348710179;10141;83;7.293078879;3.519576011;6.610466007;6.032895487
1339;-0.95878756;10141;84;7.071672632;3.258461509;6.688212491;6.212879188
1340;-1.440141439;10141;85;6.867802975;2.536644873;6.642829479;5.619930497
1341;-0.759837151;10141;86;6.712506753;3.20348261;6.597996585;6.011495133
1342;-0.774398923;10141;87;6.887736034;3.144225314;6.555157444;6.116629867
1343;-0.889499724;10141;88;6.974172604;3.149685142;6.562383488;6.145172057
1344;-0.723230541;10141;89;7.062315159;3.555059629;6.540756669;6.388911553
1345;-0.81007874;10141;90;7.153107129;3.525611105;6.571175358;6.384544416
1346;-1.171910644;10141;91;7.192449861;3.470043419;6.634744434;6.049465239
1347;-0.073623739;10142;81;10.1144573;3.641237179;7.373441205;10.04241074
1348;-0.055349872;10142;82;9.953606447;3.543823208;7.939732058;9.900283009
1349;-0.06969662;10142;83;10.24561078;4.264050616;7.925536538;10.17982806
1350;-0.079874314;10142;84;10.151742;3.980068325;8.022662627;10.07642119
1351;-0.141349718;10142;85;9.652597992;3.90480617;8.025320448;9.517436094
1352;-0.131151944;10142;86;9.414458695;3.818406946;8.049729926;9.290779425
1353;-0.105573952;10142;87;9.615401232;3.66521361;8.231075195;9.510185527
1354;-0.110753186;10142;88;9.67898309;3.960927095;8.235437598;9.572794541
1355;-0.062259357;10142;89;9.8613612;3.951734007;8.195766007;9.802212214
1356;-0.073829457;10142;90;9.57488379;4.005141148;8.173604678;9.503933868
1357;-0.039033677;10142;91;9.579054169;3.966680006;8.148880125;9.541772375
1358;-0.131704658;10143;81;10.43858524;5.001006156;9.058839336;10.3075284
1359;-0.311929256;10143;82;10.43140038;5.194202125;9.210179422;10.12145665
1360;-0.141518891;10143;83;11.1193501;5.263195657;9.442476416;10.97840051
1361;-0.058927234;10143;84;10.88222573;5.074035434;9.514840167;10.8250102
1362;-0.207664236;10143;85;10.27671244;3.718352903;9.469645726;10.07127604
1363;-0.489709944;10143;86;10.20547312;3.033259111;9.27409859;9.718043901
1364;-0.08505626;10144;81;10.06021774;4.130609007;7.414999081;9.976760794
1365;-0.077676304;10144;82;10.43762412;4.250226052;7.562300188;10.36401842
1366;-0.071140043;10144;83;10.32857483;4.302345662;7.643033597;10.2565336
1367;-0.074436963;10144;84;10.56125354;4.423486579;8.237219549;10.48890727
1368;-0.093247898;10144;85;10.71775611;4.490228959;8.747053665;10.6308363
1369;-0.084897995;10144;86;11.11584255;4.055858697;8.827690568;11.03714889
1370;-0.104390383;10144;87;10.99044975;5.026370824;8.817622746;10.87614976
1371;-0.094507627;10144;88;11.52588226;4.982042837;9.122426919;11.4253682
1372;-0.088126868;10144;89;11.70388758;5.022020633;9.229927366;11.61087208
1373;-0.092373021;10144;90;11.72900009;5.027686961;9.244868036;11.6316577
1374;-0.168133616;10145;81;9.748049423;3.603073696;7.529998802;9.582858551
1375;-0.076162189;10145;82;10.13519015;3.749821767;7.604907308;10.06164732
1376;-0.228889138;10145;83;10.28014252;3.788650926;7.648439397;10.05474591
1377;-0.056649648;10145;84;10.22276218;3.941541586;7.817922614;10.17066631
1378;-0.154692799;10145;85;10.16540145;3.81848486;7.763437881;10.01106303
1379;-0.183825895;10145;86;10.49274384;3.980204309;7.980097283;10.31116272
1380;-0.243809015;10145;87;10.56754248;4.010646961;7.983087029;10.32842844
1381;-0.289073497;10145;88;10.62557384;4.163209472;7.974213713;10.33699402
1382;-0.292196453;10145;89;10.48962529;4.160087921;7.933129772;10.19823021
1383;-0.115003429;10145;90;10.22582443;4.278064711;7.910974751;10.12166402
1384;-0.245610863;10145;91;10.26834745;4.498029166;8.053956614;10.02227633
1385;-0.306185901;10146;81;8.614138397;2.708287129;5.185671773;8.338162191
1386;-0.329044014;10146;82;9.294074485;2.665713539;5.129905667;8.97652731
1387;-0.275534749;10146;83;9.129070365;2.687380785;5.452663732;8.862460137
1388;-0.256091088;10146;84;9.276863647;2.790520567;5.466849393;9.030910996
1389;-0.332729131;10146;85;9.147220532;2.845221874;5.462697874;8.850360517
1390;-0.322506785;10146;86;8.770431354;2.638324435;5.740750176;8.48409772
1391;-0.140665188;10146;87;8.701088054;2.545431262;5.891796282;8.563002168
1392;-0.268078238;10146;88;8.716050054;2.74420918;5.845511705;8.453646574
1393;-0.246368706;10146;89;8.632528007;2.496441317;5.800185696;8.391431758
1394;-0.283067882;10146;90;8.526562637;2.545483325;5.755809427;8.250461346
1395;-0.34713769;10146;91;8.634522044;2.497652786;5.988705388;8.290469631
1396;-0.320959866;10147;81;8.807157643;2.313531696;6.36626404;8.493080987
1397;-0.09614744;10147;82;8.857142773;2.063414673;6.483970337;8.768221967
1398;-0.243873432;10147;83;8.886799216;2.109288576;6.682745822;8.652727971
1399;-0.162588611;10147;84;9.119502151;2.282590635;7.145368058;8.968343077
1400;-0.210253432;10147;85;9.554986007;2.321767153;7.110829445;9.35818724
1401;-0.258092672;10147;86;9.199195885;2.570985687;7.169270889;8.950676866
1402;-0.07542064;10148;81;9.216561023;2.471141501;6.603075144;9.142961049
1403;-0.040687047;10148;82;9.023674706;3.163661375;7.150865736;8.98187605
1404;-0.07567507;10148;83;9.08071429;2.825982988;7.254046099;9.003089093
1405;-0.09665212;10148;84;9.100961703;3.046489249;7.162367784;9.001410933
1406;-0.124508366;10148;85;8.728289069;3.002104028;7.182369829;8.598584238
1407;-0.086460114;10148;86;8.692331048;2.798016185;7.103110224;8.59671948
1408;-0.149616882;10148;87;8.433003257;2.771680233;7.0223442;8.275623594
1409;-0.100923955;10148;88;8.028177154;2.777083287;7.355423615;7.923364217
1410;-0.103532553;10148;89;8.415190855;2.777169916;7.27446154;8.309974111
1411;0.020664752;10148;90;7.298012063;2.688882428;7.207511684;7.321938943
1412;-0.365426749;10149;81;7.922116051;2.843178232;6.117520357;7.559665849
1413;-0.154842466;10149;82;7.753094156;2.843224997;6.055909628;7.601979394
1414;-0.167729631;10149;83;7.776710131;2.851198939;6.020297034;7.608640328
1415;-0.108944029;10149;84;8.150348054;2.927089782;5.80233004;8.038445664
1416;-0.092151821;10149;85;8.119188224;2.927523492;5.522650457;8.025338015
1417;-0.101568274;10149;86;7.673065496;2.450682967;5.463292882;7.569727815
1418;-0.103321299;10149;87;7.645564649;2.471513444;5.404845558;7.541025647
1419;-0.114515878;10149;88;7.529147664;2.452719452;5.519847006;7.410936082
1420;-0.119993731;10149;89;7.783440363;2.684350341;5.456989712;7.661287852
1421;-0.100297518;10149;90;7.759191086;2.36958021;5.394969558;7.658652434
1422;-0.120883167;10149;91;7.691557043;2.561094374;5.333772053;7.571404628
1423;-0.467791557;10150;81;10.13089404;5.894676614;8.577439525;9.674575749
1424;-0.535110354;10150;82;9.709228226;5.720285861;8.959888978;9.170172257
1425;-0.24027051;10150;83;9.267804859;5.062900935;8.274439795;9.022778743
1426;-0.251207054;10150;84;8.915449566;4.84088478;8.734337376;8.657714526
1427;-0.542291939;10150;85;9.215586062;4.914661646;8.684156775;8.662268101
1428;-0.615872681;10150;86;9.357972756;5.832507042;8.688652336;8.739310826
1429;-0.296081215;10150;87;9.706406198;5.812683681;8.637032618;9.405382919
1430;-0.372568399;10150;88;10.21141541;5.517164654;8.809059078;9.835048308
1431;-0.376100838;10150;89;10.39727303;5.392728261;9.375495404;10.01961027
1432;-0.522410512;10150;90;10.59263622;5.527561716;10.38073187;10.06927539
1433;-0.505304754;10150;91;10.9549664;5.87140566;10.44826092;10.44330097
1434;-0.188846067;10151;81;8.73180443;2.863718959;5.434448964;8.547646428
1435;-0.082882524;10151;82;8.734899252;2.835828599;5.387316614;8.654687789
1436;-0.084118105;10151;83;8.600214931;2.954817133;5.35088341;8.517756509
1437;-0.133549452;10151;84;8.780432223;2.927409747;5.62573713;8.645080991
1438;-0.081344217;10151;85;8.425264738;2.764252456;5.593756824;8.341449911
1439;-0.127087981;10151;86;8.484987231;2.845193494;5.860939234;8.356343938
1440;-0.117284998;10151;87;8.520533797;3.143748481;5.82962539;8.403656438
1441;-0.169712201;10151;88;8.331049261;2.977403065;5.898947848;8.162783954
1442;-0.114603899;10151;89;8.695747815;3.025838798;5.868168247;8.581659505
1443;-0.080911182;10151;90;8.747001748;2.862373072;5.890922658;8.665216516
1444;-0.097840033;10151;91;8.414647937;2.99872072;6.244313019;8.31457312
1445;-0.244522035;10152;81;7.961160941;2.469424277;5.50108493;7.718870482
1446;-0.079198271;10152;82;7.852109365;2.460630641;5.485489734;7.789811362
1447;-0.147335097;10152;83;7.853061014;2.481094231;5.432401613;7.707590975
1448;-0.112227872;10152;84;7.686567329;2.47061747;5.379957332;7.57925791
1449;-0.172626168;10152;85;7.884956713;3.399600356;5.58915516;7.721237683
1450;-0.099950515;10152;86;7.920719785;2.54470546;5.538958309;7.825227442
1451;-0.161472857;10152;87;7.767642126;2.553293002;5.489381205;7.611147468
1452;-0.185255215;10152;88;7.559760361;2.785567798;5.444275772;7.376314995
1453;-0.187677711;10152;89;7.420109811;2.748003532;5.395702114;7.239575249
1454;-0.190478131;10152;90;7.191801538;2.745699811;5.34772975;7.007810928
1455;-0.197187975;10152;91;7.236740451;2.745605513;5.300348003;7.039541161
1456;-1.107752204;10153;81;8.619659523;2.813036501;3.66372987;7.526310117
1457;-1.018574595;10153;82;8.523805268;2.608231749;3.57843695;7.519056033
1458;-1.151121974;10153;83;8.298580559;2.869020596;5.205524539;7.150371861
1459;-2.958078861;10153;84;7.997672403;2.895903213;5.112135861;5.069680659
1460;-2.725200891;10153;85;7.8061862;2.726369807;5.019093684;5.116633668
1461;-0.284834713;10154;81;9.872110358;3.134751982;6.541783451;9.594423293
1462;-0.251574606;10154;82;9.158692574;2.938029365;6.335944492;8.908423215
1463;-0.147808582;10154;83;9.127615498;3.489750805;6.324191813;8.982406373
1464;-0.015944257;10154;84;8.829487223;2.911898272;6.281201544;8.817531697
1465;-0.034801912;10154;85;8.708658526;2.549235803;6.446126735;8.678918349
1466;-0.123556353;10154;86;8.212193608;2.592914372;6.480089401;8.096896939
1467;-0.079872571;10154;87;8.728884462;2.508929466;6.496287695;8.649452364
1468;-0.084171988;10154;88;8.573708647;2.449874882;6.529789703;8.496221893
1469;-0.053669587;10154;89;8.333332678;2.588053122;6.565772551;8.287710867
1470;-0.124363907;10154;90;8.01825014;2.424637988;7.027262197;7.903753025
1471;-0.109908305;10154;91;8.314108821;2.528553402;7.290382641;8.207584124
1472;-0.129511848;10155;81;9.537620518;3.031432746;6.861865738;9.413884749
1473;-0.188928798;10155;82;9.972904566;4.13020186;6.99382557;9.782474134
1474;-0.208876818;10155;83;9.736759524;2.799799444;6.915241833;9.52670862
1475;-0.188726559;10155;84;9.641659131;3.434617415;6.837720758;9.448089629
1476;-0.204722732;10155;85;9.469167363;3.289485827;6.889920421;9.261797178
1477;-0.197636589;10155;86;9.341700867;3.59325849;7.392267181;9.139016486
1478;-0.217906475;10155;87;9.214520782;3.519631925;7.376807681;8.994401396
1479;-0.276202083;10155;88;9.183808085;3.60585715;7.322203437;8.909476158
1480;-0.406991154;10155;89;9.137069459;3.573675033;7.347042628;8.739055688
1481;-0.328494668;10155;90;9.124660565;3.037945847;7.288471328;8.798382601
1482;-0.376112819;10155;91;8.685905388;3.120152425;7.245200901;8.306148516
1483;-0.120561898;10156;81;11.05446137;5.281715704;8.13594228;10.93444167
1484;-0.03016421;10156;82;10.8066613;5.234117248;8.36252366;10.77660987
1485;-0.027053937;10156;83;10.9182379;5.306692536;8.414719023;10.89139274
1486;-0.031486563;10156;84;10.70051163;4.301917795;8.497075282;10.67040112
1487;-0.032700181;10156;85;10.81223254;5.082046355;8.507812415;10.78090987
1488;-0.448574841;10156;86;10.4808834;2.932872335;8.440661476;10.0325637
1489;-0.994210541;10156;87;4.470580931;3.374827076;8.371658574;3.513354928
1490;-0.279581875;10157;81;8.787128706;2.22481334;5.646613649;8.515295102
1491;-0.092935711;10157;82;8.663236148;2.530481659;5.565659315;8.580159371
1492;-0.179754898;10157;83;8.521408999;2.798136926;5.935870443;8.353055535
1493;-0.095414735;10157;84;8.764742958;2.96732743;5.85524111;8.681590497
1494;-0.072973132;10157;85;8.924860235;2.60281754;5.774623477;8.86584886
1495;-0.065975532;10157;86;9.084888528;2.340994726;5.694017443;9.028338295
1496;-0.274905801;10157;87;9.312099351;2.500799508;5.613422547;9.0443198
1497;-0.070247583;10157;88;8.912541147;2.744011402;5.532838513;8.84523251
1498;-0.033969779;10157;89;9.36507375;2.778296;6.374474416;9.334135507
1499;-0.470170736;10157;90;9.317176907;3.064788887;6.441115128;8.852467305
1500;-0.160214081;10157;91;9.168029232;2.878823304;6.405873911;9.01596197
1501;-0.097591005;10158;81;9.656134541;3.499197348;8.191094405;9.557644565
1502;-0.115945525;10158;82;9.774999781;3.663993494;8.186006289;9.654433194
1503;-0.123261869;10158;83;9.65712254;3.50137205;8.44911968;9.537045196
1504;-0.085464545;10158;84;9.618090563;3.553767965;8.419500899;9.532099076
1505;-0.147293791;10158;85;9.598036697;3.160555156;8.383555766;9.452610924
1506;-0.127427667;10158;86;9.676454244;3.177498161;8.384248122;9.553282496
1507;-0.202606082;10158;87;9.709446891;3.325413824;8.342817831;9.510548764
1508;-0.09995579;10158;88;9.987256422;3.271904966;8.300036262;9.888361224
1509;-0.056413822;10158;89;9.956410349;3.304270397;8.311334152;9.901185589
1510;-0.073827915;10158;90;9.919472969;3.410563982;8.265912042;9.846083417
1511;-0.063101985;10158;91;10.06393971;3.411846804;8.270264611;10.00177235
1512;-0.148018673;10159;81;10.32057483;4.404323448;7.729444896;10.17147622
1513;-0.279206693;10159;82;10.65686029;4.054976433;7.685927103;10.37807782
1514;-0.136928558;10159;83;11.06052192;4.234792362;7.86284972;10.92418151
1515;-0.084718533;10159;84;10.99169314;3.982064887;8.239470603;10.90931708
1516;-0.129572093;10159;85;10.90031085;4.490883828;8.327534825;10.7739727
1517;-0.075153358;10159;86;11.04943607;4.928974126;8.656402417;10.975446
1518;-0.0333349;10159;87;10.53668411;4.996734704;8.743436465;10.50008425
1519;-0.076230563;10159;88;10.79323906;4.955407998;8.824153067;10.71637332
1520;-0.149715528;10159;89;10.61159772;5.121752554;8.854495789;10.46071164
1521;-0.1387548;10159;90;10.34598981;5.251028463;8.87798647;10.20585311
1522;-0.103284419;10159;91;10.58367435;5.378807268;8.889938296;10.48180088
1523;-0.289538383;10160;81;11.07897908;4.621548314;9.101586954;10.79597991
1524;-0.197561711;10160;82;11.28634614;4.635960636;9.307227078;11.08997943
1525;-0.145160764;10160;83;11.25400981;4.518055488;9.354555276;11.11212065
1526;-0.160730883;10160;84;11.33479925;4.603564971;9.328924389;11.17755128
1527;-0.183424547;10160;85;11.28024695;4.641800081;9.369142966;11.09961001
1528;-0.23264195;10160;86;11.23525323;4.509008799;9.4018911;11.00663187
1529;-0.185683355;10160;87;11.08670454;4.501542076;9.447309009;10.90707935
1530;-0.17864278;10160;88;11.16934246;4.525499933;9.526692109;11.00158128
1531;-0.139405191;10160;89;11.33248832;4.63797672;10.50080268;11.19707902
1532;-0.11746718;10160;90;11.41079904;4.637986096;10.54672874;11.29473
1533;-0.100585908;10160;91;11.21433031;4.62116734;10.93895646;11.11721926
1534;-0.378644437;10161;81;10.02838739;2.82275085;6.787430724;9.652841191
1535;-0.17410183;10161;82;9.349666758;4.32682055;6.928873366;9.184686269
1536;-0.162378311;10161;83;9.140300706;2.684921848;6.939301496;8.979643586
1537;-0.125122532;10161;84;9.601398353;2.486451759;6.94045642;9.476436097
1538;-0.148653612;10161;85;9.507342791;2.609233674;6.869517008;9.3589922
1539;-0.121530183;10161;86;9.233535484;3.158052075;7.470264964;9.113550338
1540;-0.10552036;10161;87;9.309831961;3.203898113;7.459311682;9.202932336
1541;-0.141925618;10161;88;9.625549003;3.046504569;7.721808976;9.482960608
1542;-0.165614858;10161;89;9.247675482;2.902321144;7.758754706;9.080890927
1543;-0.251363069;10161;90;9.541616094;1.954251386;7.886147666;9.286567637
1544;-0.141523361;10161;91;9.927691002;2.392625888;8.04780086;9.784026132
1545;-2.683050632;10162;81;8.305261575;4.50319258;5.487677199;5.682987302
1546;-0.732795715;10162;82;9.637590733;4.549740686;6.353229572;8.905504392
1547;-0.053927973;10162;83;9.413479777;4.554500059;6.486199121;9.361193769
1548;-0.132624999;10162;84;9.895767399;4.4791938;6.525073062;9.764765367
1549;-0.034454267;10162;85;10.87296635;2.99737582;6.419882792;10.83929771
1550;-0.605060756;10162;86;10.50225054;2.187463389;6.365900939;9.897627054
1551;-1.685286522;10162;87;6.29851495;3.658166537;6.313669225;4.740889678
1552;-1.653998971;10162;88;6.5132561;2.746705849;6.26244054;4.964465549
1553;-1.910260081;10162;89;6.967819312;2.551629098;6.212214489;5.199217475
1554;-1.775220513;10162;90;6.702650785;2.389374231;6.245097047;5.159837488
1555;-1.192223549;10162;91;6.563970962;2.023437235;6.207316934;5.511192743
1556;-0.258860439;10163;81;8.634282671;2.751232384;5.130964727;8.405490886
1557;-0.247281924;10163;82;9.247739829;2.716450514;5.078743334;9.00927377
1558;-0.258271366;10163;83;9.194012284;2.715103124;5.542919816;8.946083659
1559;-0.207333729;10163;84;9.195021387;2.531844851;5.795075512;8.999470434
1560;-0.334119052;10163;85;9.338032999;2.570622781;6.147546279;9.021273381
1561;-0.372316509;10163;86;9.197624516;2.723660114;6.131276245;8.839836218
1562;-0.157978162;10163;87;9.169157086;2.618622522;6.08971991;9.013135917
1563;-0.277591228;10163;88;9.200048234;2.458829673;6.280688628;8.924316689
1564;-0.260871351;10163;89;9.090243663;2.849429152;6.240560397;8.832036649
1565;-0.317703098;10163;90;8.98425059;2.844155742;6.217982647;8.670595042
1566;-0.359426588;10163;91;8.603627359;2.914060819;6.273132746;8.244520953
1567;-0.166393265;10164;81;8.59252331;2.053980452;5.13197176;8.433751925
1568;-0.298383564;10164;82;8.742006364;2.07592184;5.071676591;8.452683732
1569;-0.348391294;10164;83;7.832170825;2.028726421;5.174437559;7.50212774
1570;-0.433362305;10164;84;8.686713763;2.201766558;5.11699153;8.267324906
1571;-0.263311744;10164;85;8.135483567;2.234716142;4.888778075;7.898573447
1572;-0.223664761;10164;86;7.55958863;2.486237094;4.894100792;7.340559077
1573;-0.273124933;10164;87;7.063757341;2.326667354;4.879185996;6.813503487
1574;-0.318294972;10164;88;7.94324185;2.311365346;4.922683756;7.636849505
1575;-0.241281718;10164;89;7.379320341;2.602173933;4.863900254;7.147883267
1576;-0.214846224;10164;90;7.397041929;2.382505048;5.083575862;7.185772295
1577;-0.172751188;10164;91;7.274065043;2.273338165;5.000823008;7.098123294
1578;-0.507979453;10165;81;7.657660816;2.8111486;4.714104371;7.157305198
1579;-0.187709644;10165;82;7.699042439;2.840014433;4.897938408;7.513080718
1580;-0.273255438;10165;83;8.244922096;3.036716975;5.030989479;7.974546286
1581;-0.194312781;10165;84;7.928740113;2.885256753;5.372078555;7.737818985
1582;-0.12157622;10165;85;8.073688013;1.838481156;5.281805915;7.95520276
1583;-0.160517484;10165;86;8.060805351;2.582557367;5.617750066;7.903337234
1584;-0.073792875;10165;87;7.593361217;2.107306226;5.533558226;7.519870727
1585;-0.104259789;10165;88;7.938936586;2.427090966;5.747965027;7.838951364
1586;-0.071036495;10165;89;8.118458872;2.717528972;5.750729229;8.050545176
1587;-0.094227143;10165;90;8.31260242;2.980510715;5.73816562;8.22112987
1588;-0.111383148;10165;91;7.549031156;2.317509183;5.665389503;7.439617976
1589;-0.182249129;10166;81;9.231857215;3.198518883;7.044673189;9.052652356
1590;-0.093301944;10166;82;9.171352429;3.280404866;6.710613654;9.080443661
1591;-0.105716974;10166;83;9.190769042;3.449543307;6.642817785;9.084110606
1592;-0.087346219;10166;84;9.231147971;3.445811737;6.870477906;9.142178419
1593;-0.046139203;10166;85;9.476526126;3.418194469;6.853963814;9.429967357
1594;-0.110618956;10166;86;9.36563936;3.251632668;6.874736811;9.249047413
1595;-0.0983188;10166;87;9.41548152;3.403142827;6.844046231;9.31055735
1596;-0.185210019;10166;88;8.969030737;3.410239112;7.773202348;8.778098535
1597;-0.496985435;10166;89;9.167432259;3.334087741;7.01659151;8.668249132
1598;-0.144734114;10166;90;9.36655747;2.783533062;7.101730872;9.2214814
1599;-0.193561748;10166;91;8.880800273;2.392624929;6.982306599;8.686857343
1600;-0.096997052;10167;81;8.796278431;2.683108575;6.495990247;8.705379758
1601;-0.091244861;10167;82;8.744027657;2.928632492;6.513516863;8.661165179
1602;-0.159424394;10167;83;8.467779092;2.93597519;6.443406529;8.318158288
1603;-0.062702417;10167;84;8.634297177;2.613936916;6.495565339;8.57993478
1604;-0.062612556;10167;85;8.801947496;2.454340956;6.515667367;8.750965989
1605;-0.046186332;10167;86;8.957328536;2.420390593;6.824573739;8.918115706
1606;-0.226836368;10167;87;8.542375395;2.096833336;6.782263469;8.321508288
1607;-0.162082553;10167;88;8.955134754;1.889492209;6.865150105;8.795283363
1608;-0.357301444;10167;89;8.408087172;1.070042124;6.744524498;8.053150044
1609;-0.069202229;10168;81;9.621343438;2.931597724;7.167505045;9.561599368
1610;-0.087781139;10168;82;9.236522918;2.917866198;7.313473122;9.161198339
1611;-0.070262291;10168;83;9.438225321;2.726855474;7.296472771;9.371569373
1612;-0.095528699;10168;84;9.010683366;2.955434603;7.247828898;8.921468725
1613;-0.050681636;10168;85;8.952544844;2.780502269;7.192122537;8.904981961
1614;-0.121400215;10168;86;8.723783141;2.677983018;7.128462858;8.608883368
1615;-0.132123947;10169;81;8.799872758;2.626713596;5.199896151;8.6753397
1616;-0.111272953;10169;82;8.848924716;2.554669942;5.513456187;8.746336676
1617;-0.339566112;10169;83;8.99605947;2.677215628;5.590131667;8.667907337
1618;-0.195871368;10169;84;8.787863162;2.603264197;5.697075667;8.604135181
1619;-0.311161906;10169;85;8.876942759;2.660361649;5.653152209;8.581968653
1620;-0.302402556;10169;86;9.087061819;2.498167863;5.57236102;8.786518374
1621;-0.257890612;10169;87;8.685701439;2.56136608;5.540657677;8.435781448
1622;-0.680654347;10169;88;7.899128933;2.443227594;5.459252168;7.233754865
1623;-0.498736322;10170;81;12.84699057;7.800656831;10.78983368;12.35407446
1624;-0.450065821;10170;82;12.90626503;7.83482424;10.97957161;12.46162639
1625;-0.490089655;10170;83;12.93942931;7.832417706;11.31999186;12.45193125
1626;-0.51412046;10170;84;12.91875879;7.812101916;11.46550787;12.40753861
1627;-0.415591538;10170;85;13.06343098;7.968407329;11.56835855;12.65000087
1628;-0.36742425;10170;86;12.89281514;7.771233574;11.56570269;12.5285021
1629;-0.33547312;10170;87;13.01138077;7.730742937;11.58816939;12.68939876
1630;-0.468257248;10170;88;13.13565583;7.886839327;11.63881321;12.66910408
1631;-0.444960326;10170;89;13.18106568;7.89382174;11.70490318;12.73676284
1632;-0.444601744;10170;90;13.19543631;7.86283422;11.76239919;12.75179287
1633;-0.41796273;10170;91;13.23745591;7.979681052;11.80042772;12.81830672
1634;-0.568492293;10171;81;9.126001805;5.057056039;6.888690106;8.576151536
1635;-0.622833669;10171;82;9.114007237;5.02875265;7.510349106;8.514075152
1636;-0.650582194;10171;83;9.028867674;5.003453705;7.677275582;8.401308524
1637;-0.672307551;10171;84;9.011614529;5.026234128;7.734551689;8.359320963
1638;-0.651213109;10171;85;8.902039902;4.980736258;7.854613198;8.268051137
1639;-0.658605993;10171;86;8.925178234;5.001162981;7.828804787;8.2819479
1640;-0.611814201;10171;87;8.936513948;5.022962464;7.869971212;8.338095495
1641;-0.657209694;10171;88;8.889626722;4.941728522;7.955670141;8.245418942
1642;-0.707137883;10171;89;8.833146284;5.028075506;7.974334639;8.137761474
1643;-0.761490881;10171;90;8.750575785;4.971735859;7.981477436;8.000584602
1644;-0.759554386;10171;91;8.793436506;4.897781268;7.97080507;8.042582246
1645;-0.204123408;10172;81;7.503785662;3.37672041;2.816151784;7.29857823
1646;-0.28148219;10172;82;7.302572427;3.040464095;2.703223725;7.017131987
1647;-0.261217564;10172;83;7.279239697;3.14784967;2.655392322;7.014630626
1648;-0.26961714;10172;84;7.250080627;3.199213257;2.608778722;6.977289768
1649;-0.257350624;10172;85;7.309619674;3.278536848;2.497684564;7.053110627
1650;-0.240312114;10172;86;7.234990387;3.234574479;2.428144465;6.995165685
1651;-0.271049768;10172;87;7.233033504;3.188190069;2.3178468;6.958926929
1652;-0.271000534;10172;88;7.018484087;3.120195624;2.207813546;6.736255062
1653;-0.233277515;10172;89;7.012119033;3.035048313;2.098047134;6.768020183
1654;-0.215092152;10172;90;6.79442506;2.949214501;1.988549491;6.566413061
1655;-0.228780031;10172;91;6.541971593;2.77827502;1.8793226;6.287572062
1656;-0.222563535;10173;81;8.378413789;3.920577014;6.96280557;8.155125594
1657;-0.322678685;10173;82;8.334463817;3.916961353;6.904599915;7.9991178
1658;-0.28480953;10173;83;8.537746054;3.96127998;6.847395839;8.251908289
1659;-0.442508459;10173;84;8.503038405;3.970045151;6.791171125;8.059299842
1660;-0.337050587;10173;85;8.4648605;3.966886507;6.735902729;8.128703735
1661;-0.354006886;10173;86;8.378203402;3.947603308;6.681567089;8.024111632
1662;-0.417565733;10173;87;8.411739572;3.934276077;6.628140513;7.988754129
1663;-0.406558931;10173;88;8.220059825;3.99310031;6.575598887;7.816884589
1664;-0.347087085;10173;89;8.401331332;4.034961592;6.536862835;8.057826075
1665;-0.396896929;10173;90;8.27695098;4.002997378;6.485528559;7.887477719
1666;-0.409839213;10173;91;8.19539854;3.954965504;6.435016369;7.776383658
1667;-0.447360665;10174;81;9.188656977;5.323959295;7.076746292;8.742324687
1668;-0.564055681;10174;82;9.265509053;5.507934607;7.353824624;8.702830128
1669;-0.549882829;10174;83;9.270649595;5.338086952;7.610195873;8.71887136
1670;-0.620664835;10174;84;9.279166928;5.294180403;7.694049546;8.654442384
1671;-0.609674215;10174;85;9.219799981;5.08112455;7.66584804;8.604539839
1672;-0.570813417;10174;86;9.127562882;5.052226426;7.637818437;8.553858904
1673;-0.472915322;10174;87;9.223390107;5.092254095;7.618917074;8.745736668
1674;-0.611791015;10174;88;9.288403507;5.215714399;7.637990068;8.667772686
1675;-0.565366924;10174;89;9.574233421;5.401901219;7.753638006;9.00609512
1676;-0.593441546;10174;90;9.597267323;5.468629769;7.744578902;9.000881264
1677;-0.511963665;10174;91;9.652644742;5.714055555;7.971116945;9.137839716
1678;-0.651144207;10175;81;6.783891292;2.539963772;4.663163102;6.140227685
1679;-0.45940733;10175;82;6.476120513;2.549874396;4.628172483;6.028041999
1680;-0.713323474;10175;83;6.590726862;2.566594193;4.593522876;5.888792404
1681;-0.46800825;10175;84;6.225849064;2.492205991;4.559189038;5.775677692
1682;-0.608142555;10175;85;6.170594281;2.303259876;4.525147245;5.593503448
1683;-0.79065454;10175;86;6.371612056;2.297218891;4.491375254;5.602404924
1684;-0.901536286;10175;87;6.386047909;2.400109419;4.457852972;5.476574699
1685;-0.590444863;10175;88;6.298514389;2.397666712;4.424561243;5.714329181
1686;-0.530635417;10175;89;6.146684035;2.38551868;4.391482576;5.620675155
1687;-0.672885001;10175;90;6.263783698;2.292924397;4.358600886;5.59154673
1688;-0.515982568;10175;91;5.983241669;2.406691227;4.325900607;5.463595266
1689;-0.729884565;10176;81;7.040711463;3.360515356;4.7598355;6.338315715
1690;-0.581975222;10176;82;6.862482898;3.164467622;4.853351898;6.300995644
1691;-0.519609213;10176;83;6.963800728;3.295905175;5.005168106;6.455312758
1692;-0.5013538;10176;84;6.950780509;3.19873345;5.185666564;6.465763443
1693;-0.535186887;10176;85;6.892359414;3.067297961;5.183110527;6.389573359
1694;-0.512691736;10176;86;6.713282682;3.083684032;5.134494127;6.227473892
1695;-0.607917011;10176;87;6.674617339;2.97268281;5.146426768;6.078985654
1696;-0.55887419;10176;88;6.389696425;2.731887832;5.103368229;5.826757539
1697;-0.637519479;10176;89;6.523625938;2.602246023;5.045311292;5.889216976
1698;-0.643823147;10176;90;6.500345746;2.646624844;4.994234649;5.863423687
1699;-0.631891787;10176;91;6.426625728;2.769337194;4.927428593;5.801477024
1700;-0.657339871;10177;81;8.795612526;4.67404801;6.675056486;8.146792786
1701;-0.583140254;10177;82;8.808101694;4.641014996;6.797161026;8.232632999
1702;-0.657405555;10177;83;8.769283783;5.089281012;6.778837877;8.121170037
1703;-0.537861347;10177;84;8.672641662;4.993810382;6.738273545;8.144606754
1704;-0.550578237;10177;85;8.413602701;4.685159745;6.656727073;7.879126432
1705;-0.51242429;10177;86;7.761991693;4.008276427;6.576735351;7.253855439
1706;-0.537649572;10177;87;7.731740317;3.966523675;6.498352007;7.193399449
1707;-0.534744799;10178;81;8.289011948;3.878020162;6.991552573;7.752854575
1708;-0.386763841;10178;82;7.992760683;4.01845003;7.102581335;7.601399772
1709;-0.484235108;10178;83;7.991252773;3.846370501;7.034214005;7.500045136
1710;-0.27013436;10178;84;7.898589944;3.630641942;6.966297081;7.620301156
1711;-0.408646762;10178;85;7.937168114;3.703323885;6.899470444;7.521063761
1712;-0.245295137;10178;86;8.064512018;3.587616418;6.833439756;7.808209059
1713;-0.225395173;10178;87;8.189791693;3.78144788;6.802820562;7.95740041
1714;-0.223364249;10178;88;8.307063589;3.244966059;6.737712858;8.07890691
1715;-0.161944687;10178;89;8.175872011;3.475484256;6.808592221;8.010131796
1716;-0.205719262;10178;90;8.178868723;3.504873015;6.739088917;7.968049624
1717;-0.237690434;10178;91;8.058223851;3.627397577;6.806109845;7.815216422
1718;-0.426308602;10179;81;6.65993474;3.082323429;4.043950329;6.235575878
1719;-0.624820352;10179;82;6.690776008;2.950322273;3.940697073;6.071425511
1720;-0.512666702;10179;83;6.76455114;3.054102878;4.504400573;6.256626408
1721;-0.525321782;10179;84;6.626962587;2.924280978;4.394866518;6.11022062
1722;-0.580436885;10179;85;6.445739874;3.003816421;4.285821842;5.871319114
1723;-0.503178298;10179;86;6.376998248;2.908720931;4.17727218;5.880227252
1724;-0.655597389;10179;87;6.3949312;2.943153202;4.069222361;5.733340487
1725;-0.711519718;10179;88;6.278265112;2.924989549;3.961677025;5.561728071
1726;-0.61729306;10179;89;6.290066773;2.814404219;3.854640541;5.654205471
1727;-0.576804459;10179;90;6.296938339;2.793156549;3.748116179;5.724481976
1728;-0.524694443;10179;91;6.339066288;2.708381834;3.642107282;5.816714989
1729;-0.391094297;10180;81;10.44756902;6.34900272;8.903522532;10.05733612
1730;-0.383217722;10180;82;10.71002044;6.227292689;9.011991133;10.3332134
1731;-0.410797477;10180;83;10.72439062;6.299283201;9.03546904;10.31269889
1732;-0.386416584;10180;84;10.72865517;6.210912986;9.081068422;10.33887143
1733;-0.53192848;10180;85;10.85225644;6.373819924;9.158909116;10.31646997
1734;-0.427123159;10180;86;10.79162601;6.277844426;9.221769729;10.36006336
1735;-0.378755599;10180;87;10.78234888;6.296457729;9.444566271;10.39761878
1736;-0.422480643;10180;88;10.76794578;6.381914433;9.475610866;10.34046003
1737;-0.353603989;10180;89;10.86592082;6.457549394;9.560456481;10.50769145
1738;-0.309945643;10180;90;10.87399299;6.667084911;9.599170619;10.55949563
1739;-0.326852858;10180;91;10.83692742;6.626015154;9.625087593;10.50637287
1740;-0.63404882;10181;81;12.24160146;7.68805199;10.60860953;11.61058664
1741;-0.674273193;10181;82;12.21950631;7.517732992;10.5922107;11.54628279
1742;-0.679145098;10181;83;12.24700868;7.436955653;10.54083758;11.57077801
1743;-0.546102524;10181;84;12.13226841;7.480801539;10.51304972;11.58972713
1744;-0.661881685;10181;85;12.17390886;6.772947542;10.53150854;11.51550105
1745;-0.707459092;10181;86;12.18229964;6.742360334;10.34110317;11.48012266
1746;-0.731408834;10181;87;12.03154532;6.709494052;10.45051766;11.30458865
1747;-0.704459488;10181;88;12.31306447;6.692628518;10.58472266;11.61330424
1748;-0.719972134;10181;89;12.45599851;6.669464706;10.85678441;11.74010953
1749;-0.812877774;10181;90;12.47206236;6.663503437;11.306842;11.66301992
1750;-0.799110651;10181;91;12.45505681;6.628468692;11.49515045;11.65721606
1751;-0.237229168;10182;81;5.983432345;1.945910149;3.801299505;5.7353679
1752;-0.293387532;10182;82;6.403934281;2.302585093;3.707752359;6.104698542
1753;-0.36312297;10182;83;6.724188978;2.708050201;3.61461627;6.359536698
1754;-0.408049673;10182;84;6.758365688;2.708050201;3.521883056;6.349234381
1755;-0.503270209;10182;85;6.56444599;2.564949357;3.429544611;6.065124813
1756;-0.846483111;10182;86;5.711745679;2.618951047;3.354818306;4.868313402
1757;-0.980599105;10182;87;5.86434349;2.704666824;3.378508972;4.883170262
1758;-0.967107177;10182;88;6.125567809;3.113461393;3.650319915;5.158983475
1759;-0.588564575;10182;89;5.992587116;2.636838872;3.693112616;5.398467762
1760;-0.494796604;10182;90;6.259940025;2.869164017;4.171012676;5.764054227
1761;-0.952132106;10182;91;6.404337452;3.005864296;4.217739939;5.44433689
1762;-0.288879186;10183;81;7.486164755;3.295342882;6.451137633;7.215258828
1763;-0.324383408;10183;82;7.497021291;3.309197902;6.834179495;7.182762763
1764;-0.241853178;10183;83;7.780150144;3.244708401;6.899189092;7.549777544
1765;-0.331179619;10183;84;7.616530196;3.45050615;6.830450062;7.295058571
1766;-0.279555321;10183;85;7.569113564;3.38688558;6.827751826;7.299809409
1767;-0.26656732;10183;86;7.567178399;3.358717773;6.832824929;7.309383446
1768;-0.256729007;10183;87;7.60874625;3.359127985;6.802395713;7.359836578
1769;-0.256743133;10183;88;7.450168847;3.359104113;6.790025487;7.20943018
1770;-0.314656824;10183;89;7.583552001;3.48733637;6.802624365;7.27437381
1771;-0.301564544;10183;90;7.563847178;3.494873884;6.849153592;7.270938163
1772;-0.273914814;10183;91;7.596011306;3.479881369;6.948020087;7.327670332
1773;-0.769649982;10184;81;9.663661863;5.164856859;7.670214762;8.902516841
1774;-1.41096735;10184;82;9.160358512;4.464610894;7.566060967;7.755382954
1775;-1.021985769;10184;83;8.625540093;3.709272419;7.462391193;7.60690431
1776;-0.968200266;10184;84;8.139692254;3.544774034;7.305899219;7.178371348
1777;-0.382475823;10184;85;7.711478489;2.847013281;7.181728858;7.334645313
1778;-0.495674312;10185;81;8.354933075;4.041928246;5.700815023;7.859419282
1779;-0.687520385;10185;82;8.585461868;3.946246471;5.736361704;7.901703243
1780;-0.594727397;10185;83;8.469532477;3.941366384;5.790390031;7.876460737
1781;-0.693840325;10185;84;8.379500362;4.165847776;6.027242003;7.682376347
1782;-0.388994306;10185;85;8.10878724;3.764779606;6.085610636;7.712495041
1783;-0.419751137;10185;86;8.160811522;3.631737926;6.126041202;7.732788915
1784;-0.417387575;10185;87;8.126240865;3.716267562;6.072947773;7.695721463
1785;-0.5172019;10185;88;8.147015808;3.642401644;6.055454364;7.61000507
1786;-0.711027622;10185;89;8.237182659;3.757472694;6.19112467;7.504141472
1787;-0.774752557;10185;90;8.235522377;3.784696947;6.141803213;7.44784731
1788;-0.905112207;10185;91;8.158837148;4.027784549;6.079171432;7.241472084
1789;-0.357545137;10186;81;11.38490005;5.626224014;8.900545087;11.0297468
1790;-0.424083948;10186;82;11.40976478;6.253859681;8.922495786;10.98434842
1791;-0.210793152;10186;83;11.53727877;6.272504277;8.954148387;11.32361319
1792;-0.193102166;10186;84;11.56400274;6.265385684;9.005122952;11.36602664
1793;-0.171948716;10186;85;11.65442435;6.389069868;9.003871656;11.47609039
1794;-0.170993537;10186;86;11.53600466;6.381605419;8.975055912;11.353664
1795;-0.18678464;10186;87;11.61517797;6.413031019;8.928546529;11.41529067
1796;-0.345144093;10186;88;11.67996555;6.29579367;9.410176113;11.32579106
1797;-0.206040084;10186;89;11.92315442;6.274572576;9.759333082;11.71186104
1798;-0.208736837;10186;90;11.96886256;6.287781412;9.866692879;11.75473239
1799;-0.248624563;10186;91;11.95231675;6.298073615;10.21144814;11.70020748
1800;-0.299896091;10187;81;8.324627388;3.350194631;6.46025809;8.034048043
1801;-0.208606124;10187;82;8.146668314;3.788201745;6.525450461;7.948162421
1802;-0.286031187;10187;83;7.506980586;3.080725452;6.47951467;7.238723154
1803;-0.411375225;10187;84;7.051910051;3.134943172;6.463144094;6.690585669
1804;-0.545263588;10187;85;7.396766117;3.749254968;6.421803273;6.853464203
1805;-0.415333539;10187;86;7.708953944;3.759315388;6.421515178;7.308575665
1806;-0.305915624;10187;87;7.817568633;3.724689612;6.381931885;7.538041827
1807;-0.436995238;10187;88;7.534862421;3.709801256;6.368243509;7.137579783
1808;-0.247546881;10187;89;8.176526497;3.729635467;6.352212909;7.939736842
1809;-0.215140492;10187;90;8.145631622;3.551972358;6.332752397;7.945696385
1810;-0.377309233;10187;91;8.015661807;3.697266559;6.328743648;7.647107673
1811;-0.344596505;10188;81;7.526340565;2.842926705;3.186472221;7.183937398
1812;-0.225312889;10188;82;7.361273828;3.043333089;3.095102143;7.141508558
1813;-1.270531297;10188;83;8.319085658;3.154050886;3.00387649;7.045943399
1814;-1.450993419;10188;84;8.430128901;4.832142458;2.912795455;6.949904205
1815;-1.320816517;10188;85;8.447297848;4.564541451;5.719770819;7.081567631
1816;-1.397531629;10188;86;8.517014074;4.668946932;5.631482575;7.092890866
1817;-1.361009598;10188;87;8.593613631;4.505803886;5.543324289;7.211599434
1818;-1.387447715;10188;88;8.535716853;4.509234719;5.439082436;7.135266719
1819;-1.371341348;10188;89;8.523115464;4.644203448;5.351052926;7.141504693
1820;-1.26434803;10188;90;8.449641176;4.635437012;5.225443913;7.179593008
1821;-1.176597357;10188;91;8.465747953;4.43405305;5.139569573;7.284069035
1822;-0.422178328;10189;81;7.565637885;3.412439821;5.578492235;7.145960804
1823;-0.517866492;10189;82;7.622979051;3.54699725;6.124839906;7.107147303
1824;-0.589679599;10189;83;7.815491852;3.783081718;6.67002705;7.228907072
1825;-0.593204439;10189;84;8.158427126;3.944241519;6.982872943;7.567767847
1826;-0.506735265;10189;85;8.351650739;4.109935697;7.214545014;7.849174695
1827;-0.446430087;10189;86;8.417629859;4.07292455;7.280172206;7.973897927
1828;-0.377225459;10189;87;8.492299472;4.23577363;7.368556617;8.11767147
1829;-0.329817027;10189;88;8.662730121;4.626022202;7.762998265;8.335843896
1830;-0.385259598;10189;89;8.966818092;4.410642725;8.372609766;8.584622002
1831;-0.373718411;10189;90;9.114797929;4.861485567;8.534904172;8.74545635
1832;-0.419090748;10189;91;9.101346637;4.742788494;8.535046444;8.687474784
1833;-0.682097316;10190;81;6.603943825;2.961341301;5.079568878;5.926719787
1834;-0.511586249;10190;82;6.616893107;2.48490665;5.058324864;6.108157987
1835;-0.476362497;10190;83;6.675354226;2.708050201;5.449365924;6.203025532
1836;-0.38116613;10190;84;6.644827904;2.708050201;5.444824907;6.271214317
1837;-0.283107758;10190;85;6.459383657;2.302585093;5.48792673;6.181399792
1838;-0.409225345;10190;86;6.311281872;1.945910149;5.489890442;5.906374485
1839;-0.35302031;10190;87;6.153137133;2.079441542;5.496643974;5.804405038
1840;-0.360268593;10190;88;5.919099089;2.079441542;5.474077207;5.567105445
1841;-0.383319259;10191;81;8.090157078;4.221856929;5.767905871;7.707799636
1842;-0.483257324;10191;82;8.05054393;4.169239696;5.99239955;7.567813461
1843;-0.550544739;10191;83;7.979145822;4.287865744;6.43761668;7.42994883
1844;-0.602258563;10191;84;7.844944946;4.388365886;6.419761297;7.24545357
1845;-0.684274316;10191;85;7.666873517;4.134879223;6.409692809;6.987750585
1846;-0.433752;10191;86;7.542845621;4.097717355;6.412543311;7.112257304
1847;-0.389920384;10191;87;7.548569678;3.934189818;6.696857758;7.161983697
1848;-0.435938269;10191;88;7.60679801;3.870900956;6.654507499;7.174356536
1849;-0.502927959;10191;89;7.491452852;3.823593192;6.786276312;6.991489257
1850;-0.389228433;10191;90;7.354760171;3.619920063;6.747438513;6.970041892
1851;-0.489589065;10192;81;8.385397457;4.03372927;7.59282974;7.956793173
1852;-0.353654772;10192;82;8.160939127;3.980901399;6.643490553;7.824830078
1853;-0.466361403;10192;83;8.053629484;3.968774961;7.310791006;7.616305319
1854;-0.501564503;10192;84;8.154443121;4.102245612;7.285297861;7.679862212
1855;-0.47918433;10192;85;8.38156138;4.390558138;7.302195562;7.920223446
1856;-0.529359162;10192;86;8.664538485;4.697998151;7.416355137;8.147346642
1857;-0.458813578;10192;87;8.737423127;4.843259294;7.366336267;8.285884253
1858;-0.47528401;10192;88;8.773266148;4.868396083;7.362396606;8.310286371
1859;-0.486837059;10192;89;8.719125555;4.823552359;7.328083182;8.226798916
1860;-0.518176258;10192;90;8.602442633;4.582108757;7.281423132;8.113353885
1861;-0.510535777;10192;91;8.757551849;4.658630244;7.340853603;8.273304009
1862;-0.262689829;10193;81;8.261294009;3.792135468;5.347907498;8.001622114
1863;-0.606970012;10193;82;8.300254289;3.916519944;5.705308613;7.699178098
1864;-0.445231944;10193;83;8.003124767;4.180590291;5.612659206;7.57463136
1865;-0.388703078;10193;84;8.624711046;3.701403694;5.521168211;8.265623352
1866;-0.399801761;10193;85;8.806623759;4.450122701;6.747093683;8.41999093
1867;-0.315237582;10193;86;8.887903609;4.483730312;6.752919876;8.579743623
1868;-0.256582856;10193;87;9.080438768;4.871171627;7.76187905;8.831433299
1869;-0.36309424;10193;88;9.261360006;4.883198688;7.930014916;8.897578711
1870;-0.344116598;10193;89;9.459460315;4.907906674;8.106132919;9.115473863
1871;-0.294324338;10193;90;9.516623034;5.251787505;8.156709875;9.223402059
1872;-0.323200971;10193;91;9.410214497;5.431615873;8.23428253;9.092725279
1873;-0.205088466;10194;81;9.233451227;4.600032882;7.275546407;9.030003251
1874;-0.221636012;10194;82;9.146173553;4.33484355;7.388445469;8.926613164
1875;-0.226423591;10194;83;9.069852698;4.39319517;7.305041687;8.839955454
1876;-0.2403557;10194;84;9.019006056;4.470466318;7.223244482;8.771445844
1877;-0.185500294;10194;85;9.032296333;4.272501559;7.141094045;8.836161208
1878;-0.169148877;10194;86;8.981905687;4.271973539;7.073733787;8.803617686
1879;-0.176409543;10194;87;9.122499105;4.224409116;6.997375585;8.931014048
1880;-0.212538406;10194;88;9.079384009;4.423345027;6.937737564;8.85689959
1881;-0.249642953;10194;89;9.087829944;4.654958648;6.877269203;8.828371515
1882;-0.235843405;10194;90;9.153298472;4.532261282;6.802731756;8.904099449
1883;-0.19652684;10194;91;9.036353013;4.509679776;6.769470069;8.830262781
1884;-0.34706077;10195;81;11.38255025;7.370279453;9.938943299;11.03705736
1885;-0.586141109;10195;82;11.45738814;7.23607469;10.36716832;10.87319508
1886;-0.834556818;10195;83;11.4739729;7.243402067;10.49622872;10.63650409
1887;-0.624048293;10195;84;11.54522195;7.274577261;10.48032791;10.91969927
1888;-0.459533602;10195;85;11.59457882;6.784387947;10.55876979;11.13252931
1889;-0.424799442;10195;86;11.59305206;7.413767555;10.73753606;11.16669677
1890;-0.43168053;10195;87;11.74088807;7.358909269;10.70730722;11.30501068
1891;-0.40480718;10195;88;11.89021334;7.581175962;10.62642077;11.48483507
1892;-0.43967995;10195;89;12.00213335;7.272806482;10.81938188;11.56259218
1893;-0.447750837;10195;90;11.96059901;7.827099742;10.91216559;11.5079079
1894;-0.448043823;10195;91;11.93752917;7.193434126;10.80761105;11.4866398
1895;-1.217177272;10196;81;7.890095871;2.776425732;6.05006312;6.666908103
1896;-1.050208807;10196;82;7.783351165;2.827034794;6.006838767;6.710054345
1897;-1.011931658;10196;83;7.56765314;2.797900078;6.260430461;6.552448156
1898;-0.579408705;10196;84;7.214046388;2.844114236;6.215721858;6.65759625
1899;-0.314014971;10196;85;7.33277238;2.784321227;6.12950242;7.047930477
1900;-0.295260549;10196;86;7.197112126;2.771004906;6.082772463;6.90023882
1901;-0.240716353;10196;87;6.932347134;2.429464358;6.032896512;6.712529679
1902;-0.287483811;10196;88;6.338678295;1.390565555;5.982113636;6.052149628
1903;-0.400954127;10197;85;9.267265143;5.134968104;8.206856562;8.868756686
1904;-0.398832291;10197;86;9.334412099;5.358262616;8.212420261;8.939144184
1905;-0.384113252;10197;87;9.442729334;5.403877981;8.141957336;9.061345616
1906;-0.368754297;10197;88;9.61531226;5.381196951;8.179486756;9.248235556
1907;-0.34682551;10197;89;9.724865978;5.352562754;8.245346725;9.379242125
1908;-0.383826584;10197;90;9.738134994;5.445601921;8.280722828;9.356854096
1909;-0.333277971;10197;91;9.706683028;5.552664302;8.252429483;9.376316585
1910;-0.297933906;10198;81;9.075551046;4.761580361;7.298340783;8.777573443
1911;-0.304246753;10198;82;9.020901319;4.520759821;7.397732958;8.71631601
1912;-0.345181048;10198;83;9.182555682;4.512470609;7.453452809;8.83492237
1913;-0.352410495;10198;84;9.149651307;4.539594913;7.753249093;8.790929671
1914;-0.296336323;10198;85;9.176830143;4.654883444;7.712211022;8.870487564
1915;-0.281388432;10198;86;9.097530958;4.489929616;7.697123091;8.7955627
1916;-0.261382371;10198;87;9.114897635;4.722432253;7.795396537;8.841171054
1917;-0.270664811;10198;88;9.150740054;4.548218857;7.829098752;8.854804706
1918;-0.243241146;10198;89;9.318458625;4.702192669;7.836921842;9.058994998
1919;-0.24058874;10198;90;9.36716223;4.771036485;7.831845109;9.116869934
1920;-0.312425256;10198;91;9.324620491;4.888026638;7.901955857;9.010607648
1921;-0.715245783;10199;81;5.754792434;2.63905733;3.880757274;5.077331177
1922;-1.047790289;10199;82;5.960532363;2.872325324;3.783757353;4.949019689
1923;-1.103482246;10199;83;6.094983326;2.818065926;3.68722556;5.010652892
1924;-0.778326988;10199;84;5.805400308;2.826693462;3.591155551;5.043585174
1925;-0.660985291;10199;85;5.829698759;2.647760116;3.495540936;5.186517468
1926;-0.786013126;10199;86;5.701804303;2.609157594;3.400374913;4.936873488
1927;-0.645280719;10199;87;5.669409157;2.517327902;3.305650396;5.041697906
1928;-0.569692433;10199;88;5.553546226;2.563413937;3.287451078;5.005965901
1929;-0.565385699;10199;89;5.48999154;2.447166303;3.194600392;4.940735094
1930;-0.637952328;10199;90;5.277386566;2.399383631;3.102149798;4.656828374
1931;-0.332751095;10200;81;8.593579976;4.549482033;6.158297484;8.267741947
1932;-0.403258264;10200;82;8.513247037;4.547909802;6.062364778;8.111823196
1933;-0.636342287;10200;83;8.459736824;4.350223594;6.509932948;7.827789873
1934;-0.41111365;10200;84;8.364675666;4.088367095;6.497320383;7.955433481
1935;-0.48492834;10200;85;8.023356069;4.056549382;6.562529781;7.540426703
1936;-0.547285438;10200;86;8.061166044;4.076315671;6.48228696;7.518343492
1937;-0.491312712;10200;87;7.769264526;3.985704534;6.416843376;7.287353383
1938;-0.262624472;10200;88;7.714321277;3.800607053;6.395236226;7.453186821
1939;-0.220845148;10200;89;7.70075376;3.461980204;6.315136131;7.478295207
1940;-0.26766178;10200;90;7.323534607;3.594042271;6.246408702;7.055943639
1941;-0.294152826;10200;91;7.281518395;3.594534127;6.19481636;6.987359376
1942;-0.468139321;10202;81;9.794269563;4.907792359;9.382931966;9.33373515
1943;-0.326217741;10202;82;9.505634367;4.529992176;9.364689693;9.185749763
1944;-0.403171033;10202;83;9.713446984;4.568490547;9.706455196;9.318345201
1945;-0.327696383;10202;84;9.587367425;4.219462825;9.656053685;9.268566071
1946;-0.28324163;10202;85;9.717430669;4.213456151;9.626845229;9.439953109
1947;-0.187072486;10202;86;9.382092845;4.408753109;9.635982003;9.200775832
1948;-0.254846603;10202;87;9.472687509;4.502191103;9.656010284;9.218240819
1949;-0.236411169;10202;88;9.774749786;4.710522218;9.668898502;9.544954298
1950;-0.177647457;10202;89;9.813035213;4.799466195;9.668005684;9.640887753
1951;-0.190528169;10202;90;9.831160026;4.66318614;9.806113183;9.644238864
1952;-0.100806005;10202;91;9.500932415;4.712303041;9.66124343;9.402098143
1953;-0.540524065;10204;81;7.064673575;2.833213344;4.717115018;6.542348387
1954;-0.402937442;10204;82;7.0927042;3.174946785;4.805224889;6.701460413
1955;-0.447666347;10204;83;7.137445809;3.18726612;4.747006762;6.700135295
1956;-0.292069048;10204;84;7.262168549;3.11183314;4.689429736;6.978288256
1957;-0.294160098;10204;85;7.258934166;3.012552076;4.632495231;6.970810538
1958;-0.283172309;10204;86;7.303013526;3.104563978;4.576204045;7.023940794
1959;-0.405480355;10204;87;7.479700852;3.053145694;4.520556085;7.075292589
1960;-0.399304897;10204;88;7.452880847;3.062127424;4.465550438;7.053478739
1961;-0.4031986;10204;89;7.438780395;3.090197748;4.411185666;7.035925049
1962;-0.502529621;10204;90;7.448022487;3.109004742;4.357459356;6.950617963
1963;-0.426184535;10204;91;7.323459938;3.079070608;4.304368264;6.895466395
1964;-0.715305507;10205;81;7.928189751;3.298833197;7.16965989;7.218985719
1965;-0.626013935;10205;82;7.80998908;2.990654822;7.614223977;7.192533879
1966;-0.709235907;10205;83;7.723935039;3.414174339;7.53375866;7.024950034
1967;-0.690737188;10205;84;7.729685214;3.617390668;7.591611076;7.060539966
1968;-0.561350346;10205;85;8.087123137;3.726463516;7.55148568;7.534799369
1969;-0.457186997;10205;86;8.116207465;3.806271788;7.561284802;7.668127722
1970;-0.608071029;10205;87;8.119989978;3.792140886;7.527545482;7.525241045
1971;-0.536992669;10205;88;7.773532634;3.487913097;7.495449709;7.252593736
1972;-0.555510163;10205;89;8.057987693;3.629856699;7.452561753;7.512531138
1973;-0.421282589;10205;90;7.749395494;3.590147317;7.522138363;7.338660703
1974;-0.555966735;10205;91;7.766117367;3.633684152;7.648954116;7.226191787
1975;-0.246764407;10206;81;7.494485817;3.091042453;5.775096827;7.254690255
1976;-0.206893504;10206;82;7.486106086;3.091042453;5.743237324;7.291241101
1977;0.053501733;10206;83;6.290076621;2.970594914;6.617995692;6.391358849
1978;-0.084524386;10206;84;6.192291779;2.95079211;7.182086045;6.131445263
1979;-0.473225355;10206;85;6.754978634;2.964406302;7.338299977;6.305549619
1980;-0.113261871;10206;86;6.180136442;2.958067951;7.388996343;6.07705916
1981;-0.359904945;10206;87;6.191026438;3.019456228;7.407908185;5.848846938
1982;-0.373583555;10206;88;6.011876592;3.01938647;7.406928758;5.686185519
1983;-0.530090392;10206;89;6.377026474;2.988466601;7.369824683;5.875300645
1984;-0.505521953;10206;90;6.597614722;3.07629825;7.333115401;6.098531873
1985;-0.450469673;10206;91;6.624799568;3.031484462;7.296776434;6.189983535
1986;-0.414120913;10207;81;7.731930722;2.996420494;5.257267895;7.318930858
1987;-0.341368556;10207;82;7.642407736;3.139981908;5.210081235;7.302120353
1988;-0.330992311;10207;83;7.726403465;3.185523886;5.275649509;7.397335695
1989;-0.249195114;10207;84;7.626237134;3.192899481;5.279160974;7.379343803
1990;-0.337126076;10207;85;6.831855588;2.120263498;5.308998794;6.498597479
1991;-0.477849126;10207;86;7.28069501;2.197224577;5.342954778;6.804093759
1992;-0.40813145;10207;87;7.192364367;2.48490665;5.301280958;6.784767023
1993;-0.269567907;10207;88;7.498978821;2.48490665;5.278499169;7.229897512
1994;-0.409676433;10207;89;7.75726101;2.48490665;5.391499179;7.347961823
1995;-0.177894443;10207;90;7.540447127;2.708050201;5.340115837;7.362766249
1996;-0.350712299;10207;91;6.944580547;3.177989376;5.296978886;6.596751935
1997;-0.339360535;10208;81;6.436310573;2.772588722;4.251271753;6.113227689
1998;-0.480383128;10208;82;6.473867431;2.784790743;4.397083474;6.017693469
1999;-0.224844977;10208;83;6.49766131;1.943966922;4.813040652;6.296129692
2000;-0.318799525;10208;84;6.749209804;2.643351009;4.768520061;6.422387643
2001;-0.375689745;10208;85;6.776475117;2.726948748;4.835838698;6.392495093
2002;-0.342605621;10209;81;7.565171675;3.54333444;5.277341144;7.218764644
2003;-0.494193226;10209;82;7.614323709;3.348890671;5.266674273;7.125712946
2004;-0.386114955;10209;83;7.679239687;3.439810456;5.613718792;7.296026045
2005;-0.464806676;10209;84;7.32587163;3.494548936;5.766000304;6.860893838
2006;-0.426879972;10209;85;7.280805893;3.520503666;5.789730189;6.853458275
2007;-0.458728999;10209;86;7.186079063;2.870174206;5.776783376;6.731937502
2008;-0.410956383;10209;87;7.267730362;3.433346561;5.77303143;6.86156932
2009;-0.384823173;10209;88;7.273619198;3.431092401;5.759563411;6.886085282
2010;-0.25938949;10209;89;7.161732419;2.916079598;5.746188955;6.894102567
2011;-0.33097735;10209;90;7.062475795;2.916603166;5.765068642;6.720962167
2012;-0.328610837;10209;91;7.028891411;2.916671392;5.778186569;6.692322024
2013;-0.530011833;10210;81;8.441995353;4.409905949;5.760468206;7.910903934
2014;-0.469643295;10210;82;8.372339799;4.542594256;6.081956759;7.905040609
2015;-0.444022208;10210;83;8.235897454;4.385943419;6.07201942;7.796332507
2016;-0.437873751;10210;84;8.314354425;4.47979678;6.013368509;7.875910036
2017;-0.365984052;10210;85;8.372060613;4.413109894;6.125424486;8.008410402
2018;-0.355232388;10210;86;8.323887624;4.341366394;6.664425992;7.97426111
2019;-0.362643927;10210;87;8.447070985;4.391030719;6.819162574;8.088859422
2020;-0.395802677;10210;88;8.558778332;4.55278071;7.231191075;8.165952534
2021;-0.310411632;10210;89;8.598935266;4.340179352;7.268736878;8.292419711
2022;-0.253783017;10210;90;8.630767295;4.088102012;7.292479263;8.385577596
2023;-0.250400662;10210;91;8.656001384;4.358332471;7.299581411;8.404805329
2024;-0.428946793;10211;81;8.69988138;4.24541247;6.481879362;8.274131391
2025;-0.445521861;10211;82;8.753253122;4.468498842;7.529825225;8.310351225
2026;-0.415314227;10211;83;8.846118045;4.962875894;7.532158951;8.433652878
2027;-0.370174229;10211;84;9.014836805;4.969307088;7.589783746;8.647442642
2028;-0.319422156;10211;85;9.133450469;4.851883626;7.610674564;8.818390503
2029;0.104588971;10211;86;9.066949372;5.520024951;8.15563399;9.173524421
2030;-0.37837255;10211;87;9.736873162;5.434326242;8.266207992;9.359697943
2031;-0.317615241;10211;88;9.92036157;6.03329192;8.485409613;9.603498813
2032;-0.334810853;10211;89;9.960852087;5.618606681;8.543285929;9.625709399
2033;-0.592544913;10211;90;9.880452594;5.1654953;8.604245022;9.289330874
2034;-0.541652203;10211;91;9.910924381;5.206095461;8.641758471;9.370735715
2035;-0.287522107;10212;81;9.861268709;5.28438957;8.244082178;9.580017857
2036;-0.282407552;10212;82;9.877922018;4.944853487;8.189280177;9.5933429
2037;-0.373384118;10212;83;9.71398441;5.094220024;8.212097487;9.33562911
2038;-0.303058326;10212;84;9.736934301;5.009544713;8.150203867;9.426360801
2039;-0.269192338;10212;85;9.773356399;5.071191554;8.099867768;9.495714901
2040;-0.27218768;10212;86;9.758265771;4.992936769;8.082236765;9.469440451
2041;-0.300296634;10212;87;9.77610108;5.002604271;8.119045799;9.457216166
2042;-0.369916648;10212;88;9.586077186;5.037762476;8.121322099;9.202821847
2043;-0.287165701;10212;89;9.685130562;5.208284573;8.141366856;9.387986874
2044;-0.247442678;10212;90;9.681889681;5.220989153;8.252792357;9.423890238
2045;-0.081362776;10212;91;9.352386473;5.106950846;8.257493854;9.259694923
2046;-0.421832085;10213;82;6.96877757;2.973150454;3.056942661;6.527171111
2047;-0.77792275;10213;83;6.811389159;3.063438319;5.652444313;6.060615233
2048;-0.716406524;10213;84;7.347213965;2.405024696;5.537114492;6.630347394
2049;-0.689721942;10213;85;6.916670377;2.905373556;5.444707472;6.225271742
2050;-0.489983976;10213;86;7.147481089;3.133911357;5.631134118;6.662729689
2051;-0.509134948;10213;87;7.169147955;3.177618065;5.537486122;6.667851264
2052;-0.334554374;10213;88;7.085736171;3.047448838;5.445243394;6.755778159
2053;-0.495291889;10213;89;7.250740683;3.141435915;5.354437517;6.753351098
2054;-0.370658726;10214;81;6.982027501;3.218875825;3.367702604;6.618098194
2055;-0.383730084;10214;82;6.956092402;2.369794505;3.28637517;6.589948273
2056;-0.313622922;10214;83;7.112624667;2.353575187;3.205101043;6.787071594
2057;-0.367427588;10214;84;7.098790692;3.075757433;3.123877928;6.713779577
2058;-0.342515349;10214;85;7.06292295;3.323168823;3.042703717;6.713346883
2059;-0.343473464;10214;86;7.027593276;2.841637191;5.752398916;6.690310182
2060;-0.258083493;10214;87;7.095160025;3.344335618;6.332879296;6.915625473
2061;-0.439293563;10214;88;7.185838019;3.370856095;6.299327728;6.743396998
2062;-0.41429922;10214;89;7.044791554;3.220959377;6.48181012;6.62041405
2063;-0.39467141;10214;90;6.997801384;3.346237271;6.553144766;6.598504372
2064;-0.454206795;10214;91;6.949528696;3.482060675;6.526859753;6.493460533
2065;-0.468865395;10215;81;8.496929298;4.550424541;7.157944142;8.03481076
2066;-0.527225256;10215;82;8.487215303;4.705441986;7.725597102;7.965008489
2067;-0.554088831;10215;83;8.68471898;4.841529791;7.834101921;8.14077496
2068;-0.466895491;10215;84;9.07430294;4.935360635;7.981644368;8.613175997
2069;-0.505294979;10215;85;9.216080992;4.355187268;8.049270131;8.715170686
2070;-0.529260635;10215;86;9.426810377;4.687986355;8.020020041;8.90134209
2071;-0.571421385;10215;87;9.42008376;4.921534222;8.084865062;8.852694114
2072;-0.6054883;10215;88;9.486383045;5.14100132;8.124565882;8.884755015
2073;-0.52639395;10215;89;9.550609729;5.221520094;8.12043712;9.025906351
2074;-0.533977807;10215;90;9.556028936;5.432339829;8.353612692;9.024536352
2075;-0.530980766;10215;91;9.622979813;5.80258267;8.428599206;9.09661281
2076;-0.304763764;10217;81;10.48510243;5.051330425;9.404533644;10.18583214
2077;-0.379842818;10217;82;10.54608294;5.001533841;9.680473509;10.16854156
2078;-0.299376428;10217;83;10.52061956;5.001555604;9.66401152;10.22642553
2079;-0.238143593;10217;84;10.55460504;5.042031166;9.618858497;10.32342728
2080;-0.200759217;10217;85;10.5896288;4.810929122;9.582777133;10.39171283
2081;-0.216972604;10217;86;10.38850997;4.851499165;9.706087176;10.17618006
2082;-0.222912669;10217;87;10.5554373;4.872300601;9.692502694;10.33896456
2083;-0.22864458;10217;88;10.53289506;4.8831594;9.868182133;10.31741435
2084;-0.195642278;10217;89;10.58380829;4.939275711;9.893593159;10.39283606
2085;-0.129779741;10217;90;10.59342843;5.076021082;10.32366198;10.4653105
2086;-0.125298917;10217;91;10.63763412;5.182874901;10.61246175;10.51392779
2087;-0.745049775;10218;81;6.145472373;2.63905733;5.170285351;5.419730011
2088;-0.281476408;10218;82;6.593709011;2.290466962;4.367339726;6.325368267
2089;-0.656383753;10218;83;5.994116515;2.362456185;3.977557858;5.357004005
2090;-0.449013382;10218;84;6.362415354;2.46448409;4.022020618;5.922532355
2091;-0.428037405;10218;85;6.774647764;2.838382787;3.940605139;6.351254842
2092;-0.38623932;10218;86;6.935854573;2.995216298;5.059862684;6.556885162
2093;-0.33513245;10218;87;7.228750168;3.000429135;5.121294036;6.900560882
2094;-0.51484704;10218;88;6.738327196;2.83085364;4.884692225;6.242773974
2095;-0.543327391;10219;81;6.360438547;2.48490665;5.078462583;5.82532327
2096;-0.466913819;10219;82;6.33997795;2.302585093;5.015824241;5.905528059
2097;-0.563192785;10219;83;6.395037302;2.397895273;5.082800564;5.882533125
2098;-0.531985223;10219;84;6.367986891;2.302585093;4.99078493;5.893839908
2099;-0.569167972;10219;85;6.069415436;2.317933205;4.8991272;5.526993801
2100;-0.355737567;10220;81;8.02672558;3.759109607;6.162311654;7.67123054
2101;-0.404819489;10220;82;8.111305582;3.910997852;7.559550972;7.705565515
2102;-0.369972914;10220;83;8.568860722;4.443200153;7.608838537;8.197034871
2103;-0.344925433;10220;84;8.718980947;4.392087661;7.558088864;8.374781751
2104;-0.317618847;10220;85;8.493501464;4.299032205;7.565767869;8.175992626
2105;-0.333532631;10220;86;8.326201147;4.242569297;7.533806504;7.990982075
2106;-0.343116641;10220;87;8.355189984;4.519988079;7.554664404;8.0098587
2107;-0.318671972;10220;88;8.413732887;4.552911508;7.526994334;8.089787828
2108;-0.279195756;10220;89;8.302752384;4.358818182;7.491012523;8.018169235
2109;-0.229121909;10220;90;8.319681455;4.127117649;7.43373825;8.084779289
2110;-0.284673303;10220;91;8.217766575;4.1927264;7.387128254;7.927832241
2111;-1.233730197;10221;81;6.752387163;3.128884771;5.211718031;5.51294644
2112;-1.815092564;10221;82;7.53909653;3.145568337;5.152420582;5.721658146
2113;-1.649730086;10221;83;7.607074656;2.899229242;5.789189935;5.945001503
2114;-1.774572015;10221;84;7.396724794;2.819226331;5.672645358;5.612005008
2115;-1.422553539;10221;85;7.135136713;2.810796294;5.686463979;5.708347438
2116;-1.370077252;10221;86;7.001066836;2.633873503;5.617866134;5.630988289
2117;-1.453025699;10221;87;7.191489904;2.647170006;5.595592938;5.735949545
2118;-0.437602818;10221;88;6.553369844;2.978454641;5.574048967;6.11517184
2119;-0.421887636;10221;89;6.602535386;3.068718334;5.889422899;6.179017984
2120;-0.414705276;10221;90;6.775658265;2.94016412;5.889975988;6.361920228
2121;-0.46243453;10221;91;6.736824243;2.971020428;5.785710986;6.272435613
2122;-0.314959794;10223;81;7.310817519;2.76013525;4.721940135;6.995083134
2123;-0.385996848;10223;82;7.359879764;2.772588722;4.63852927;6.9718715
2124;-0.341154754;10223;83;7.198844656;2.804972813;4.555186362;6.855657925
2125;-0.388470709;10223;84;7.097520276;2.825406126;4.471910101;6.710454563
2126;-0.2084589;10223;85;6.958788438;2.499350454;4.388699307;6.754497104
2127;-0.210835233;10223;86;6.770640675;2.330948514;4.305552955;6.566113858
2128;-0.136522219;10223;87;6.485092382;2.079441542;5.477118444;6.348648776
2129;-0.454560399;10223;88;5.95203125;2.475365783;5.416204699;5.492237255
2130;-0.701201618;10223;89;5.791962898;2.564797638;5.360607507;5.086711782
2131;-0.35279873;10223;90;6.18381931;2.564594308;5.589264443;5.822707165
2132;-0.4986431;10223;91;6.366697469;2.564655216;5.650215018;5.86337894
2133;-0.204863548;10224;81;8.728555585;4.163680342;7.815841449;8.527021009
2134;-0.203208223;10224;82;8.905566315;4.12296158;7.827326853;8.697409914
2135;-0.190619618;10224;83;8.879522092;4.044994005;7.646336575;8.683309772
2136;-0.233273968;10224;84;8.854736074;4.140774885;7.652532593;8.61114316
2137;-0.221230641;10224;85;9.072485809;4.418308339;7.861143923;8.841033949
2138;-0.25411126;10224;86;9.047789388;4.433703261;8.001179164;8.777463468
2139;-0.240150988;10224;87;9.395316037;4.732319217;8.254678339;9.142582508
2140;-0.265571028;10224;88;9.467053256;4.792349703;8.25025865;9.196210348
2141;-0.203880891;10224;89;9.560093859;4.848127315;8.279988227;9.355272688
2142;-0.187207609;10224;90;9.762344902;4.823910625;8.225821835;9.572441874
2143;-0.181041241;10224;91;9.635938233;4.565486072;8.177533791;9.450699875
2144;-0.566575468;10225;81;7.059875369;2.761309304;5.374260213;6.497409444
2145;-0.548084855;10225;82;7.05207057;2.478703188;5.430219883;6.509631353
2146;-0.59125495;10225;83;6.919201363;2.097617023;5.389867796;6.331927485
2147;-0.586678326;10225;84;6.856799741;1.999128247;5.373613461;6.2805699
2148;-0.68221724;10225;85;6.907882529;2.226127679;5.453904175;6.236129721
2149;-0.572824776;10225;86;6.445888282;2.189154108;5.414975231;5.875335521
2150;-0.327443868;10226;81;7.541948317;2.500538845;6.299460959;7.23444392
2151;-0.385513484;10226;82;7.251558454;2.351137537;6.245495991;6.871275333
2152;-0.412214696;10226;83;7.223752159;2.337971719;6.175531901;6.818057725
2153;-0.435062349;10226;84;7.190619735;2.3263219;6.107961356;6.762739244
2154;-0.154065415;10226;85;7.076978115;2.294080595;6.177902199;6.929983742
2155;-0.132025108;10226;86;7.2153414;2.51545233;6.128632251;7.087530363
2156;-0.161597282;10226;87;7.265900138;2.488512817;6.160439194;7.107069297
2157;-0.217143074;10226;88;7.020817118;2.493472556;6.088041375;6.8085933
2158;-0.242483154;10226;89;7.53980002;2.499763341;6.356622724;7.303040985
2159;-0.125306562;10226;90;7.519339503;2.326869822;6.282954667;7.406862287
2160;-0.123068251;10226;91;7.483916126;2.312111317;6.211578244;7.374157766
2161;-0.462517828;10228;81;8.68243639;4.467966286;4.992691138;8.223761091
2162;-0.494203389;10228;82;8.689919463;4.547115482;5.750396841;8.196933448
2163;-0.407015175;10228;83;8.336697116;4.508967136;5.847937511;7.930521432
2164;-0.852027893;10228;84;8.827661931;4.578790585;5.818608669;7.976509722
2165;-0.700678051;10228;85;8.812766919;4.576450461;6.372257464;8.115015837
2166;-0.37406075;10228;86;8.245149655;4.397247296;6.338325531;7.876244701
2167;-0.243213102;10228;87;8.205870523;4.472390464;6.231263725;7.960008029
2168;-0.291516364;10228;88;8.23389868;4.043036678;6.185676811;7.939992465
2169;-0.381775051;10228;89;8.028186709;4.066851839;6.185306819;7.646060897
2170;-0.323503226;10228;90;8.002458815;4.055228031;6.250577636;7.67839493
2171;-0.316095561;10228;91;8.088587141;4.148926675;6.234457458;7.771242634
2172;-0.378995001;10229;81;8.164424878;3.906474422;7.170625256;7.807792169
2173;-0.390566975;10229;82;8.251386441;4.048437877;7.51959191;7.86918424
2174;-0.402457833;10229;83;8.327718495;3.970497742;7.559959913;7.940277496
2175;-0.344809294;10229;84;8.353074868;3.964892522;7.581417094;8.031521519
2176;-0.343328357;10229;85;8.294068683;3.963438881;7.541972336;7.99300756
2177;-0.404975951;10229;86;8.227981825;3.985866186;7.523376713;7.848771302
2178;-0.316071928;10229;87;8.341002412;3.939990369;7.511634232;8.025420019
2179;-0.330418676;10229;88;8.324758442;3.938495738;7.468629552;7.995772247
2180;-0.32442373;10229;89;8.283545075;3.927762741;7.460197519;7.958515952
2181;-0.384329885;10229;90;8.156649935;3.932350726;7.420862258;7.775269079
2182;-0.404140055;10229;91;8.26397878;3.944060139;7.528128689;7.858967664
2183;-0.544021368;10231;81;6.642095606;2.794384346;3.952424624;6.110848541
2184;-0.633374929;10231;82;6.396650686;2.122483246;5.424256208;5.780144853
2185;-0.350264639;10231;83;6.68885769;2.646723882;5.828392289;6.345038573
2186;-0.292871594;10231;84;7.157094695;2.40489677;6.120525839;6.884490463
2187;-0.591039419;10231;85;6.677323653;2.324064015;6.113025296;6.108599044
2188;-0.328714728;10232;81;8.595264727;4.074535171;8.038847756;8.277187692
2189;-0.434469193;10232;82;8.663685069;3.774902416;8.150433316;8.240285548
2190;-0.380643845;10232;83;8.676034777;3.815854731;8.160815078;8.296585485
2191;-0.317860663;10232;84;8.750656745;4.003928013;8.133055068;8.437372871
2192;-0.243678123;10232;85;8.741750821;3.96267011;8.087618154;8.50436606
2193;-0.291220099;10232;86;8.521515283;3.889247208;8.080558602;8.23687489
2194;-0.403018594;10232;87;8.46793914;4.010011605;8.115647759;8.06698499
2195;-0.423760921;10232;88;8.638322186;4.025351691;8.40953653;8.214783537
2196;-0.336504936;10232;89;8.707060588;4.186615363;8.384690065;8.37491405
2197;-0.436754048;10232;90;8.368585891;4.264100406;8.456175237;7.939383611
2198;-0.515308022;10232;91;8.412868923;4.264113497;8.406956331;7.90700879
2199;-0.518727422;10233;81;6.295450441;2.079441542;5.328712164;5.782677627
2200;-0.430500746;10233;82;6.316055082;2.302585093;5.518072738;5.888802042
2201;-0.363359779;10233;83;6.431260314;2.302585093;5.775784378;6.072498022
2202;-0.335642695;10233;84;6.320053401;2.302585093;5.822907202;5.998644368
2203;-0.287538081;10233;85;6.398411711;2.197224577;5.821202308;6.114948937
2204;-0.230885297;10233;86;6.247011829;2.079441542;5.796927911;6.024713825
2205;-0.252386421;10233;87;6.186923836;2.079441542;5.771813919;5.93861477
2206;-0.219852;10233;88;6.027931736;2.079441542;5.816619942;5.809063001
2207;-0.249894992;10234;81;6.962243464;2.302585093;6.026045967;6.737095536
2208;-0.384883195;10234;82;7.011181185;2.792011893;5.991192827;6.662741698
2209;-0.228691325;10234;83;6.893711136;2.552809567;6.031818244;6.699208351
2210;-0.220586568;10234;84;6.778805451;2.375793741;6.04650649;6.591726812
2211;-0.324572712;10234;85;7.06210732;2.486562367;6.190316594;6.774178336
2212;-0.32583037;10234;86;6.759320198;2.301983525;6.149702974;6.441664395
2213;-0.175927445;10234;87;6.707897756;2.35860128;6.125611042;6.54824997
2214;-0.468594611;10234;88;6.780524309;2.145264515;6.101247254;6.330364777
2215;-0.228904799;10234;89;6.883018545;1.791759469;6.077707546;6.665067578
2216;-0.129021227;10234;90;6.675655188;1.791759469;6.054966316;6.563485201
2217;-0.195108578;10234;91;6.164603742;1.590690756;6.131399496;5.969982242
2218;-0.351435661;10235;81;6.323462503;2.833098111;3.784976539;5.973013586
2219;-0.3173379;10235;82;6.196325904;2.229079383;3.702297068;5.893522397
2220;-0.495350391;10235;83;5.881734469;2.318116604;3.619672153;5.404530775
2221;-0.331941843;10235;84;6.030327422;2.084297524;3.664984591;5.723896413
2222;-0.35335964;10235;85;5.973274285;2.093140393;3.689111075;5.635352276
2223;-0.204511955;10236;81;8.669948646;2.974908824;7.419228203;8.466301749
2224;-0.144387051;10236;82;8.823701858;3.339355484;7.688688622;8.677847121
2225;-0.151590541;10236;83;8.847028848;3.488624421;7.79113676;8.698165531
2226;-0.166668683;10236;84;8.904606233;3.412247239;7.796254493;8.741558028
2227;-0.135146648;10236;85;8.905092088;3.362002435;7.775595506;8.773503032
2228;-0.119400635;10236;86;8.929798697;3.285588195;7.726763673;8.813300076
2229;-0.132933825;10236;87;8.910187304;3.362999618;7.948725868;8.779756279
2230;-0.174399823;10236;88;8.885040125;3.358971149;7.972886523;8.712877621
2231;-0.09177053;10236;89;9.053361445;3.403142256;7.92815816;8.961939483
2232;-0.082034267;10236;90;9.068627274;3.275505734;7.941863942;8.984395231
2233;-0.144337818;10236;91;8.920451178;3.380546464;7.909592416;8.773319667
2234;-0.73470968;10237;81;8.887224527;4.35500083;7.990936621;8.160915072
2235;-0.573976636;10237;82;8.873686117;4.28227513;8.039261027;8.309684407
2236;-0.627060831;10237;83;8.761865667;4.359861053;7.978938324;8.149289918
2237;-0.64327997;10237;84;8.801471455;4.2135162;7.908920716;8.17544933
2238;-0.631043196;10237;85;8.812232314;4.253258898;7.85102507;8.18685381
2239;-0.581751466;10237;86;8.649787866;4.214102395;7.785420191;8.071803056
2240;-0.337932914;10237;87;8.328224474;4.164669655;7.711294753;7.993058281
2241;-0.363586962;10237;88;8.306985748;4.012670037;7.64191178;7.948702764
2242;-0.368157566;10237;89;8.223407242;4.154580338;7.565803081;7.858994352
2243;-0.357892662;10237;90;7.929172026;3.924830651;7.486508344;7.574362639
2244;-0.254655033;10237;91;7.697438916;4.063473073;7.793009357;7.446756368
2245;-0.322229654;10238;81;6.081762157;2.091931806;4.925310948;5.769026085
2246;-0.399386048;10238;82;5.847136643;2.298361231;4.838538749;5.463087403
2247;-0.247054189;10238;83;6.267847752;2.535822488;4.914153275;6.033442563
2248;-0.295834154;10238;84;6.329982202;2.662960267;4.827619282;6.051144473
2249;-0.347970158;10238;85;6.5611466;2.689251057;4.741198107;6.22504333
2250;-0.468200237;10238;86;6.414736477;2.711940545;5.075945707;5.963135053
2251;-0.468253732;10238;87;6.250628623;2.472839212;5.010679645;5.793346734
2252;-0.459341645;10238;88;6.26178121;2.644156139;5.002039085;5.816361291
2253;-0.551453114;10238;89;6.042135513;2.599251472;4.916667627;5.517805502
2254;-0.534712255;10238;90;6.1502857;2.708908457;4.831394315;5.655577924
2255;-0.496996015;10238;91;6.21700476;2.538726688;4.757367229;5.755712082
2256;-0.44901365;10239;81;6.906254153;2.92985955;3.553175467;6.478413631
2257;-0.41476655;10239;82;6.698613735;2.870940848;3.470833035;6.307799224
2258;-0.426963806;10239;83;6.778443556;2.33188148;3.388538632;6.364821034
2259;-0.496215343;10239;84;6.723474602;2.335114129;3.306291376;6.248853593
2260;-0.477023035;10239;85;6.686813663;2.335118098;3.224090325;6.244188707
2261;-0.74570328;10239;86;6.732970048;2.342844185;3.141934699;6.017276454
2262;-0.78798151;10239;87;6.572601923;2.334175397;3.059823332;5.785305831
2263;-0.744277239;10239;88;6.668115711;2.353878378;2.97775559;5.924787592
2264;-0.55432862;10239;89;6.683369349;2.371577977;2.895730376;6.132346587
2265;-0.518582523;10239;90;6.607702818;2.386100299;2.813746964;6.089103002
2266;-0.427812278;10239;91;6.383208116;2.197101334;2.731804641;5.952499459
2267;-0.337903917;10240;81;7.056433913;2.084653712;4.420183031;6.721118934
2268;-0.326521903;10240;82;6.812842786;1.762757679;4.319014962;6.489684749
2269;-0.323731989;10240;83;6.717531439;1.972988711;4.218372301;6.398397896
2270;-0.407115996;10240;84;6.800670323;1.967964778;4.118252031;6.397653372
2271;-0.394597024;10240;85;6.858982064;2.257131679;4.328231587;6.476736458
2272;-0.637048721;10240;86;7.106396795;2.489462449;5.755573194;6.480108778
2273;-0.565374434;10240;87;7.261622856;2.418744208;5.697309646;6.696153673
2274;-0.583513439;10240;88;7.466416161;2.447599985;5.639922976;6.884091751
2275;-0.279590398;10240;89;7.069831984;2.485455657;5.583399015;6.791298268
2276;-0.481470406;10240;90;7.076013773;3.015534882;5.52772319;6.59637993
2277;-0.387522727;10240;91;7.094458903;2.931221523;5.472880326;6.708435552
2278;-0.753759921;10241;81;12.61734782;6.841771639;10.8423276;11.92406869
2279;-0.798932433;10241;82;12.55320085;6.775575163;10.92662598;11.81572573
2280;-0.842183709;10241;83;12.71602708;6.892849945;11.01624638;11.93463674
2281;-0.597476184;10241;84;12.59355972;6.265626062;11.03430368;12.04612055
2282;-0.621347487;10241;85;12.58799337;6.182685305;11.05131966;12.02408266
2283;-0.685103774;10241;86;12.67174023;6.197880343;11.19027522;12.04596863
2284;-0.822376072;10241;87;12.59270783;6.190932071;11.26199893;11.84270774
2285;-0.822449684;10241;88;12.62359457;6.378631237;11.20775034;11.88164814
2286;-0.86146915;10241;89;12.72864223;6.361732161;11.27125649;11.94044251
2287;-0.443260431;10241;90;12.85817946;6.27020586;11.35563146;12.46068598
2288;-0.237079263;10241;91;12.87709403;6.215102605;11.41189635;12.6765252
2289;-0.388928801;10242;81;12.67340582;7.205958289;11.93715661;12.31951963
2290;-0.388475388;10242;82;12.64856034;7.198760163;12.00322457;12.29941327
2291;-0.370256066;10242;83;12.72827561;7.090119458;12.10070223;12.39563679
2292;-0.361219049;10242;84;12.56949192;7.126556996;12.17279576;12.24481022
2293;-0.35501039;10242;85;12.47199452;7.094133842;12.26077077;12.16569708
2294;-0.517477274;10242;86;12.49563377;7.127577696;12.25240518;12.0274022
2295;-0.454860449;10242;87;12.59772614;7.247255415;12.21146433;12.18501857
2296;-0.521633387;10242;88;12.56896064;7.269326918;12.23794385;12.09929255
2297;-0.663039505;10242;89;12.75149732;6.89808255;12.47315431;12.14009751
2298;-0.586491764;10242;90;12.78346678;6.781336229;12.4388005;12.2437012
2299;-0.534594119;10242;91;12.77921907;7.154605629;12.47752482;12.29051109
2300;-0.283954531;10243;82;12.62570217;6.840803627;11.68407982;12.37702974
2301;-0.356231689;10243;83;12.83173213;6.779345375;12.53066093;12.50844804
2302;-0.389013052;10243;84;12.9239193;6.671435782;12.64140456;12.56954559
2303;-0.430373311;10243;85;12.88721106;6.65468392;12.70210241;12.49807763
2304;-0.35449639;10243;86;12.84752439;6.63008872;12.74263528;12.53454106
2305;-0.440748364;10243;87;12.97414081;6.593252617;12.79916759;12.53349603
2306;-0.320851326;10243;88;12.89120246;6.523316074;12.77175065;12.57044185
2307;-0.362133682;10243;89;13.00591797;6.518153127;12.72223482;12.68146971
2308;-0.455577821;10243;90;13.0847268;6.529432025;12.67481161;12.67189469
2309;-0.455798924;10243;91;13.09186358;6.53523445;12.82446917;12.67926435
2310;-0.349279374;10244;81;12.32327996;6.57475197;11.08178107;12.00915863
2311;-0.222174987;10244;82;12.34104412;6.453715538;11.2025871;12.1496272
2312;-0.416313797;10244;83;12.55326191;6.51060796;11.86891109;12.17925291
2313;-0.56944865;10244;84;12.62703599;6.525070645;11.96600922;12.09919927
2314;-0.681209087;10244;85;12.5259229;6.815925985;11.97246724;11.84590791
2315;-4.62527132;10244;86;12.98260255;6.814790424;11.96358081;8.392928551
2316;-0.540521681;10244;87;12.41844174;6.656065745;11.73331936;11.87923169
2317;-0.632300675;10244;88;12.62789214;6.630343447;12.20393732;11.99606567
2318;-0.661411881;10244;89;12.75697928;6.705803361;12.27814575;12.0960416
2319;-0.573744535;10244;90;12.76411997;6.743967018;12.26144837;12.2536571
2320;-0.427265227;10244;91;12.61413292;6.827659983;12.36502535;12.23361227
2321;-0.547629118;10245;81;11.14515346;5.673520616;9.319834199;10.67248287
2322;-0.344295055;10245;82;11.13186897;5.759155606;9.526026641;10.85894626
2323;-0.63550663;10245;83;11.30459971;5.556256076;9.932132899;10.74945121
2324;-0.54652518;10245;84;11.09819925;5.993739028;10.45434062;10.63574915
2325;-0.665946186;10245;85;11.17064772;5.961302134;10.41024091;10.61024154
2326;-0.536295831;10245;86;11.04076019;5.754180736;10.40932635;10.58657877
2327;-0.4884049;10245;87;11.0933913;5.763599;10.42510416;10.68041492
2328;-1.364302754;10245;88;10.85127165;5.049112843;10.60892704;9.70294697
2329;-1.362696409;10245;89;10.89738922;5.176749904;10.58443563;9.745045778
2330;-1.16112721;10245;90;10.93482466;5.977159376;10.74760116;9.944622935
2331;-1.711537123;10245;91;10.72123855;5.904889504;10.74916778;9.288884993
2332;-0.452302992;10246;81;11.59419665;6.528377134;10.25583389;11.1803528
2333;-0.375570774;10246;82;11.58939991;6.676567373;10.45138574;11.24942612
2334;-0.308358133;10246;83;11.77985681;6.660091832;10.6175418;11.50084324
2335;-0.708346307;10246;84;11.69471179;6.689171476;10.65085803;11.03060011
2336;-0.530268133;10246;85;11.35475387;6.752624688;10.98606427;10.87646199
2337;-0.450599313;10246;86;11.52924978;6.752997471;10.9613757;11.12433464
2338;-0.769467711;10246;87;11.52561269;6.755302274;10.72346543;10.81609604
2339;-0.622045696;10246;88;11.66888112;6.753516827;11.10061345;11.10251357
2340;-0.78537029;10246;89;11.84323388;6.762119887;11.06690822;11.11441111
2341;-0.772962034;10246;90;11.79128409;6.688897802;11.02611705;11.07397339
2342;-0.423293829;10246;91;11.51748085;6.56130205;10.97600409;11.14505448
2343;-0.346655548;10247;81;12.71467987;6.934137465;11.93249624;12.40317967
2344;-0.364638686;10247;82;12.68147709;6.888628142;12.05555022;12.35899798
2345;-0.272692055;10247;83;12.81713366;6.86418235;12.04409879;12.57952483
2346;-0.362502843;10247;84;12.56439559;6.868080024;12.20983797;12.24395803
2347;-0.322637796;10247;85;12.687445;6.797559075;12.22433955;12.40780191
2348;-0.344562441;10247;86;12.66713643;6.928684447;12.31065132;12.36623273
2349;-0.340038151;10247;87;12.57418986;6.050860099;12.31394689;12.28232184
2350;-0.299659342;10247;88;12.71320119;5.953832586;12.37759285;12.45579678
2351;-0.577774465;10248;84;10.33376988;6.474521571;9.509903585;9.763404611
2352;-0.524433792;10248;85;10.53347339;6.658512129;9.642416475;10.01277409
2353;-0.537730634;10248;86;10.4598429;6.637448798;9.647253804;9.927115765
2354;-0.510437608;10248;87;10.61122937;6.703604114;9.841478122;10.10494891
2355;-0.624552608;10248;88;10.57897592;6.741691039;9.982552679;9.959869917
2356;-0.352351397;10248;89;10.6064112;5.990862559;9.932163646;10.25923673
2357;-0.273828536;10248;90;10.69202517;6.005231047;9.995090229;10.42292044
2358;-0.2875458;10248;91;10.72069542;6.234413718;10.10267167;10.43559827
2359;-0.527794063;10249;81;12.87035809;6.982870905;11.44766819;12.36962528
2360;-0.375487566;10249;82;12.92278436;6.853400792;12.26547969;12.5706971
2361;-0.534757853;10249;83;13.05003869;6.871283879;12.26643687;12.54336096
2362;-0.481116027;10249;84;12.85223778;6.870236881;12.2449134;12.40338973
2363;-0.505097508;10249;85;12.76860151;6.859403596;12.21549337;12.30496207
2364;-0.587835133;10249;86;12.81333372;6.881546274;12.20447387;12.26685564
2365;-0.551656663;10249;87;12.91632849;6.921698031;12.16940607;12.39836684
2366;-0.534879446;10249;88;12.88948802;6.904157751;12.13285574;12.39428619
2367;-0.573705375;10249;89;13.13601958;7.075360932;12.17612692;12.60626241
2368;-0.540529191;10249;90;13.29677036;7.119117001;12.19070557;12.79157876
2369;-0.469535202;10249;91;13.23302926;7.160371824;12.19252219;12.79998961
2370;-0.17589283;10251;81;9.779085786;4.531934859;6.231569276;9.605264573
2371;-0.209911466;10251;82;9.742621209;4.79597086;6.524525678;9.534335327
2372;-0.173579574;10251;83;9.724180627;4.240659095;6.455006994;9.550331174
2373;-0.186446294;10251;84;9.749847403;4.296090251;6.642426003;9.561318151
2374;-0.121326864;10251;85;9.856858835;4.18289205;6.825994432;9.733825293
2375;-0.142843038;10251;86;9.671214687;4.228235902;6.832677429;9.525316829
2376;-0.064449452;10251;87;9.572153625;4.228624881;6.899039489;9.505202878
2377;-0.176853761;10251;88;9.654624094;4.375932338;6.990804318;9.473278315
2378;-0.116498873;10251;89;10.14484201;4.779916187;6.915071831;10.02591793
2379;-0.124404475;10251;90;10.06977988;4.957764336;6.897217406;9.944703813
2380;-0.113403529;10251;91;10.01901962;5.028325491;6.880020314;9.903750213
2381;-0.873414159;10254;81;10.7972238;5.780674095;10.15349354;9.927567172
2382;-0.328153402;10254;82;10.32367103;5.719460424;10.09886503;9.99581869
2383;-0.697549284;10254;83;10.2171764;5.620019655;10.8142195;9.516275518
2384;-0.749742508;10255;81;7.725903846;3.853977034;7.065259599;6.989098748
2385;-0.645496428;10255;82;7.756192627;3.724344137;6.987548068;7.116635184
2386;-0.62692517;10255;83;7.931256163;3.847138396;6.952196926;7.305749516
2387;-0.418397367;10255;84;8.142299012;3.805199034;6.9283706;7.719920301
2388;-0.633370101;10255;85;7.464898915;3.656563559;6.93517806;6.826131661
2389;-0.476288885;10255;86;7.53943805;3.679545909;6.911397077;7.063984364
2390;-0.756141186;10255;87;7.278306318;3.610622591;6.874475672;6.516289048
2391;-0.656981766;10255;88;7.357847632;3.53167852;6.802778058;6.695636923
2392;-0.589754939;10255;89;7.41064717;3.539463729;6.798640573;6.806978021
2393;-0.544542849;10255;90;7.290433928;3.475466076;6.731179634;6.725497416
2394;-0.515868485;10255;91;7.47201283;3.639916231;6.906033583;6.940244567
2395;-0.50637269;10256;81;10.7833736;5.889200497;8.294313399;10.28076388
2396;-0.474977851;10256;82;10.966228;5.685444168;8.332549527;10.49231447
2397;-0.461844087;10256;83;10.85400442;6.089436061;8.62402174;10.39080635
2398;-0.549780786;10256;84;10.78600577;5.916730264;8.639251277;10.23279242
2399;-0.622534871;10256;85;10.63505528;5.957413711;8.605061777;10.00715168
2400;-0.597020864;10256;86;10.58137524;5.693042224;8.5504469;9.977139268
2401;-0.637760162;10256;87;10.63210914;5.783870441;8.636397872;9.987035558
2402;-0.729133129;10256;88;10.70223571;5.708719;8.546080405;9.966342956
2403;-0.532328129;10257;81;11.32718852;6.050345419;9.044326948;10.79690732
2404;-0.513785958;10257;82;11.56121;6.286406503;9.51071417;11.04851081
2405;-0.641578674;10257;83;11.48481659;6.14468296;10.31307715;10.84501488
2406;-0.705846488;10257;84;11.83531338;5.953941982;10.47701439;11.13147332
2407;-0.53645736;10257;85;11.81764255;5.840152636;10.50424764;11.28194366
2408;-0.505786419;10257;86;11.3602948;6.021723823;10.60046061;10.8554514
2409;-0.696199238;10257;87;11.86128492;6.056875276;10.70288714;11.16695828
2410;-0.619156361;10257;88;11.94464995;6.223890264;10.72199351;11.3270188
2411;-0.635532737;10257;89;11.88661757;6.584601187;11.15487379;11.25440264
2412;-0.675192297;10257;90;11.93733356;6.372711544;11.1932309;11.26523664
2413;-0.652038455;10257;91;12.00710871;6.424130394;11.3180793;11.35640825
2414;-0.76996088;10258;81;9.578075894;5.302129671;8.853166559;8.801811738
2415;-0.557572246;10258;82;9.952706382;5.312061592;9.366867328;9.393445557
2416;-0.688465953;10258;83;10.08755108;5.358213178;9.678367623;9.428606737
2417;-0.40872696;10258;84;9.595459268;4.887202478;9.770558322;9.202144573
2418;-0.538359344;10258;85;9.708112338;4.934906135;9.69298773;9.183143396
2419;-0.503738344;10258;86;9.661524154;4.871744981;9.654017885;9.163229315
2420;-0.575254679;10258;87;9.838466207;5.217844377;9.996993727;9.262119461
2421;-0.84102273;10258;88;10.12693778;5.041442168;9.951761307;9.297085926
2422;-0.499709457;10258;90;9.917072687;5.046337859;9.794298755;9.425193402
2423;-0.814143598;10258;91;9.793342388;4.982955717;9.722800909;8.972626713
2424;-0.363402039;10259;81;5.624017506;2.079441542;0.1975939;5.307480049
2425;-0.426643699;10259;82;5.803026023;2.302585093;0.117467956;5.392413667
2426;-0.399489671;10259;83;5.836966593;2.302585093;1.366899841;5.467044111
2427;-0.433353007;10259;84;6.448384568;2.079441542;1.357719249;6.039511332
2428;-0.392576337;10259;85;6.52284594;2.565649549;4.393274292;6.14103619
2429;-0.302172899;10259;86;6.518455767;2.262844775;4.391419846;6.23227281
2430;-0.365705013;10259;87;6.807141847;2.703496992;4.387371403;6.454503039
2431;-0.307159871;10259;88;6.868059258;2.826488133;4.579299936;6.576303791
2432;-0.416816801;10259;89;6.911891853;3.412437997;4.554050586;6.510941301
2433;-0.270572305;10259;90;6.330048657;3.40410624;4.400588604;6.085555848
2434;-0.23944433;10259;91;6.430613145;3.113121555;4.444911847;6.177420873
2435;-0.363416344;10260;81;7.37975688;3.039482533;6.435592876;7.017340525
2436;-0.385595143;10260;82;7.397947269;2.962882565;6.35532216;7.012524201
2437;-0.411040545;10260;83;7.49488594;3.033330388;6.275054855;7.082624617
2438;-0.374879003;10260;84;7.496532528;3.052069062;6.194790835;7.119084886
2439;-0.476462513;10260;85;7.183419472;2.812348103;6.114530236;6.702393367
2440;-0.368642509;10260;86;7.402892217;2.968401411;6.034272849;7.031245198
2441;-0.419300139;10260;87;7.113208907;3.120877886;5.954018497;6.688960322
2442;-0.444278985;10260;88;6.993922784;2.949183729;5.92875037;6.548216479
2443;-0.429631501;10260;89;7.213905111;3.025096915;5.847232446;6.781970243
2444;-0.399422109;10260;90;7.318314648;3.183186661;5.77415123;6.915959508
2445;-0.493434757;10260;91;7.288562251;3.144167521;5.84881623;6.793632665
2446;-0.596910834;10261;81;7.273994374;3.507943236;4.616311655;6.68231218
2447;-0.658147395;10261;82;7.181878467;3.736982282;4.493417894;6.523948429
2448;-0.698465407;10261;83;7.214230415;3.42805477;3.792420383;6.515620211
2449;-0.709046304;10261;84;7.13866004;3.421468334;5.122411738;6.423382005
2450;-0.77463758;10261;85;6.832275677;2.958674114;4.997732999;6.047270376
2451;-0.703290462;10261;86;6.812578531;3.131124733;4.873095927;6.100809097
2452;-0.694562614;10261;87;6.711027544;3.23869416;4.74850135;6.000167261
2453;-0.763282597;10261;88;6.620441384;3.006813193;4.623949652;5.839726687
2454;-0.645545781;10261;89;6.573680764;2.306769157;4.499442205;5.914031562
2455;-0.362639308;10261;90;6.404009332;2.250956551;5.078809281;6.029332769
2456;-0.347223312;10261;91;6.210128721;2.42578092;5.194571622;5.847752549
2457;-0.354328007;10262;81;8.090984383;3.504732693;6.293391074;7.73792394
2458;-0.434222549;10262;82;7.971070748;3.532560902;6.248965886;7.539736695
2459;-0.421364069;10262;83;8.114702391;3.618161704;6.229818492;7.693256503
2460;-0.408717185;10262;84;8.167625603;3.886398253;6.232137337;7.760193296
2461;-0.391652316;10262;85;8.114629291;3.711827415;6.354476502;7.726255512
2462;-0.401796132;10262;86;7.956116596;3.859888839;6.319049711;7.554631994
2463;-0.415201902;10262;87;7.960877543;3.666588668;6.367984378;7.547676596
2464;-0.380142391;10262;88;8.069352912;3.860232553;6.479545672;7.693641866
2465;-0.376330674;10262;89;8.210563802;3.937218362;6.504570284;7.839689418
2466;-0.383327901;10262;90;8.148266957;3.896326575;6.542943333;7.767079686
2467;-0.348705739;10262;91;8.295801705;3.697915861;6.776244166;7.950047784
2468;-0.972216308;10263;81;11.00816973;5.075662835;7.221541975;10.03600337
2469;-0.95269227;10263;82;10.99283242;5.372224039;7.30976194;10.04017088
2470;-0.86368674;10263;83;10.97049233;5.669144652;7.298122447;10.10675169
2471;-0.56066227;10263;84;10.76228141;5.314737375;7.557974061;10.20146046
2472;-0.62288487;10263;85;10.88311261;5.429374406;7.90419298;10.26008043
2473;-0.823952854;10263;86;11.07494961;5.734843115;7.971996651;10.25077719
2474;-0.943110287;10263;87;11.21653969;5.315758903;8.360903213;10.27325835
2475;-1.118020773;10263;88;11.24757886;5.691930699;8.283848185;10.12923856
2476;-1.139313936;10263;89;11.25868129;5.571961625;8.420577101;10.11894288
2477;-1.345257759;10263;90;11.29303122;6.195582739;8.377255496;9.947117663
2478;-1.453251958;10263;91;11.34163379;6.416149586;8.299869403;9.887600694
2479;-0.693622828;10264;81;5.348535097;2.700897876;5.550531082;4.691802813
2480;-0.909395397;10264;82;5.407074329;2.63905733;5.485335721;4.526793437
2481;-0.968934417;10264;83;5.140078957;2.197224577;6.746354606;4.220510468
2482;-1.25171113;10264;84;5.4583601;2.197224577;6.681207043;4.223532962
2483;-0.835666239;10264;85;5.854816294;2.68139923;6.616603326;5.025294071
2484;-0.904637694;10264;86;5.607335632;2.597963995;6.552552813;4.72457192
2485;-0.953597486;10264;87;5.601334741;2.602781728;6.489064485;4.61411913
2486;-1.028620362;10264;88;5.700286789;2.767726174;6.426146582;4.644891746
2487;-1.050284505;10264;89;5.613914015;2.556716899;6.363807261;4.558477499
2488;-0.977781057;10264;90;5.497672076;2.512186665;6.30205385;4.518818492
2489;-0.830196321;10264;91;5.580049346;2.512422197;6.240893145;4.755792528
2490;-0.566995144;10265;81;10.37052426;6.225949788;8.84710749;9.810611069
2491;-0.558186471;10265;82;10.33524327;5.99684889;9.204312279;9.775060188
2492;-0.517379463;10265;83;10.38635324;6.028813868;9.215349582;9.865692588
2493;-0.398521483;10265;84;10.71873318;6.199508341;9.25165765;10.31509069
2494;-0.353665709;10265;85;10.75315852;6.025713227;9.320129213;10.39407535
2495;-0.406883895;10265;86;10.60559118;5.845627084;9.341009383;10.19612262
2496;-0.64950037;10266;81;7.303910501;3.642992904;5.393282222;6.660735423
2497;-1.081909776;10266;82;7.296590855;3.391713849;5.268355755;6.219157002
2498;-0.924013257;10266;83;7.067446906;3.663365317;5.196223756;6.141337422
2499;-0.708140254;10266;84;7.079793121;3.565337952;5.137260148;6.366624911
2500;-0.728874028;10266;85;7.062737609;3.47182146;5.077575904;6.325261394
2501;-0.674827635;10266;86;7.056045734;3.412420394;5.035455328;6.369799705
2502;-0.647256553;10266;87;6.941688601;3.137684686;5.304446919;6.280764039
2503;-0.498888463;10266;88;7.171167109;3.547488406;5.450191068;6.667417478
2504;-0.523821712;10266;89;7.277260381;3.604540894;6.430569474;6.745278499
2505;-0.621407807;10266;90;7.502428038;3.631662595;6.380635721;6.871383385
2506;-0.67340219;10266;91;7.671764595;4.016365631;6.598554097;6.992368468
2507;-0.220574155;10267;81;7.6538269;2.770891531;5.33777647;7.444667313
2508;-0.238408491;10267;82;7.809132226;2.896976978;5.400161537;7.577718666
2509;-0.17829366;10267;83;7.792737337;3.012201664;5.251743304;7.627223414
2510;-0.212342933;10267;84;7.760758062;3.158942245;5.661177746;7.565277306
2511;-0.181834042;10267;85;8.000244776;3.259994528;5.59927315;7.818718662
2512;-0.254923493;10267;86;7.889189177;3.356541336;6.178564277;7.635029043
2513;-0.27927205;10267;87;7.914016409;3.435959119;7.144990963;7.635824938
2514;-0.266593844;10267;88;7.957440578;3.516179506;7.157634419;7.69208147
2515;-0.229043588;10267;89;8.1035919;3.753492299;7.562840211;7.875250205
2516;-0.291238427;10267;90;8.140965184;3.756065147;7.516141899;7.850613675
2517;-0.319592059;10267;91;8.139058601;3.780270773;7.470612321;7.820702243
2518;-0.254570007;10268;81;8.483574399;3.571835195;7.023820042;8.238972146
2519;-0.397631705;10268;82;8.669670737;3.744340207;7.301350906;8.279687351
2520;-0.277271003;10268;83;8.482766515;4.126832979;7.559032655;8.222037624
2521;-0.329390049;10268;84;8.461931094;3.940596093;7.708293469;8.14650775
2522;-0.404722661;10268;85;8.575845649;4.324180756;7.843352383;8.182268819
2523;-0.293451488;10268;86;8.843230594;4.272365456;7.863099568;8.561394906
2524;-0.314072996;10268;87;8.871276939;4.414063694;7.881852235;8.567778804
2525;-0.35097912;10268;88;9.110732484;4.545902013;7.836960501;8.766792282
2526;-0.402995318;10268;89;9.172007444;4.592372117;7.962680195;8.773404853
2527;-0.376692444;10268;90;9.274172986;4.807745687;7.899015414;8.9050412
2528;-0.367222607;10268;91;9.177531132;4.809154809;7.845878688;8.819504404
2529;-0.400755495;10269;81;7.032889053;3.150939284;5.691566747;6.636027292
2530;-1.040171146;10269;82;7.730846278;3.577090583;5.653745929;6.691293002
2531;-0.494672269;10269;83;8.015903176;3.59746421;5.774465107;7.520865484
2532;-0.393043905;10269;84;8.027940004;3.802681952;6.095220421;7.633799108
2533;-0.347664386;10269;85;7.971028426;3.959025568;5.847940417;7.622532855
2534;-0.24070695;10269;86;7.890359933;3.930594598;6.519007113;7.647546885
2535;-0.32218796;10269;87;7.825877341;3.841582171;6.407748001;7.502701784
2536;-0.352886438;10269;88;7.918974459;3.99334377;6.325068709;7.565618664
2537;-0.344636142;10269;89;7.995915182;4.096763649;6.209327886;7.650213089
2538;-0.355864674;10269;90;7.903076127;3.959414341;6.020279392;7.547081302
2539;-0.386732936;10269;91;7.928101398;3.954858791;5.921030426;7.540531285
2540;-0.209191978;10274;81;9.951729948;5.381836713;8.455092945;9.747057927
2541;-0.303068161;10274;82;10.28316639;5.093181626;8.686572635;9.981305251
2542;-1.264305234;10305;81;11.41414102;5.960885228;9.589412508;10.15503557
2543;-0.405941635;10305;82;11.55262736;5.765801937;10.21052509;11.14827359
2544;-0.85016948;10305;83;11.8091143;5.879044275;11.52834326;10.9574515
2545;-0.443187565;10308;91;7.93120098;3.874021416;7.397102919;7.486348336
2546;-0.253477842;10338;83;12.3999815;6.753712575;10.74080018;12.14828694
2547;-0.774023831;10368;86;12.46683852;6.116612162;9.984996432;11.68400319
2548;-0.727670431;10368;87;12.4238627;6.173463265;10.14672413;11.68646292
2549;-0.21972242;11865;81;8.165136126;2.5384236;5.864555899;7.947537289
2550;-0.242377803;11865;82;8.222631257;2.53753663;6.316580275;7.981614754
2551;-0.340661645;11865;83;7.581791187;2.54466758;6.50030942;7.24354648
2552;-0.25611487;11865;84;7.408836879;2.556019452;6.429402143;7.153368986
2553;-0.324666888;11865;85;7.613841038;2.48793728;6.357908377;7.294039725
2554;-0.238752469;11865;86;7.263628889;2.51294178;6.281445687;7.030572389
2555;-0.186374053;11865;87;7.24825721;2.532648843;6.20599888;7.060233139
2556;-0.204804152;11865;88;7.226278787;2.573586571;6.223059104;7.02610109
2557;-0.214426979;11865;89;7.246156022;2.352180561;6.270264979;7.036671316
2558;-0.177618116;11865;90;7.343961111;2.362023134;6.199225622;7.17099797
2559;-0.187045977;11865;91;7.433675991;2.35342664;6.218279695;7.241274726
2560;-0.164881542;11866;81;8.28989098;2.884320329;7.265582171;8.127330727
2561;-0.097088344;11866;82;8.695900069;2.629571583;7.366639038;8.601680813
2562;-0.186461523;11866;83;8.586107622;3.332885542;7.644377416;8.410778735
2563;-0.231784016;11866;84;8.882065025;3.343621126;7.924465983;8.658572372
2564;-0.19655934;11866;85;8.889218185;3.587252377;8.192880091;8.702964358
2565;-0.229820192;11866;86;8.95014743;3.479330802;8.258771725;8.72799037
2566;-0.205247924;11866;87;8.990452562;3.618900338;8.271591134;8.785846682
2567;-0.161218822;11866;88;8.939184656;3.68258748;8.444879417;8.779883875
2568;-0.215825737;11866;89;8.929631844;3.959632169;8.624494138;8.716386589
2569;-0.229572773;11866;90;8.937813707;3.882851078;8.729255494;8.709294166
2570;-0.230527505;11866;91;9.262418002;3.755295843;8.887337233;9.033644329
2571;-0.207167774;11867;81;12.17615453;6.371454708;9.803681569;11.96840786
2572;-0.124993794;11867;82;12.06873437;5.49086755;9.41915662;11.94244853
2573;-0.18054761;11867;83;11.76241392;5.580151225;9.352780959;11.58107618
2574;-0.375255227;11867;84;11.47864979;5.820051326;9.995134247;11.10064142
2575;-0.176895171;11867;85;11.24438792;5.513925948;9.94363557;11.05894084
2576;-0.161206499;11867;86;11.74634318;5.358830539;9.891017744;11.58339631
2577;-0.203918755;11867;87;11.70952828;5.471855074;9.874600884;11.50632907
2578;-0.104238488;11867;88;11.37563756;5.390737243;9.828538467;11.27512621
2579;-0.144963264;11867;89;11.79565298;5.374537305;9.781539483;11.64943014
2580;-0.053902812;11867;90;11.52460311;5.443850415;9.744409159;11.46764743
2581;-0.015691502;11867;91;11.65683552;5.360831932;9.703703432;11.64900202
2582;-0.146697402;11868;81;7.689599914;2.544448059;5.285105009;7.54863174
2583;-0.295015961;11868;82;7.752012598;2.473544965;5.503837975;7.464257198
2584;-0.154290453;11868;83;7.681882828;2.803208128;5.75727339;7.53660486
2585;-0.157461956;11868;84;7.566132443;2.998672702;5.707512793;7.420831932
2586;-0.168678164;11868;85;7.411987756;3.056091447;5.643291091;7.261908675
2587;-0.179320946;11868;86;7.389881557;2.989859886;5.424949144;7.224031748
2588;-0.193890706;11868;87;7.292382962;2.964327577;5.365680493;7.100162724
2589;-0.255711854;11868;88;7.230691491;2.942247345;5.290931454;6.981043064
2590;-0.259837359;11868;89;7.139314394;2.932753916;5.229313732;6.887228285
2591;-0.256084859;11868;90;7.248167671;3.094693641;6.020338692;6.997951084
2592;-0.210506991;11868;91;7.500365767;2.936028036;6.119672519;7.304878316
2593;-0.287843972;11869;81;6.020537765;1.791759469;3.555161015;5.734860076
2594;-0.07433179;11869;82;7.487971449;2.302585093;3.538431466;7.395564231
2595;-0.08990974;11869;83;7.394376732;2.48490665;3.454941687;7.28503807
2596;-0.088653952;11869;84;7.500545815;2.302585093;3.45075443;7.41435416
2597;-0.10720522;11869;85;7.744498225;2.48490665;3.366780384;7.634666795
2598;-0.096506119;11869;86;7.631107433;2.708050201;3.282883819;7.533879736
2599;-0.051921111;11869;87;7.495046351;2.48490665;3.19906323;7.444327671
2600;-0.394370914;11869;88;7.279019424;2.48490665;3.115317527;6.889867544
2601;-0.220708072;11869;89;6.995465407;2.995732274;3.031645481;6.803941621
2602;-0.283901066;11869;90;7.177551574;3.17805383;2.948045788;6.946571787
2603;-0.264909953;11869;91;7.221390424;2.995732274;2.864517096;7.044353254
2604;-0.117704041;11870;81;10.44852912;4.845155851;7.610750415;10.33399715
2605;-0.150585666;11870;82;10.57104215;4.761859776;7.929681342;10.42111507
2606;-0.128333569;11870;83;10.52657328;4.549144966;7.795698377;10.40011897
2607;-0.126176521;11870;84;10.50828805;4.384906681;7.876543394;10.38602238
2608;-0.129922122;11870;85;10.38397316;3.827962316;7.784780219;10.25855665
2609;-0.111709408;11870;86;10.30866251;3.66881611;7.791192973;10.1993118
2610;-0.146063149;11870;87;10.26373027;3.452065304;7.781284474;10.12337315
2611;-0.108267643;11870;88;10.19077284;3.428060216;7.74114779;10.08591864
2612;-0.154198855;11870;89;9.983382743;3.890626754;7.701349459;9.835241124
2613;-0.177544653;11870;90;9.681920517;3.635559708;7.6325757;9.508620964
2614;-0.150982916;11870;91;9.352320725;3.42191513;7.756339978;9.202825487
2615;-0.137228116;11871;81;9.808335817;4.150943543;6.956032035;9.672867267
2616;-0.416700155;11872;81;12.16938637;6.076506429;8.591002026;11.75462804
2617;-0.185429752;11872;82;12.25727062;6.189492343;8.870082591;12.07115324
2618;-0.159417123;11872;83;12.40193043;6.163771821;9.504240936;12.24321977
2619;-0.191891432;11872;84;12.00560004;5.99276459;9.748026721;11.81359911
2620;-0.187265396;11872;85;12.21625477;6.056178982;10.03593613;12.03037814
2621;-0.184414178;11872;86;12.13559838;5.801486988;10.22328626;11.95210205
2622;-0.204816222;11872;87;12.21136821;5.908589335;10.71624752;12.00905998
2623;-0.209979415;11872;88;12.27128533;6.053321105;10.90109859;12.0624341
2624;-0.186265036;11872;89;12.5827256;6.015019845;11.02592661;12.39720566
2625;-0.185391083;11872;90;12.56480946;5.832287536;11.18415997;12.38071676
2626;-0.204089344;11872;91;12.65135084;5.796042353;11.29271034;12.44366395
2627;-0.118465215;11873;81;7.385851078;2.212156957;4.11289018;7.272372028
2628;-0.178404942;11873;82;7.237409983;2.231884232;4.051709248;7.062302922
2629;-0.198070779;11873;83;7.262470394;2.334061182;3.992130455;7.063411591
2630;-0.254037023;11873;84;7.259700881;2.523781254;3.93413788;7.001744229
2631;-0.259108692;11873;85;7.18368222;2.601315097;3.877712908;6.922481459
2632;-0.233071536;11873;86;7.107085399;2.745782773;3.822834355;6.873322854
2633;-0.248572439;11873;87;7.134045437;2.984265123;3.769479041;6.885582186
2634;-0.285149544;11873;88;7.023800803;3.004604031;3.717621114;6.737699184
2635;-0.26050669;11873;89;7.231427172;3.052849578;3.667233439;6.970219889
2636;-0.226162598;11873;90;7.327215904;3.053578183;3.61828657;7.100097566
2637;-0.230225667;11873;91;7.379393162;3.037159554;3.570749865;7.148872465
2638;-0.274680078;11874;81;12.17932665;6.922167403;10.18345734;11.90576137
2639;-0.314774096;11874;82;12.39074041;7.248096538;10.67404697;12.07538195
2640;-0.346284598;11874;83;12.41263975;7.275951609;10.83144195;12.06407849
2641;-0.380572408;11874;84;12.34346364;7.496823132;10.95844683;11.95887671
2642;-0.373572469;11874;85;12.32107648;7.049066738;11.03731948;11.94237653
2643;-0.285580069;11874;86;12.34710023;7.057140331;11.10546062;12.05489168
2644;-0.302994877;11874;87;12.38533784;7.111989929;11.25050708;12.07491068
2645;-0.323824853;11874;88;12.50297873;7.142417103;11.30064206;12.17340627
2646;-0.342246741;11874;89;12.6559778;6.993862194;11.35450969;12.30754999
2647;-0.30413121;11874;90;12.77400474;7.140283465;11.5293148;12.46314589
2648;-0.300314337;11874;91;12.86875208;7.390698586;11.6056794;12.56106868
2649;-0.205198959;11875;81;10.85618931;4.487715876;7.049991866;10.65442695
2650;-0.171583086;11875;82;10.76729563;4.730661339;7.617122856;10.59773754
2651;-0.209935442;11875;83;10.60610131;4.552733998;8.258798027;10.39378454
2652;-0.1978845;11875;84;10.48739997;4.549690687;9.123298668;10.28446237
2653;-0.227675393;11875;85;10.404647;4.655492321;9.090306098;10.16305434
2654;-0.15056093;11875;86;10.62039208;4.178145247;9.156210307;10.46356384
2655;-0.139467403;11875;87;9.166602958;2.785195061;9.015089695;9.025767298
2656;-0.088434882;11876;81;9.230142999;3.561207349;6.586121731;9.144823664
2657;-0.141809672;11876;82;9.24342838;3.480409079;6.505679319;9.106291712
2658;-0.203983426;11876;83;8.28733802;2.981942292;6.666928216;8.100643018
2659;-0.322691709;11876;84;8.156696921;3.318259354;6.59611215;7.858451872
2660;-0.162931457;11876;85;8.970630297;3.638419625;7.236185271;8.808036716
2661;-0.248534992;11876;86;8.723930789;3.671596679;7.175156416;8.481661034
2662;-0.237849355;11876;87;8.507452546;3.657119435;7.220593128;8.283220402
2663;-0.238653332;11876;88;8.317523785;3.608311659;7.170356332;8.090851495
2664;-0.268658668;11876;89;8.446822069;3.684698401;7.167507398;8.191715276
2665;-0.314938545;11876;90;8.790544354;4.08846175;7.845098336;8.48922986
2666;-0.334862322;11876;91;8.959396843;4.320076213;7.896329699;8.63326765
2667;-0.701461673;11877;81;10.26281096;4.931811521;8.350391552;9.562830056
2668;-0.333750129;11877;82;10.19166364;4.447684292;8.472886944;9.857801861
2669;-0.440066665;11877;83;10.69898233;5.022444059;8.508856684;10.25926622
2670;-0.696466208;11877;84;10.98202999;5.084798182;8.827455367;10.28692451
2671;-0.354021579;11877;85;10.858283;4.944741037;8.741036029;10.5050928
2672;-0.341627628;11877;86;10.87213707;4.971088079;9.45344164;10.53089122
2673;-0.434260458;11877;87;11.03916849;4.754238479;9.412127649;10.61190331
2674;-0.3969087;11877;88;11.19687639;4.771892572;9.366980389;10.80680615
2675;-0.401083022;11877;89;11.31952748;4.695084336;9.31536168;10.92472667
2676;-0.421004683;11877;90;11.38618188;4.564987108;9.277242492;10.97080984
2677;-0.436005741;11877;91;11.37499208;4.715345143;9.196876012;10.94459893
2678;-1.043009639;11878;81;8.855306937;4.640579953;7.906016637;7.862332638
2679;-0.466157705;11878;82;9.112253146;4.220988506;8.905697369;8.659330876
2680;-0.405596614;11878;83;8.841249381;4.260639351;8.808030291;8.468287874
2681;-0.039608248;11878;84;9.238518044;3.952577459;8.83355475;9.214289011
2682;-0.008202845;11878;85;9.266046207;3.48157995;8.732963219;9.269586471
2683;-0.202085286;11878;86;8.390898829;3.542745439;8.633438239;8.196109577
2684;-0.074997231;11878;87;8.741861673;3.239513971;8.535014307;8.675478004
2685;-0.175236389;11878;88;8.703847066;3.228207606;8.418124257;8.524574089
2686;0.013559383;11878;89;9.146379184;3.72240223;8.318871341;9.154201062
2687;-0.041669507;11878;90;8.62124673;3.601964654;8.224460757;8.557355562
2688;-0.367226124;11879;81;12.42932219;6.193797969;10.88391592;12.06067506
2689;-0.385325134;11879;82;12.64517973;6.220880925;10.93569973;12.26045769
2690;-0.415107906;11879;83;12.48601055;5.763607911;11.26316829;12.07144109
2691;-0.291875809;11879;84;12.54795;6.232047431;11.18629854;12.25714131
2692;-0.308945;11879;85;12.67446022;5.940241842;11.13268781;12.37140274
2693;-0.277326822;11879;86;12.43739001;5.934935611;11.15621615;12.16913243
2694;-0.247040689;11879;87;12.34667751;6.018310571;11.18914978;12.11030735
2695;-0.212077186;11879;88;12.37256668;5.978812597;11.16236594;12.16072202
2696;-0.164656505;11879;89;12.53648661;6.182810193;11.13441668;12.37384513
2697;-0.309354782;11879;90;12.32895799;5.933283379;11.08587709;12.01979342
2698;-0.33342132;11879;91;12.1126015;6.045033589;11.03755779;11.77839164
2699;-0.337961763;11880;81;8.643050228;2.336161357;6.299046517;8.30487837
2700;-0.050352499;11880;82;8.657451614;2.428671723;6.218258471;8.605943729
2701;-0.055553749;11880;83;8.790158071;2.478957772;6.396624636;8.733483784
2702;-1.565006971;11880;84;8.805963904;2.622656196;6.439222833;7.228149066
2703;-0.034128513;11880;85;8.418639211;2.507299599;6.210572991;8.382323068
2704;-0.048464712;11880;86;7.645338151;2.388709382;5.584283605;7.592407987
2705;-0.365426332;11881;81;12.27715671;6.243919885;10.95663002;11.91675455
2706;-0.317036957;11881;82;12.33652378;6.561019788;10.92590117;12.02236942
2707;-0.378583252;11881;83;12.26387955;6.057229313;10.93543218;11.88293415
2708;-0.217396826;11881;84;12.55830947;6.206830126;11.29540892;12.3361522
2709;-0.366360307;11881;85;12.70642436;5.928404181;11.27868947;12.33319017
2710;-0.269954383;11881;86;12.60381446;6.059197633;11.21279287;12.32633185
2711;-0.079873666;11881;87;12.61894091;6.024287028;11.20436901;12.53330005
2712;-0.208435774;11881;88;12.89505484;6.301040654;11.25266895;12.68275102
2713;-0.18344216;11881;89;12.94378127;6.127425209;11.43922376;12.75583694
2714;-0.292292565;11881;90;12.70027305;6.17219984;11.42290177;12.40221043
2715;-0.160939649;11881;91;12.5928422;6.166030647;11.35882787;12.42699035
2716;-0.609385014;11882;81;8.213083563;3.303322601;8.159041013;7.422037203
2717;-0.676832497;11882;82;8.097984041;2.710213717;8.185721536;7.234860663
2718;-0.698595583;11882;83;7.670577227;2.991973559;8.124403465;7.01195538
2719;-0.707760513;11882;84;8.581340828;2.76781775;8.063820345;7.902869646
2720;-0.664602339;11882;85;8.490003641;2.798466189;8.003988927;7.870371645
2721;-0.711185157;11882;86;7.911387916;2.792073973;7.944926242;7.290808426
2722;-1.073527813;11882;87;7.370948969;3.011195519;7.894933506;6.262906954
2723;-1.123506904;11882;88;7.084255686;2.459923615;7.837270775;5.936212848
2724;-1.299064398;11883;81;8.071687034;4.393834187;7.572503299;6.825417225
2725;-0.198713899;11883;82;10.52407979;4.165385624;7.817010971;10.32516339
2726;-0.1363433;11883;83;9.274206701;3.941259173;7.874134811;9.132888625
2727;-0.022450544;11883;84;9.351144061;4.162064363;7.830653625;9.3275016
2728;-0.225765556;11883;85;9.012990318;4.228998705;7.778495958;8.780124227
2729;0.020406887;11883;86;8.768713111;4.320503176;7.730682256;8.785456638
2730;-0.181608006;11883;87;9.071774228;4.290010669;7.678773076;8.868417684
2731;-0.196145013;11883;88;9.40026269;4.628031855;7.743198764;9.195215035
2732;-0.177964598;11883;89;9.560919666;4.551363987;7.775564754;9.37886537
2733;-0.232281432;11883;90;9.501695573;4.620083829;7.849536704;9.268283276
2734;-0.142790571;11883;91;8.637637786;4.600948335;7.977402123;8.492128757
2735;-2.111015081;11885;81;10.07091968;4.064162583;6.721106649;7.966249434
2736;-1.413737893;11885;82;9.936752313;4.150621884;6.8585751;8.526857474
2737;-0.669365644;11885;83;10.25162695;4.199062591;7.183958142;9.583669476
2738;-0.849126875;11885;84;10.20489952;4.260336521;7.378924915;9.358419869
2739;-0.492038369;11885;85;10.35540695;3.314426163;7.471320637;9.865287038
2740;-0.562418461;11885;86;11.02425659;3.357908463;7.789564348;10.46257552
2741;-0.037514962;11885;87;10.73499973;3.573206639;7.886503694;10.69764834
2742;-0.07430502;11885;88;9.852719614;3.526762221;8.139116611;9.778556902
2743;-0.113427363;11885;89;9.727895722;3.519013421;8.113640268;9.614928142
2744;0.025922887;11885;90;9.931393651;3.516036227;8.023935569;9.913207156
2745;-0.262131423;11886;81;9.629030983;3.452400849;5.447081622;9.377886643
2746;-0.363497466;11886;82;9.986941682;3.778766146;5.369460563;9.623313681
2747;-0.218434542;11886;83;10.16848567;4.322574744;5.292191924;9.9473893
2748;-0.143341914;11886;84;9.75575366;4.13465605;5.215292368;9.613367615
2749;-0.021706281;11886;85;11.15675597;2.76306284;5.147031461;11.13584041
2750;-0.889062643;11886;86;13.0690516;3.795237902;5.292943839;12.17961685
2751;-0.219281316;11886;87;11.84561713;3.277223975;5.678542497;11.62610326
2752;-0.841690719;11886;88;11.81370876;3.199203609;5.575960085;10.97173976
2753;-0.253415406;11886;89;11.54689186;3.312477434;6.034367139;11.29345777
2754;-0.139326528;11886;90;10.97229529;3.312583242;5.970898288;10.83272428
2755;-0.178019434;11886;91;11.47871099;3.108540287;7.637966895;11.30033415
2756;-0.072634332;11887;81;11.55993115;5.079757714;7.167149109;11.4886535
2757;-0.056781109;11887;82;11.59141695;5.094001612;7.112490092;11.53607191
2758;-0.093013093;11887;83;11.77217786;5.044669558;7.078680046;11.68031962
2759;-0.137212604;11887;84;11.46766672;5.499635477;9.08099685;11.33013349
2760;-0.66454798;11887;85;12.43899659;4.020465475;9.002574377;11.77295112
2761;-0.341207236;11887;86;12.55636534;4.403246689;8.742111105;12.21443927
2762;-0.019496135;11887;87;12.06067957;3.182819649;8.589310707;12.04077126
2763;-0.195734993;11887;88;11.66565245;2.937608882;8.509690507;11.46957603
2764;-0.017804593;11887;89;11.43686886;2.663845863;8.430104184;11.41843182
2765;-0.014493261;11887;90;11.77298341;2.937136043;8.350553998;11.75767149
2766;-0.010598417;11887;91;11.60331025;2.750549012;8.475230613;11.59162747
2767;-0.06985084;11889;81;11.9496399;5.789187881;3.937573687;11.87963339
2768;-0.049277879;11889;82;11.6194753;5.291817866;3.87016192;11.56988175
2769;-0.089315183;11889;83;12.06280833;5.607450115;8.336702848;11.97313904
2770;-0.139688835;11889;84;12.05416232;5.638954524;8.260911683;11.91513883
2771;-0.663236618;11889;85;12.19203307;2.584137895;8.219558763;11.52924078
2772;-0.340706319;11889;86;12.51661769;3.043824468;8.32312929;12.17565266
2773;-0.016796798;11889;87;12.31791718;3.048920996;8.250093352;12.30141194
2774;-0.015866134;11889;88;11.94610889;3.095452907;8.199493381;11.93054176
2775;-0.018176602;11889;89;11.98335928;3.453532677;8.140585767;11.96559058
2776;-0.020222455;11889;90;12.02260305;2.644038952;7.875220143;12.00301374
2777;-0.015413386;11889;91;12.14324641;2.252757074;7.806184808;12.12823855
2778;-0.041042145;11890;81;10.14468711;3.245281239;7.228161914;10.11799241
2779;-0.038296171;11890;82;10.16665528;3.7970472;8.035106385;10.13631748
2780;-0.086302266;11890;83;9.985001833;3.714261638;8.067334808;9.9081224
2781;-0.039528873;11890;84;9.812216548;4.044736679;7.987852739;9.788042285
2782;0.023182202;11890;85;10.13395291;3.552112219;7.994846045;10.161435
2783;-0.064692773;11890;86;9.959685018;3.591568946;8.367365446;9.898459994
2784;-0.038159311;11890;87;10.02389518;3.853307828;8.448435469;9.990124576
2785;-0.093212105;11890;88;9.9567004;3.829882807;8.650539899;9.86861513
2786;-0.078289375;11890;89;10.14691125;3.588681709;8.678760995;10.07240679
2787;-0.081495978;11890;90;10.26418933;3.625415591;8.676068268;10.18845677
2788;-0.052912161;11890;91;9.975179655;3.495578656;8.764779019;9.928793925
2789;-0.07243181;11891;81;11.53848889;3.875608702;3.731224214;11.46633851
2790;-0.056697775;11891;82;11.59633327;5.032477924;3.689830578;11.53989186
2791;-0.089248836;11891;83;11.40623855;4.946155799;3.649106487;11.31699402
2792;-0.141735762;11891;84;11.28585684;4.700914384;8.053440842;11.14532397
2793;-0.662979901;11891;85;11.71196707;2.524235373;7.987898416;11.04991135
2794;-0.339487255;11891;86;11.75649633;2.421772561;8.184386601;11.41719078
2795;-0.015458059;11891;87;11.56805753;2.833502322;8.027042896;11.55235154
2796;-0.103602827;11891;88;11.25055918;1.87243507;7.94909374;11.14668652
2797;-0.012042261;11891;89;11.62307185;2.475207548;7.873512565;11.61047086
2798;-0.005015472;11891;91;11.51002995;2.541629762;7.610524657;11.50444586
2799;-0.075999469;11892;81;10.52684516;4.890584063;5.909188755;10.45111683
2800;-0.053340469;11892;82;9.88712621;1.01720156;5.847312995;9.833334759
2801;-0.096279018;11892;83;11.17964591;4.696523225;6.468817962;11.08346889
2802;-0.117299341;11892;84;9.847157541;4.775949892;6.530254092;9.732434725
2803;-0.661571383;11892;85;11.54375599;2.194074934;6.507750213;10.88289407
2804;-0.338834107;11892;86;11.8667855;2.474224596;6.505367402;11.52835596
2805;-0.017271824;11892;87;11.36571975;2.877840811;6.455557992;11.34890513
2806;-0.909995139;11892;88;6.667393417;2.291742952;6.406359037;5.722400897
2807;-0.016625637;11892;89;10.48165464;1.579425534;6.381294036;10.46456499
2808;-0.010492281;11892;90;11.41057673;2.360343961;6.386408806;11.40034398
2809;-0.013824574;11892;91;11.42549227;2.505764755;6.604669367;11.41191675
2810;-0.152580187;11893;81;10.73292547;4.136615945;8.436310369;10.5847361
2811;-0.131238863;11893;82;10.49900877;4.028471804;8.486407134;10.37007716
2812;-0.160027102;11893;83;10.66106479;3.966995121;8.509368124;10.50464461
2813;-0.09604153;11893;84;10.25476504;3.914018998;8.469491097;10.16121858
2814;-0.059304744;11893;85;10.41261247;3.863438329;8.41933183;10.35652929
2815;-0.074381612;11893;86;10.53837034;4.451154893;8.394618739;10.46186384
2816;-0.076094262;11893;87;11.07765425;4.521572028;8.861536919;11.00515182
2817;-0.281065077;11893;88;11.35765876;4.385439251;8.942214777;11.08137158
2818;-0.507338047;11893;89;11.64115541;4.827190487;9.007780752;11.13944843
2819;-0.037487116;11893;90;11.73759685;4.954851739;9.235211037;11.7027549
2820;-0.053733986;11893;91;11.80885666;5.061982176;9.247520054;11.75668736
2821;-0.204198778;11894;81;11.29879121;5.662027139;4.591690459;11.09454299
2822;-0.39352721;11894;82;11.74972843;5.475577064;4.537605525;11.35610589
2823;-0.443414778;11894;83;11.78947932;5.708407586;5.041791388;11.34580063
2824;-0.569754183;11894;84;11.52382167;4.814715287;8.092995143;10.9543423
2825;-0.644396782;11894;85;11.9227803;3.715491993;8.017734763;11.27877182
2826;-0.356814116;11894;86;11.81096578;2.926322696;7.94001038;11.45444506
2827;-0.087664984;11894;87;11.80562376;2.847500838;7.863519096;11.71872663
2828;-0.014993272;11894;88;11.29406249;2.88194572;7.77712237;11.28134082
2829;-0.013774536;11894;89;11.54361114;2.733119126;7.73193447;11.53037722
2830;-0.019574726;11894;90;11.23601599;2.605487451;7.663053719;11.21718035
2831;-0.019394277;11894;91;10.98045836;2.096382543;7.592396292;10.9608824
2832;-1.611877203;11895;81;9.620043168;3.8424892;8.006745751;8.018143338
2833;-0.91714716;11895;82;9.761820251;3.248539878;7.939308686;8.851094045
2834;-0.839315593;11895;83;8.824877061;3.308836416;7.820044951;7.999856835
2835;-0.640461087;11895;84;8.760293387;3.283038814;7.701070097;8.141238507
2836;-0.510007918;11895;85;8.710436496;3.3094417;7.886214477;8.219064556
2837;-0.311504155;11895;86;8.409487698;3.332252057;7.797524354;8.099387752
2838;-0.132901967;11895;87;8.525036958;3.411632087;7.678572613;8.394457224
2839;-0.235096797;11895;88;8.709866501;3.178584092;7.598785597;8.477246262
2840;-0.197958827;11895;89;8.608146326;3.361713649;7.520904296;8.413492105
2841;-0.215950087;11895;90;8.448480554;3.159229128;7.413291499;8.236979192
2842;-0.240268916;11895;91;8.368972971;3.273854512;7.360155067;8.127522372
2843;-0.24469766;11896;81;9.113223561;3.403889094;6.189875556;8.88098457
2844;-0.091901727;11896;82;8.740734398;3.377375902;6.50156704;8.664556436
2845;-0.111759134;11896;83;9.147218451;3.530177688;6.541884742;9.043909965
2846;-0.237753257;11896;84;8.269963733;3.209239857;6.467908347;8.062244571
2847;-0.271868229;11896;85;8.274128215;3.023549632;6.660489885;8.027002081
2848;-0.211352304;11896;86;8.635724385;3.410300667;6.653798831;8.430358574
2849;-0.252972633;11896;87;8.216598618;3.594555297;6.697926244;7.984066039
2850;-0.241459802;11896;88;8.235238566;3.829366507;6.996431509;8.00866189
2851;-0.317760825;11896;89;8.077667238;3.869511581;6.901458518;7.783305495
2852;-0.598316193;11896;90;7.196214546;3.803721956;6.834231064;6.648593358
2853;-0.647447407;11896;91;7.489377352;3.839376918;6.73765136;6.884885082
2854;-0.12213067;11897;81;9.597424229;3.39933847;6.230014023;9.475683518
2855;-0.099006779;11897;82;9.697064755;3.802193647;6.184816342;9.598974527
2856;-0.110397615;11897;83;9.75279456;3.439970342;6.375040624;9.644607524
2857;-0.159298435;11897;84;9.506232836;3.329261573;6.475121285;9.350306098
2858;-0.13814041;11897;85;9.142984866;3.649488973;6.551717775;9.018805723
2859;-0.153693348;11897;86;9.106427159;3.528185201;6.54546883;8.954568073
2860;-0.115324251;11897;87;9.377486985;3.649348795;6.492176208;9.263945007
2861;-0.080836408;11897;88;9.414979231;3.729615782;6.60129903;9.334840554
2862;-0.092137441;11897;89;9.298913598;3.752852346;6.777422309;9.207960492
2863;-0.088253029;11897;90;9.195689627;3.463982586;6.893656169;9.107216611
2864;-0.109910235;11897;91;9.040227655;3.433686721;7.289697508;8.931789013
2865;-0.221291319;11898;81;9.22028084;2.246014721;6.376238755;9.002470572
2866;-0.166595951;11898;82;9.251822367;2.535266979;6.331235845;9.086443666
2867;-0.130850598;11898;83;9.108135462;2.537679651;6.365739647;8.976473824
2868;-0.114433199;11898;84;9.215156004;2.560805137;6.33680002;9.10145379
2869;-0.118527822;11898;85;8.966922239;1.550255202;6.282945661;8.850197508
2870;-0.128079012;11898;86;8.658609505;2.340219487;6.738340355;8.534472724
2871;-0.160814613;11898;87;8.79745921;2.387799692;6.715051744;8.637438991
2872;-0.120824717;11898;88;8.952954087;2.747753711;6.691901756;8.831210534
2873;-0.122427918;11898;89;9.002264975;2.811744749;6.622360546;8.87863008
2874;-0.125075862;11898;90;8.905085528;2.678252985;6.553565213;8.773401906
2875;-0.130889595;11898;91;8.813039889;2.67888664;6.485542803;8.671055325
2876;-0.178480029;11899;81;10.73983209;4.380756106;8.722419687;10.56875907
2877;-0.234885171;11899;82;10.85931077;4.180746006;8.770033051;10.62954322
2878;-0.125287712;11899;83;10.75713829;4.000916225;8.889707131;10.63578211
2879;-0.185773566;11899;84;10.89782634;3.882046929;8.872730301;10.71590642
2880;-0.035064548;11899;85;10.66131976;3.988387646;8.927255334;10.63064074
2881;-0.101178758;11899;86;10.62147044;3.919886674;8.933955701;10.52579997
2882;-0.111411534;11899;87;10.56617714;4.172736903;8.93394199;10.45775424
2883;-0.110168532;11899;88;10.72775893;4.214231548;8.939007129;10.61999471
2884;-0.041431971;11899;89;10.94973175;3.952453346;8.94494692;10.91091635
2885;-0.036340676;11899;90;10.95118874;4.14447152;9.038247959;10.91926984
2886;-0.079018086;11899;91;10.81339978;4.248822816;9.04947552;10.73655954
2887;-0.081515245;11900;81;9.105501964;2.380184115;6.363665823;9.027999323
2888;-0.088184871;11900;82;9.14884534;2.469042432;6.813842993;9.063493714
2889;-0.159528285;11900;83;9.417029921;2.490833778;7.337700039;9.263613219
2890;-0.334760845;11900;84;9.21402469;2.403086927;7.295873117;8.894127536
2891;-0.213305682;11900;85;9.191272822;2.796644473;7.246958594;8.992820322
2892;-0.312946588;11900;86;9.208960319;2.837509661;7.617123216;8.908850585
2893;-0.303183883;11900;87;9.131982426;2.872759932;7.575753908;8.829283108
2894;-0.334496498;11900;88;9.586738867;2.985385446;7.53483008;9.255515938
2895;-0.315130502;11900;89;9.411791108;2.967594464;7.494337538;9.103015472
2896;-0.263120472;11900;90;9.286908722;2.92793701;7.477119366;9.031609509
2897;-0.3020401;11900;91;9.232964154;2.885457712;7.451716243;8.93330526
2898;-0.2356821;11901;81;7.831220215;3.148013804;6.483438324;7.611969412
2899;-0.258605331;11901;82;7.358639066;3.101517437;6.439947187;7.111719097
2900;-0.433424354;11901;83;7.422501527;3.008816354;6.398057762;6.981231024
2901;-0.222581476;11901;84;5.902961969;2.416874212;6.357723574;5.673655235
2902;-0.299925029;11901;85;6.678848079;2.588834746;6.318896629;6.377726055
2903;-0.365872741;11901;86;6.566872598;2.468417281;6.012725793;6.200471166
2904;-0.287002265;11901;87;7.274905741;2.744976617;5.983974408;6.98885497
2905;-0.255391628;11901;88;7.047793911;2.780061972;5.956069229;6.789188367
2906;-0.204100892;11901;89;7.565043701;2.754570225;5.956344023;7.360816805
2907;-0.213756338;11901;90;7.836447408;3.351629451;6.148354696;7.616667009
2908;-0.187528014;11901;91;7.632800141;3.353863124;6.278078965;7.436606187
2909;-0.038716961;11902;81;10.09786119;3.335133243;7.606683872;10.06399352
2910;-0.06374824;11902;82;9.916464124;3.331201764;7.623385721;9.855411118
2911;-0.045599673;11902;83;9.848339593;3.353231853;7.589424547;9.799939629
2912;-0.044424895;11902;84;9.804828598;3.360985327;7.725603136;9.756221873
2913;0.023001645;11902;85;9.963826012;3.410323159;7.974427403;9.979211845
2914;-0.011731868;11902;86;9.654594722;3.570111396;7.990139433;9.633235503
2915;0.0048701;11902;87;9.881761843;3.241410975;7.992865528;9.876875839
2916;-0.02063309;11902;88;9.76342517;3.333647672;8.054404177;9.733403082
2917;-0.024108266;11902;89;9.961793864;3.296872585;8.030058345;9.928443659
2918;-0.040810715;11902;90;9.988689285;3.258107615;8.033825662;9.940291642
2919;-0.067814797;11902;91;9.768880023;3.205925123;8.002891726;9.693707256
2920;-0.165970072;11903;81;8.547664237;2.380745296;7.062025825;8.378829383
2921;-0.19257538;11903;82;8.46397092;2.596052884;7.061602865;8.281423574
2922;-0.180926383;11903;83;8.397963064;2.523027015;7.101418626;8.228020034
2923;-0.149765238;11903;84;8.427946719;2.625769494;6.823455731;8.293156541
2924;-0.177053392;11903;85;8.300882505;2.456832907;6.832343798;8.115811896
2925;-0.186825231;11903;86;7.995639903;2.391546056;6.795232675;7.802613075
2926;-0.218006238;11903;87;8.098004238;2.368054652;6.784357634;7.886693218
2927;-0.155121908;11903;88;7.94250191;2.732642696;7.220190759;7.779248841
2928;-0.17769964;11903;89;8.361617701;2.638386399;7.246955463;8.175377308
2929;-0.237515897;11903;90;8.199172716;2.664425088;7.255149706;7.988566344
2930;-0.101511933;11903;91;8.045071226;2.712094112;7.242191317;7.979899342
2931;-0.089473762;11904;81;9.897066985;3.587355513;7.210472377;9.812194722
2932;-0.147995591;11904;82;9.741552437;3.484774813;7.149458536;9.59719483
2933;-0.102158017;11904;83;9.843288145;3.788399296;6.964429092;9.74704902
2934;-0.139988959;11904;84;9.919736654;3.600775957;6.92877912;9.787838944
2935;-0.070288189;11904;85;10.22278886;3.15783095;6.92909021;10.15548373
2936;-0.066322781;11904;86;9.903078094;3.520131511;6.903319307;9.840157468
2937;-0.151230827;11904;87;9.951546981;3.540373901;7.689068372;9.800614825
2938;-0.172761679;11904;88;9.963910959;3.781627734;8.16348246;9.794948706
2939;-0.102738202;11904;89;10.04554746;4.292649708;8.063781157;9.946316345
2940;-0.09965691;11904;90;9.998267229;3.609404085;8.090312582;9.901614315
2941;-0.15421012;11904;91;10.12083386;3.736331945;8.12284434;9.967801317
2942;-0.139354691;11905;81;9.955861781;2.953338203;7.169560305;9.81593647
2943;-0.11018417;11905;82;9.554575231;2.965483423;7.952400661;9.445132069
2944;-0.097835623;11905;83;9.919494113;2.836412679;7.932256115;9.821225179
2945;-0.091213323;11905;84;10.09094572;3.041902399;7.963084271;10.00047663
2946;-0.056205984;11905;85;10.36248831;2.971753212;8.058640391;10.30531186
2947;-0.089952715;11905;86;9.906746494;3.253738595;8.135046682;9.815850554
2948;-0.070763737;11905;87;10.13825091;3.456399253;8.276522047;10.07289725
2949;0.008584266;11905;88;10.00780534;3.76970381;8.579995037;10.02005909
2950;-0.082699612;11905;89;9.846707399;3.428096485;8.349616802;9.763328554
2951;-0.109836921;11905;90;9.624926775;3.509163714;8.408594147;9.510530247
2952;-0.084540471;11905;91;9.678307627;3.423766584;8.346640932;9.588896797
2953;-0.080511086;11906;81;8.797865769;2.575878459;5.379255435;8.728081168
2954;-0.058842834;11906;82;8.7537916;2.663481907;5.506490842;8.696443549
2955;-0.185826525;11906;83;7.734891999;2.949449658;5.463481891;7.553524317
2956;-0.195536599;11906;84;8.294389609;2.730803937;5.433609722;8.103454252
2957;-0.118836753;11906;85;8.265627685;2.780920028;5.812679029;8.155851264
2958;-0.086777821;11906;86;8.49809807;2.859554014;5.878206941;8.416744421
2959;-0.198292211;11906;87;8.410032663;2.857498089;5.850793821;8.217708802
2960;-0.198444113;11906;88;7.899394424;2.665091191;5.807158112;7.703472929
2961;-0.137192085;11906;89;8.642881185;2.648378156;6.607763128;8.507102411
2962;-0.090714127;11906;90;8.570811525;2.641866923;6.574582841;8.478985777
2963;-0.084547408;11906;91;8.580249505;2.632911808;6.540490666;8.49357406
2964;-0.06358511;11907;81;11.23306212;5.579821605;1.01218699;11.17066037
2965;-0.047800183;11907;82;10.97097366;4.82888163;0.916961131;10.92315436
2966;-0.08727701;11907;83;11.17229731;5.367488841;8.049957603;11.08499041
2967;-0.131983072;11907;84;10.89781514;4.719630787;7.994176698;10.76665486
2968;-0.657694161;11907;85;11.50594459;2.493189878;7.904079313;10.84886496
2969;-0.312020779;11907;86;11.04119722;2.534723636;8.085236585;10.73021687
2970;-0.073232256;11907;87;11.61281619;2.00276716;7.896130907;11.53962004
2971;-0.11440286;11908;81;10.95095566;3.866162715;7.945947032;10.84032734
2972;-0.09424378;11908;82;11.31571823;4.468765669;8.919413653;11.2242407
2973;-0.145977408;11908;83;11.1042341;4.574184884;9.146192504;10.96172791
2974;-0.07397642;11908;84;11.30032864;4.540791076;9.252258859;11.22998951
2975;-0.073245727;11908;85;11.36596493;4.476486729;9.259071197;11.29629629
2976;-0.107787937;11908;86;11.24855599;4.574163715;9.94094806;11.14600649
2977;-0.220051333;11908;87;11.53412953;4.591769564;10.02513966;11.32085911
2978;-0.14839679;11908;88;11.66220858;4.638503369;9.989540617;11.51721236
2979;-0.108158655;11908;89;11.82171561;5.060379186;9.967142688;11.71572414
2980;-0.11860694;11908;90;11.98256399;5.032071471;10.03098514;11.86572485
2981;-0.073587105;11908;91;11.7935114;4.573810619;9.951501095;11.72078208
2982;-0.356441766;11909;81;8.534069993;3.105894418;5.773670318;8.189007406
2983;-0.355558664;11909;82;8.837236355;3.301999835;5.920537908;8.495033552
2984;-0.262831897;11909;83;8.32713231;3.345854259;5.856379301;8.082252153
2985;-0.357970148;11909;84;8.843701189;3.091042453;5.82369847;8.503871154
2986;-0.144788191;11909;85;8.796680081;2.945718192;5.773826348;8.653221269
2987;-0.121021807;11909;86;9.06991271;2.996554956;5.843042918;8.957301746
2988;-0.23136656;11909;87;9.74787829;3.180415516;5.81690242;9.527189051
2989;-0.151652068;11909;88;10.00790203;3.141832194;6.324952074;9.857375099
2990;-0.392892569;11909;89;10.08100535;3.114578366;6.275801148;9.693823423
2991;-0.350134522;11909;90;9.639093016;3.09842372;6.285203299;9.29741109
2992;-0.239862069;11909;91;9.814606175;3.108862268;6.335101217;9.579765869
2993;-0.033330403;11910;81;9.885603583;4.637673373;3.588357706;9.85231627
2994;0.017122539;11910;82;8.654568031;2.175279809;3.484107678;8.669070558
2995;-0.078146093;11910;83;10.21740773;4.698080958;3.595722202;10.14053886
2996;-0.147222236;11910;84;9.775845036;4.118263826;8.043966405;9.63146318
2997;-0.665850818;11910;85;11.12883287;2.213432351;7.985397682;10.46450704
2998;-0.08784198;11910;87;11.55855596;3.931927876;7.834094283;11.47138756
2999;-0.010828258;11910;88;11.37835755;2.464397458;7.765048982;11.36795515
3000;-0.013932818;11910;89;11.44896661;3.290699423;7.686795882;11.4355234
3001;-0.013945026;11910;90;11.62372675;3.003998604;7.466218408;11.60985309
3002;-0.039670449;11910;91;11.1289892;2.843399154;7.399904603;11.0904996
3003;-0.629690349;11911;81;6.913637966;2.421164659;7.161512143;6.358443023
3004;-0.435136408;11911;82;6.88233549;2.579779908;7.365192642;6.482773002
3005;-0.651237369;11911;83;6.819808051;2.48253069;7.482986236;6.289662687
3006;-0.657479286;11911;84;6.591149312;2.421942951;7.510697579;6.109311193
3007;-0.542540371;11911;85;6.487772827;2.24329988;7.470362334;6.205943533
3008;-0.667433262;11911;86;6.717966827;2.313215455;7.435308739;6.135393265
3009;-0.05258901;11912;81;11.37569814;4.608959537;8.457977976;11.32534492
3010;-0.048537787;11912;82;11.42735226;4.899489349;8.44918428;11.38034835
3011;-0.062020052;11912;83;11.70326602;4.911235485;8.479672829;11.64407557
3012;-0.069182999;11912;84;11.77034356;4.948865181;8.579568853;11.70516899
3013;-0.04203552;11912;85;11.93903853;4.905097422;8.811286916;11.89930077
3014;-0.065140091;11912;86;11.79730439;4.831800875;8.782381739;11.73441578
3015;-0.059148222;11912;87;11.67632498;4.914400269;8.821058427;11.6173035
3016;-0.059926204;11912;88;11.8353402;4.755641577;8.936158621;11.77667627
3017;-0.06521102;11912;89;11.72647502;4.883329021;8.965598424;11.66272262
3018;-0.095453352;11912;90;11.60480078;5.17483109;8.998153181;11.51087931
3019;-0.089551784;11912;91;11.64327566;5.092574021;9.060058647;11.55442326
3020;-0.131802246;11913;81;8.724158611;2.626804558;5.814159318;8.58086812
3021;-0.116077662;11913;82;8.680570732;3.03246425;6.047113143;8.559006882
3022;-0.163669586;11913;83;8.354114592;2.595907874;6.06573905;8.184775361
3023;-0.163356945;11913;84;8.30106162;2.677883948;6.078597421;8.133168844
3024;-0.128967524;11913;85;8.148544151;2.079441542;6.231031934;8.020665017
3025;-0.165918425;11913;86;7.983093277;2.110385425;6.178474422;7.812814718
3026;-0.378279001;11914;81;6.096950055;2.48490665;3.261104447;5.724186895
3027;-0.396212369;11914;82;6.118623656;2.48490665;3.224244763;5.725451315
3028;-0.46895504;11914;83;6.336687447;2.708050201;3.187656693;5.863749858
3029;-0.458910555;11914;84;6.299390869;2.708050201;3.151330672;5.838809635
3030;-0.404649764;11914;85;6.273872535;2.63905733;3.115256854;5.869101202
3031;-0.43413651;11914;86;6.242838059;2.708050201;3.079425548;5.926782054
3032;-0.396724522;11914;87;6.230142934;2.48490665;3.04382774;5.836356925
3033;-0.358257264;11914;88;6.248322275;2.48490665;3.008454085;5.888473371
3034;-0.393612832;11914;89;6.184450875;2.48490665;2.973295982;5.788532105
3035;-0.366523832;11914;90;6.340899647;2.48490665;2.938345243;5.973639693
3036;-0.344820917;11914;91;6.385711983;2.48490665;2.903593025;6.039902971
3037;-0.41765362;11915;81;6.380461483;1.878421899;4.194105015;5.968429819
3038;-0.542234719;11915;82;6.535111042;2.469298761;3.168308264;5.996065686
3039;-0.594062805;11915;83;6.880510536;3.311207427;4.021039291;6.282432498
3040;-0.598330736;11915;84;6.756132438;3.34863781;3.927141901;6.150235579
3041;-0.54202348;11915;85;6.760559171;3.277183959;3.833480306;6.220189782
3042;-0.569377899;11915;86;6.74554033;3.292906138;3.845399956;6.145548239
3043;-0.538639069;11915;87;6.821882658;3.229219332;3.752192558;6.263403959
3044;-0.470595092;11915;88;6.830059552;3.1484521;3.659205373;6.3298025
3045;-0.466601938;11915;89;6.828369582;3.096702501;3.566436068;6.33655995
3046;-0.483290941;11915;90;6.750435143;3.032106035;3.473882768;6.245885666
3047;-0.525750637;11915;91;6.683854071;3.13462226;3.381543036;6.130171684
3048;-0.729080379;11916;81;7.615101167;2.985790554;4.059776861;6.890742855
3049;-0.84855175;11916;82;7.538621414;3.143821759;5.39550878;6.682474283
3050;-0.649073541;11916;83;7.532003403;3.008609251;5.501562468;6.8735632
3051;-0.641739249;11916;84;7.423724318;2.891847909;5.431577545;6.760713811
3052;-0.48151651;11916;85;7.304132587;3.040351098;5.333847601;6.794428137
3053;-0.491663873;11916;86;7.261649076;3.04005208;5.236682341;6.749645274
3054;-0.438016713;11916;87;7.19069618;3.103673523;5.112623767;6.734267417
3055;-0.571227431;11916;88;7.296759971;3.10268253;5.016682342;6.707361685
3056;-0.523524702;11916;89;7.247181957;3.081793037;4.921299107;6.699362325
3057;-0.685934961;11916;90;7.300876364;3.04029318;4.826471037;6.602213909
3058;-0.692106783;11916;91;7.289759744;3.040315527;4.732194649;6.589991297
3059;-0.488698035;11917;81;7.738836667;3.180162564;6.636685593;7.25092648
3060;-0.386676162;11917;82;7.625953121;3.166372097;6.891586199;7.242610085
3061;-0.323632896;11917;83;7.323578342;3.112951338;6.859943274;7.002844598
3062;-0.294384807;11917;84;7.384293829;2.397592305;6.828360463;7.093212783
3063;-0.275063366;11917;85;7.370933836;2.496467478;6.888665657;7.096011441
3064;-0.385377109;11917;86;7.315364815;2.302466067;6.856286059;6.931399145
3065;-0.628308594;11919;81;7.96335566;3.836930697;6.276464383;7.338020178
3066;-0.467959434;11919;82;7.923642358;3.795862703;6.399495534;7.455457397
3067;-0.478111744;11919;83;7.896862916;3.857180087;6.335178803;7.41963801
3068;-0.473143369;11919;84;7.804420305;3.683753021;6.272711392;7.33280893
3069;-0.406771719;11919;85;7.727562428;3.816470563;6.315137456;7.334819981
3070;-0.448474497;11919;86;7.709557153;3.816859818;6.255678812;7.263474175
3071;-0.480330616;11919;87;7.723886573;3.803344563;6.267341834;7.246914159
3072;-0.377061009;11919;88;7.70259581;3.699623418;6.25033903;7.324814133
3073;-0.380640537;11919;89;7.745841408;3.57064468;6.284769363;7.364577783
3074;-0.371464252;11919;90;7.811029633;4.105907951;6.341800073;7.442411911
3075;-0.422002971;11919;91;7.880043861;4.073070883;6.443112936;7.460932765
3076;-0.501284838;11920;81;6.848323682;2.866852369;3.948967718;6.345528205
3077;-0.501974761;11920;82;6.700613537;2.899743019;5.211393432;6.206961752
3078;-0.540717006;11920;83;6.746118529;2.205149386;4.558219656;6.195549519
3079;-0.398321301;11920;84;6.562724402;2.530431239;4.537898359;6.146833945
3080;-0.343671799;11920;85;6.21594607;2.251113395;4.436279032;5.85799506
3081;-0.449416965;11921;81;6.620073207;2.302585093;2.708879554;6.177616851
3082;-0.301428527;11921;82;6.559332067;2.302585093;2.61641333;6.262550503
3083;-0.289121658;11921;83;6.411212543;2.397895273;3.031397133;6.130398391
3084;-0.292656302;11921;85;6.370442419;2.079441542;2.857577149;6.090875983
3085;-0.468724132;11921;86;6.58560155;2.079441542;2.77106323;6.125712512
3086;-0.446870774;11921;87;6.63867156;2.079441542;2.684801599;6.18991278
3087;-0.558692336;11921;88;6.518518374;1.945910149;2.598783871;5.960697049
3088;-0.488219112;11921;89;6.577601394;2.197224577;2.513001667;6.092343769
3089;-0.272983313;11921;90;6.07767808;1.945910149;2.427446829;5.809358055
3090;-0.339896709;11921;91;5.997601227;1.945910149;2.342111357;5.658366586
3091;-0.320730895;11922;81;8.96305783;4.491179294;7.692644825;8.647667487
3092;-0.237177044;11922;82;9.070028791;4.126812114;8.238224609;8.834949378
3093;-0.204510123;11922;83;9.238098593;4.061494656;8.24384385;9.036151941
3094;-0.201095358;11922;84;9.353082753;4.195783596;8.303105194;9.153806912
3095;-0.215132073;11922;85;9.562411296;4.457900444;8.364098464;9.349216052
3096;-0.209321514;11922;86;9.590972731;4.723088982;8.421492789;9.382850033
3097;-0.187873036;11922;87;9.615999342;4.821252242;8.447994663;9.428762796
3098;-0.250700057;11922;88;9.689445402;4.892240461;8.597178085;9.440336795
3099;-0.265992582;11922;89;9.798122046;4.795403894;8.877898781;9.532406463
3100;-0.256662071;11922;90;9.943072814;4.884530912;8.876019862;9.687933657
3101;-0.244760379;11922;91;9.995448112;4.962912386;8.917050745;9.750119981
3102;-0.500682116;11923;81;7.811365958;3.423076811;7.465602344;7.317450198
3103;-0.477421761;11923;82;7.676862249;2.920587061;7.616103836;7.205979669
3104;-0.595994949;11923;83;7.576905206;3.484967312;7.743330046;6.987010191
3105;-0.636153758;11923;84;7.394264471;3.085934294;7.600603953;6.768554736
3106;-0.40806976;11923;85;7.199774338;3.169642352;7.553043652;6.799830375
3107;-0.46248734;11923;86;7.06997398;2.857850524;7.556946809;6.608775414
3108;-0.468176425;11923;87;7.092243473;2.996731797;7.539328096;6.620967826
3109;-0.50929451;11923;88;7.170164051;2.996883744;7.516918079;6.661543663
3110;-0.60225445;11923;89;6.651802503;2.327111799;7.491457551;6.050904745
3111;-0.309940517;11924;81;6.455198563;2.627446157;3.713472694;6.145984814
3112;-0.849830568;11924;82;4.567515251;2.139160773;3.92067822;3.691221033
3113;-0.983645678;11924;83;5.296087557;2.171556821;4.075446422;4.304312502
3114;-0.640586972;11924;84;5.769559052;2.129149945;4.022275588;5.1281236
3115;-0.567951322;11924;85;5.741333696;2.093070426;3.970416423;5.173602757
3116;-0.692564189;11924;86;5.66347226;2.154645281;3.919809839;4.9719463
3117;-0.65581882;11924;87;5.815054651;2.33160925;3.870397535;5.162187473
3118;-0.535276651;11924;88;5.671220484;2.20469671;3.822121186;5.131655723
3119;-0.691536784;11924;89;5.636491362;2.194568036;3.774923417;4.949963204
3120;-0.691536784;11924;90;5.383457067;2.194687236;3.728748511;4.701600219
3121;-0.569000244;11924;91;5.170878478;2.190562317;3.683541249;4.619280147
3122;-0.378410488;11925;81;8.370408626;4.011909835;6.875693843;7.990257538
3123;-0.382693589;11925;82;8.473041686;4.029947022;7.112865623;8.08878838
3124;-0.473610044;11925;83;8.510200145;4.025183217;7.348400088;8.033834688
3125;-0.38994503;11925;84;8.548796417;4.015807076;7.282172972;8.152320677
3126;-0.43504706;11925;85;8.480146106;4.183841038;7.210223251;8.040585538
3127;-0.420479596;11925;86;8.362680613;4.260127545;7.379802945;7.937058484
3128;-0.404212117;11925;87;8.322673516;4.302583791;7.367864385;7.914928612
3129;-0.439231962;11925;88;8.287917965;4.423231094;7.489099114;7.838723125
3130;-0.423122913;11925;89;8.383694164;4.382884955;7.436043723;7.954634124
3131;-0.494019032;11925;90;8.32532283;4.188212903;7.576732955;7.820714099
3132;-0.465475649;11925;91;8.352706564;4.233321696;7.58404436;7.882482026
3133;-0.43644619;11926;81;7.939515261;3.847517605;5.420038898;7.504354117
3134;-0.417687356;11926;82;7.90242631;3.880443144;5.409826626;7.480181106
3135;-0.603175402;11926;83;7.818990774;3.624415393;5.959536271;7.212186166
3136;-0.413325876;11926;84;7.732744835;3.641466301;5.875540811;7.317232429
3137;-0.276341081;11926;85;7.705611029;3.6413993;5.813805717;7.445392244
3138;-0.443835258;11926;86;7.823893753;3.59675014;5.75034907;7.378323934
3139;-0.309584826;11926;87;7.694698043;3.655753958;5.696713071;7.379870249
3140;-0.362560332;11926;88;7.64374035;3.669483269;5.633806236;7.27395231
3141;-0.343207121;11926;89;7.671606854;3.651580081;5.575434912;7.316195774
3142;-0.336237162;11926;90;7.691554256;3.672337325;5.569565277;7.374068176
3143;-0.380472898;11926;91;7.715620255;3.678644686;5.66592561;7.386886588
3144;-0.455299973;11928;81;6.382492649;2.635398685;2.945834385;5.931515576
3145;-0.543334842;11928;82;6.243176693;2.496198611;2.847496192;5.708314426
3146;-0.350642383;11928;83;6.324573328;2.580494498;2.749501392;5.980560202
3147;-0.539699137;11928;84;6.126285448;2.650193948;2.66784695;5.598118433
3148;-0.512367368;11928;85;6.262140031;2.515396829;2.570806074;5.766858421
3149;-0.730164945;11929;81;7.606635991;3.615173265;4.737865353;6.881756149
3150;-0.657965779;11929;82;7.699152871;3.70406076;5.255107543;7.046969135
3151;-0.694046199;11929;83;7.84314632;3.844352959;5.237208666;7.155547806
3152;-0.633742571;11929;84;7.981522238;3.919493733;5.181022379;7.355141231
3153;-0.442771703;11929;85;7.885640475;3.835744205;5.182248407;7.456264768
3154;-0.639091671;11929;86;8.105093796;3.946457234;5.174838687;7.467358441
3155;-0.438944578;11929;87;7.947135256;3.845472452;5.350343691;7.507546558
3156;-0.628276944;11929;88;8.166292698;3.826741865;5.273776672;7.540277494
3157;-0.617598653;11929;89;8.351639446;3.837263729;5.250460944;7.736347182
3158;-0.501327455;11929;90;8.338570566;3.877390949;5.193630723;7.839940986
3159;-0.455447912;11929;91;8.152844488;4.03555527;5.141921584;7.699703078
3160;-0.315383732;11930;81;7.068938337;3.260837453;3.457601745;6.753282221
3161;-0.335805207;11930;82;7.063323515;3.125112049;3.649901456;6.73366271
3162;-0.411098897;11930;83;7.016513118;3.130011425;3.699171576;6.583343204
3163;-0.392763495;11930;84;6.948253627;3.023124742;3.627225055;6.533101868
3164;-0.364417285;11930;85;6.864690591;2.88878889;3.546146221;6.477849101
3165;-0.344784319;11930;86;6.819173911;2.896470835;4.30506765;6.444464226
3166;-0.324673742;11930;87;6.810631554;2.794351103;4.223071791;6.456355546
3167;-0.30890733;11930;88;6.798406242;2.78887444;4.1411172;6.471192281
3168;-0.357118934;11930;89;6.632831158;2.726771613;4.09467664;6.255465913
3169;-0.386712581;11930;90;6.506597349;2.541778956;4.015166389;6.103439188
3170;-0.364193082;11930;91;6.322381789;2.444607837;3.936149766;5.941314366
3171;-0.417585284;11931;81;6.920375322;3.553073224;4.031618633;6.515640176
3172;-0.497082353;11931;82;6.739311563;3.100538217;4.004120911;6.25289066
3173;-0.523194134;11931;83;6.552940351;3.078119385;3.977099874;6.030166327
3174;-0.626738369;11931;84;6.367798601;2.82310917;3.88430285;5.730043403
3175;-0.645066917;11931;85;6.242134321;2.7236265;3.946564774;5.565907352
3176;-0.882716894;11931;86;6.037538522;3.094823205;3.892799962;5.115201855
3177;-0.614400327;11931;87;5.820198564;2.777127552;3.806375668;5.173121152
3178;-0.826047361;11931;88;5.719320314;2.673464861;3.714496192;4.86681609
3179;-0.719736576;11931;89;5.718181082;2.625350596;3.622762132;4.979825965
3180;-0.831885517;11931;90;5.680880824;2.458310166;3.531173171;4.814375126
3181;-0.868508339;11931;91;5.434026666;2.488833155;3.439729464;4.527435768
3182;-0.299837828;11932;81;7.726565499;3.707859882;5.041128051;7.42496068
3183;-0.299857944;11932;82;7.652946485;3.63277007;5.525150879;7.352593051
3184;-0.327360928;11932;83;7.641967432;3.423415694;5.126596105;7.308117301
3185;-0.367541909;11932;84;7.649877688;3.660639038;5.134008866;7.271606572
3186;-0.359259784;11932;85;7.58376934;3.881956988;5.492788946;7.213155162
3187;-0.39867866;11932;86;7.489551817;3.702889041;5.376298319;7.07370256
3188;-0.348832458;11932;87;7.473351821;3.689088954;5.552447871;7.114119188
3189;-0.18864955;11932;88;6.662618793;2.191066003;5.443940778;6.464834411
3190;-0.185092598;11932;89;6.709775093;2.114020179;5.331916021;6.516200841
3191;-0.217752844;11932;90;6.6559355;2.124913164;5.214350279;6.430368701
3192;-0.272602081;11932;91;6.620425195;2.108564355;5.666003893;6.341102214
3193;-0.508093655;11934;81;6.163735794;2.60867775;3.775036992;5.726530394
3194;-0.485116363;11934;82;6.1456069;2.599844328;3.724545234;5.708366171
3195;-0.502193034;11934;83;6.138794599;2.226339105;5.143431388;5.684823571
3196;-0.330221623;11934;84;6.568905829;2.446595119;5.067697454;6.183461852
3197;-0.159044027;11934;85;6.678195005;2.472329348;4.977010572;6.487135481
3198;-0.276783258;11935;81;7.047343336;2.496273181;1.940939938;6.772152896
3199;-0.210975587;11935;82;6.965640513;2.194426719;1.858962134;6.753654047
3200;-0.214062989;11935;83;6.801176913;2.184222687;1.777025025;6.586221324
3201;-0.277730882;11935;84;6.98925482;2.425054802;1.695127943;6.713954217
3202;-0.274221271;11935;85;6.879132926;2.411650618;1.613270148;6.60659616
3203;-0.203408435;11935;86;6.788824505;1.472472088;1.531450699;6.586886142
3204;-0.382859379;11936;81;8.206065089;3.687950907;6.461919639;7.825928418
3205;-0.497560918;11936;82;8.082452785;3.725356942;7.86701392;7.586963972
3206;-0.503468692;11936;83;8.180120618;3.776958194;7.836946329;7.683859261
3207;-0.508478105;11936;84;8.276786247;3.990612373;7.796244853;7.776953789
3208;-0.391768634;11936;85;8.236938287;4.253811959;7.835448721;7.852621035
3209;-0.417388469;11936;86;8.42785489;4.571798447;7.794872019;8.011896687
3210;-0.418272018;11936;87;8.465409748;4.653015458;7.720782687;8.052815892
3211;-0.380645484;11936;88;8.663857464;4.794622125;7.896429897;8.287816571
3212;-0.374030441;11936;89;8.762244995;4.779312671;7.897355464;8.391800243
3213;-0.34200412;11936;90;8.784300173;4.73693943;7.989131497;8.445117378
3214;-0.415971041;11936;91;8.783980801;4.731789662;8.087381783;8.3688699
3215;-0.635673046;11937;81;6.856461985;2.112347729;5.313239352;6.229921401
3216;-0.307057858;11938;81;6.427135537;2.639231292;1.200895957;6.125619448
3217;-0.383678734;11938;82;6.284907278;2.499449932;1.340649583;5.911337213
3218;-0.360888749;11938;83;6.248244376;2.398531951;1.257906304;5.904701386
3219;-0.381460667;11938;84;6.138087466;2.397353179;1.175218806;5.778390708
3220;-0.402489305;11938;85;6.172040311;2.398113554;1.207553299;5.785589232
3221;-0.408144534;11938;86;6.100134256;2.398278403;1.122643251;5.707805236
3222;-0.425585032;11938;87;6.085629037;2.398451457;1.037825132;5.674208619
3223;-0.546370029;11938;88;6.22768434;2.397895273;0.953097443;5.693761937
3224;-0.491026819;11938;89;6.258524402;2.397706254;1.12814753;5.777115523
3225;-0.485147446;11938;90;6.1109851;2.48490665;1.595222784;5.634297059
3226;-0.466136813;11938;91;6.072721586;2.542062565;3.072604937;5.614287881
3227;-0.431885242;11939;81;7.500142483;3.519234133;4.492206888;7.069091368
3228;-0.549410343;11939;82;7.4738264;3.494809158;5.20268274;6.927277225
3229;-0.518483222;11939;83;7.40196528;3.526767492;5.233568455;6.888081569
3230;-0.447997391;11939;84;7.242293623;3.306466131;5.440118787;6.799434793
3231;-0.37281397;11939;85;7.206954604;3.138561086;5.415225318;6.836380422
3232;-0.409156263;11939;86;7.043066307;3.24118299;5.443644333;6.638275752
3233;-0.441646963;11939;87;6.925336454;3.142984695;5.348635511;6.488332063
3234;-0.369156003;11939;88;6.940390612;3.189714031;5.574579962;6.57486658
3235;-0.387019485;11939;89;6.983927865;3.030946011;5.484541997;6.599768021
3236;-0.438370466;11939;90;6.926193259;3.083554239;5.724814822;6.491057829
3237;-0.221913755;11939;91;6.749618393;2.913473069;5.649530707;6.528330662
3238;-0.368459076;11941;81;6.084499413;2.168627126;2.790546795;5.7275652
3239;-0.371468574;11941;82;6.057630214;2.187976231;2.695239227;5.693303259
3240;-0.396937877;11941;83;5.984329012;2.078464502;2.600340607;5.582491477
3241;-0.425516069;11941;84;6.024369936;2.092245859;2.505844608;5.583929771
3242;-0.421577841;11941;85;6.023128918;2.214683004;2.41174502;5.591029795
3243;-0.494241387;11941;86;5.943367193;2.407030368;2.31803491;5.444586531
3244;-0.506696582;11941;87;5.853003859;2.382472736;2.224707471;5.347129765
3245;-0.536258936;11941;88;5.831995234;2.367662891;2.131755742;5.29216498
3246;-0.501344264;11941;89;5.8753997;2.356500227;2.03917264;5.371617305
3247;-0.448879361;11941;90;6.343782601;2.508700948;2.216985267;5.888612987
3248;-0.360875934;11941;91;6.336240487;2.517650911;2.122201279;5.97066174
3249;-0.231703386;11942;81;6.881205931;2.289585833;4.565211292;6.67797576
3250;-0.267672688;11942;82;6.92145688;2.289569698;4.520535244;6.684023405
3251;-0.213682905;11942;83;6.879818171;2.18265242;4.476528292;6.654020295
3252;-0.345946163;11942;84;6.821588849;2.521007741;4.433164983;6.458603244
3253;-0.312626719;11942;85;6.700323074;2.511725493;4.390419697;6.380260115
3254;-0.294320405;11942;86;6.581138468;2.75550821;4.348267368;6.281650501
3255;-0.332824588;11942;87;6.617731763;2.75594454;4.306683802;6.28830624
3256;-0.374593765;11942;88;6.355853315;2.619121802;4.265644923;5.969933911
3257;-0.319206178;11942;89;6.205080062;2.227489742;4.225127204;5.879660639
3258;-0.614221394;11942;90;6.181510898;2.345441181;5.025908985;5.560837963
3259;-0.655079961;11942;91;6.39972644;2.278677239;4.972520504;5.739418879
3260;-0.594796002;11943;81;7.248432963;3.534283707;5.645393841;6.666759923
3261;-0.383048445;11943;82;7.132399852;3.053442262;5.733112319;6.738245489
3262;-0.480905741;11943;83;6.82223183;3.19061728;5.666643561;6.325005638
3263;-0.286188871;11943;84;7.015913696;3.069202007;5.606744413;6.689835335
3264;-0.294825822;11943;85;6.846132295;2.78107583;5.544825954;6.504829303
3265;-0.282295793;11943;86;6.316941454;2.811971464;5.485265161;5.973928724
3266;-0.30592218;11943;87;6.276967657;2.398466967;5.428048929;5.88791725
3267;-0.298171759;11943;88;5.921753655;2.211397311;5.373155962;5.560505318
3268;-0.260823786;11944;81;6.579251212;2.197224577;4.90171893;6.323570664
3269;-0.188037321;11944;82;6.623064902;2.302585093;5.016515999;6.441671691
3270;-0.328132302;11944;83;6.612949013;2.197224577;5.041608065;6.292848477
3271;-0.292397797;11944;84;6.445774265;2.197224577;4.999960951;6.164698188
3272;-0.273545474;11944;85;6.517362353;2.197330324;5.024010714;6.260282481
3273;-0.314139664;11944;86;6.356561083;2.302747014;4.905155414;6.056537984
3274;-0.326205105;11944;87;6.158752927;2.123571201;4.808637849;5.834206181
3275;-0.399106324;11944;88;6.068731424;1.916862122;4.712578271;5.674258388
3276;-0.317112476;11944;89;6.500976564;1.940096578;4.61698443;6.187454547
3277;-0.358929276;11944;90;6.481810587;1.954922847;4.521863956;6.128180047
3278;-0.404941291;11944;91;5.84807621;1.933909875;4.427225268;5.451453302
3279;-0.412494123;11948;81;6.419832088;2.792108461;6.842709859;6.033118422
3280;-0.422957659;11948;82;6.637638649;2.59439465;6.746007178;6.220755303
3281;-0.56364578;11948;83;6.394699897;2.670654142;7.1365104;5.796464785
3282;-0.467520773;11948;84;6.390520509;2.590642223;7.095720467;5.88648492
3283;-0.445592701;11948;85;6.402651576;2.549036662;7.119786733;5.87624752
3284;-0.406198919;11948;86;6.222638088;2.731979459;7.082984893;5.754145043
3285;-0.479416579;11948;87;6.370402098;2.928560487;7.046913269;5.854201136
3286;-0.44556877;11948;88;6.412536601;2.929646026;7.011529515;5.951702635
3287;-0.472758472;11948;89;6.47313331;3.006372732;6.976794422;5.990466048
3288;-0.429749668;11948;90;6.460427653;2.739685596;6.942671038;5.993171921
3289;-0.426976532;11948;91;6.375464031;2.768811544;6.909124824;5.92603647
3290;-0.346314341;11949;81;6.297477599;2.32275078;5.16903249;5.971667828
3291;-0.743910253;11950;81;6.805833262;2.372362912;3.832864211;6.067949061
3292;-0.502414107;11950;82;6.62834021;2.421393248;3.740290873;6.130917352
3293;-0.459814101;11950;83;6.705319674;2.739502016;4.922672648;6.250378723
3294;-0.569514573;11950;84;6.624998152;2.620759064;4.848131803;6.064429632
3295;-0.321955353;11950;85;6.637132513;2.63905733;4.775376797;6.326279833
3296;-0.447868913;11950;86;6.738120675;2.55151371;4.704393584;6.298236093
3297;-0.624802291;11951;81;7.34200222;3.166301659;4.503512472;6.71892897
3298;-0.467386633;11951;82;6.841447616;2.924055707;4.468261427;6.37793882
3299;-0.495284468;11951;83;6.615748765;2.807620633;4.357494834;6.125984783
3300;-0.51333642;11951;84;6.381827997;2.541266184;4.24890551;5.877341284
3301;-0.624050558;11951;85;6.369405158;2.457797575;4.140757344;5.769060964
3302;-0.684976637;11951;86;6.407446063;2.296707046;4.047574356;5.729497375
3303;-0.555967748;11951;87;6.294432107;2.26064781;3.710391605;5.738788173
3304;-0.646067858;11951;88;6.730644974;2.247597375;3.82505954;6.088114245
3305;-0.654378712;11951;89;7.020529917;2.45172621;3.727959637;6.369260954
3306;-0.878543377;11951;90;6.785577852;2.302585093;3.641933982;5.917220058
3307;-0.538146973;11951;91;6.259957641;2.189607573;3.823180952;5.727374857
3308;-0.372486562;11953;81;7.751432264;3.053337564;6.183976216;7.384904945
3309;-0.660290599;11953;82;7.843896125;3.07278587;5.969985282;7.187599218
3310;-0.4833754;11953;83;6.93662634;2.802495458;5.907825662;6.458924164
3311;-0.814661145;11953;84;7.646369703;2.775196123;6.122636486;6.845040939
3312;-0.211153299;11953;85;8.055933101;2.775934331;6.057109291;7.852024853
3313;-0.344152331;11953;86;8.062639209;2.703828861;6.437368569;7.723993324
3314;-0.263421863;11953;87;8.150081158;2.691087056;6.597303065;7.892900006
3315;-0.387704879;11953;88;7.948287141;2.74568885;6.60222849;7.575079529
3316;-0.885485947;11953;89;8.237922325;3.392161626;6.612099771;7.357272627
3317;-1.113571167;11953;90;8.262519983;2.213661593;6.647173994;7.150522597
3318;-1.178530812;11953;91;8.1920549;2.213750815;6.608735495;7.017725649
3319;-0.529595196;11955;81;6.489052981;2.772588722;5.614969494;5.974673515
3320;-0.577142;11955;82;6.420989883;2.550746402;6.653606279;5.853180756
3321;-0.584673643;11955;83;6.557061297;2.468610764;6.609108858;5.971168025
3322;-0.410158128;11955;84;6.38359107;2.243147068;6.565146159;5.965732866
3323;-0.597733617;11955;85;6.12346689;2.347029973;6.521703623;5.51686848
3324;-0.583578944;11955;86;6.268515241;2.49212228;6.478766876;5.671972661
3325;-0.571164012;11955;87;6.201702918;2.25062531;6.436321526;5.616255828
3326;-0.557932913;11955;88;6.182350513;2.294258612;6.395425126;5.55287134
3327;-0.624768913;11955;89;6.176725708;2.251801633;6.353853816;5.490547934
3328;-0.696609139;11955;90;6.00689902;2.356881752;6.312734466;5.269059499
3329;-0.811466515;11955;91;6.181670059;2.370038261;6.279391913;5.319934815
3330;-0.357510895;11956;81;6.916417664;3.043273253;5.799407861;6.566232468
3331;-0.243086994;11956;82;6.560022085;2.318053879;6.006516708;6.325032419
3332;-0.436096072;11956;83;6.394137165;2.450095932;5.597638481;5.956799317
3333;-0.290338963;11956;84;6.526017993;2.585528808;5.562205644;6.223996627
3334;-0.347237378;11956;85;6.542927861;2.653387141;5.482623012;6.175042956
3335;-0.319239467;11956;86;6.349772297;2.447312618;5.656202851;6.028529689
3336;-0.410202593;11956;87;6.425546908;2.739372258;5.568326449;6.018909627
3337;-0.364294738;11956;88;6.315778647;2.47163828;5.481470817;5.92496618
3338;-0.292311668;11956;89;6.489926982;2.344522341;5.600595837;6.190125591
3339;-0.249404669;11956;90;6.541903574;2.373414694;5.525502362;6.297257345
3340;-0.264378756;11956;91;6.298854773;2.288368417;5.6522539;6.054968035
3341;-0.406596094;11957;81;6.679850426;2.813504859;6.452751478;6.279734063
3342;-0.424493313;11957;82;6.75381289;2.694594717;6.420608372;6.333172296
3343;-0.483582854;11957;83;6.598556342;2.832175769;6.644516963;6.091116747
3344;-0.441289395;11957;84;6.622518944;2.900102285;6.608992346;6.147981135
3345;-0.379440308;11957;85;6.515250108;2.444860579;6.573757481;6.070048837
3346;-0.328953892;11957;86;6.314024383;2.720990381;6.538795185;5.98177997
3347;-0.359289646;11957;87;6.301590911;2.580098683;6.50408915;5.914558604
3348;-0.270031363;11957;88;6.308257409;2.500287585;6.469624407;6.020870305
3349;-0.285208523;11957;89;6.337871748;2.218155531;6.435386159;6.043282553
3350;-0.245259866;11957;90;6.350432058;2.134392792;6.401361349;6.07506523
3351;-0.240110219;11957;91;6.268979986;2.071097703;6.36753726;5.995072837
3352;-0.79625982;11958;81;6.672032945;2.48490665;3.551453639;5.882489652
3353;-0.608922362;11958;82;6.472111466;2.48490665;3.471251735;5.869074127
3354;-0.709036112;11958;83;6.841270399;2.630465522;5.041499574;6.137279473
3355;-0.372624725;11958;84;6.734566549;2.634100194;4.991135075;6.367354018
3356;-0.594668448;11958;87;6.610738021;2.479587636;4.846653683;6.016141082
3357;-0.58275342;11958;88;6.619824152;2.508648098;4.800593394;6.03825694
3358;-0.569914579;11958;89;6.693065502;2.501997977;4.90251297;6.124051872
3359;-0.456960976;11958;90;6.578502064;2.659230921;4.938448677;6.121440403
3360;-0.543092072;11958;91;6.549957268;2.722627476;4.893866225;6.026893534
3361;-0.457639128;11959;81;7.828436359;3.471347048;6.154954178;7.388474152
3362;-0.422525316;11959;82;7.994378175;3.494036402;6.116235575;7.580632985
3363;-0.451860577;11959;83;8.060841111;3.518521079;6.428696813;7.625020641
3364;-0.41185841;11959;84;8.114296072;3.576976251;6.543554353;7.722239935
3365;-0.38549155;11959;85;8.112348447;3.565535296;6.647049319;7.773114699
3366;-0.52467823;11959;86;8.052848054;3.600283619;6.674558695;7.557569597
3367;-0.413441598;11959;87;8.078922425;3.764056788;6.74350864;7.671116753
3368;-0.367874414;11959;88;8.06249319;3.768650871;6.700302871;7.696102104
3369;-0.38900423;11959;89;8.034039256;3.758688046;6.722842918;7.644413414
3370;-0.432858795;11959;90;7.814789039;3.779498447;6.832747366;7.384876917
3371;-0.475186616;11959;91;7.792582554;3.815099663;6.800986097;7.31647112
3372;-0.372938335;11960;81;5.802722459;2.008860696;1.687619988;5.456375242
3373;-0.450655788;11960;82;6.097486526;2.114327143;3.332905079;5.654754764
3374;-0.485019535;11960;83;6.179232873;2.406016039;3.250330474;5.691594344
3375;-0.477729082;11960;84;6.20744364;2.470620694;3.167808737;5.723056689
3376;-0.408565044;11960;85;6.055407989;2.311984539;3.085338416;5.642219665
3377;-0.406714797;11960;86;5.931660731;2.320195121;3.002918647;5.527975176
3378;-0.400079519;11960;87;5.920930714;2.289648341;2.920548507;5.518950935
3379;-0.366209835;11960;88;5.92625588;2.23361671;2.838226955;5.556328698
3380;-0.421992421;11960;89;6.049429601;2.322526536;3.882505624;5.627574787
3381;-0.362261772;11960;90;6.101772748;2.321906354;3.77758003;5.735628465
3382;-0.356171757;11960;91;6.149104007;2.315192585;3.673171593;5.789774808
3383;-0.3426314;11962;81;6.644700792;2.576554873;5.402178666;6.312572113
3384;-0.333304197;11962;82;6.530621888;2.366247698;5.761105659;6.198852301
3385;-0.455078691;11962;83;6.306675499;2.48852327;5.713902602;5.870868281
3386;-0.438379318;11962;84;6.313213181;2.460378352;5.66750552;5.836068394
3387;-0.471048057;11962;85;6.334631461;2.422000757;5.722950514;5.844857138
3388;-0.52191633;11962;86;6.124924297;2.529082161;5.677757557;5.601009663
3389;-0.464649379;11962;87;6.133405854;2.611320596;5.633286355;5.642316594
3390;-0.393095374;11962;88;6.093452515;2.452105526;5.589504983;5.684681322
3391;-0.398279577;11962;89;6.097132045;2.323353625;5.546382163;5.692071715
3392;-0.322915912;11962;90;6.16904504;2.293233739;5.503888105;5.789509585
3393;-0.289589584;11962;91;6.055620166;2.303388146;5.887769074;5.707955275
3394;-0.522033036;11964;81;6.894670039;2.86153374;5.718466012;6.365550617
3395;-0.465245068;11964;82;6.819871562;2.807703966;6.391645025;6.337794694
3396;-0.604827642;11964;83;6.960994932;2.937708435;6.511152306;6.325270027
3397;-0.505750716;11964;84;6.983673884;3.011613774;6.53104506;6.445307311
3398;-0.465868086;11964;85;6.920565636;3.018057252;6.505322586;6.416233106
3399;-0.487591326;11964;86;6.85937573;3.094899726;6.566509227;6.329764423
3400;-0.541915774;11964;87;6.886080666;3.144329383;6.552392427;6.295379732
3401;-0.384738237;11964;88;6.782386561;2.953321289;6.525603868;6.356226863
3402;-0.414358735;11964;89;6.759515238;2.984883577;6.536851691;6.308668941
3403;-0.449687183;11964;90;6.726991883;2.934455334;6.573312439;6.252609361
3404;-0.521309257;11964;91;6.734248106;3.097896463;6.589056935;6.184770061
3405;-0.907659352;11966;81;6.693943055;2.1102132;3.216737615;5.822533466
3406;-0.882697642;11966;82;6.346404252;2.079441542;3.124450363;5.485513713
3407;-0.690622389;11966;83;6.837809456;2.262765285;3.042193398;6.160320696
3408;-0.515385389;11966;84;6.228017785;2.087193519;2.950314588;5.734626239
3409;-0.522301912;11966;85;6.34805033;2.08009805;2.996748279;5.843482849
3410;-0.542945921;11966;86;6.075100527;2.055170662;2.977808895;5.536715253
3411;-0.538275719;11967;81;7.440616358;3.351289468;1.745887613;6.904879076
3412;-0.436744273;11967;82;7.174132103;3.188015561;3.223944212;6.741247044
3413;-0.389442325;11967;83;7.262659246;3.235089195;4.875834728;6.877390703
3414;-0.393534362;11967;84;7.00297257;3.104536693;4.758974846;6.617745304
3415;-0.581925094;11967;85;7.164385172;2.939275024;5.153548139;6.600850733
3416;-0.715639651;11967;86;7.061882382;3.135446697;5.20849242;6.362530859
3417;-0.598933518;11967;87;6.974547538;3.182697281;5.135894832;6.37912313
3418;-0.669087112;11967;88;6.812392498;3.184377555;5.135070238;6.147184168
3419;-0.785381079;11967;89;7.103402168;3.123073199;5.062554471;6.32166739
3420;-0.729349792;11967;90;7.127382401;3.085514357;4.86940425;6.402311469
3421;-0.777990997;11967;91;7.088093975;3.17904127;4.883034708;6.32068047
3422;-0.315197229;11968;81;6.552935738;2.457201793;5.692003371;6.248281438
3423;-0.337619841;11968;82;6.710849568;2.413508804;5.618608232;6.376542476
3424;-0.346876085;11968;83;6.459913146;2.462151331;5.546888421;6.091253955
3425;-0.357302636;11968;84;6.619813896;2.447711097;5.476828547;6.235144673
3426;-0.397635788;11969;81;7.230128609;3.19935556;3.605003969;6.831896874
3427;-0.42083925;11969;82;7.304922382;3.296259996;3.637189152;6.879478056
3428;-0.40621388;11969;83;7.361766226;3.297573235;3.597314351;6.941877733
3429;-0.397433788;11969;84;7.327388024;3.399307704;3.567150026;6.908720511
3430;-0.373177737;11969;85;7.244577273;3.359657596;3.784375063;6.855905575
3431;-0.367046982;11969;86;7.274495293;3.414175531;3.687271889;6.901362452
3432;-0.342633069;11969;87;7.392212438;3.414127834;3.61615731;7.042289053
3433;-0.406781733;11969;88;7.062574611;3.281650162;3.591673109;6.648561167
3434;-0.411607653;11969;89;7.158480368;3.370861338;6.055361469;6.740854997
3435;-0.421559393;11969;90;7.334275326;3.476042726;4.860439238;6.905754561
3436;-0.429201663;11969;91;7.259281481;3.306159452;4.811195395;6.82618325
3437;-0.481948227;11970;81;5.963836396;1.763104254;3.92656083;5.48366106
3438;-0.554907918;11970;82;5.947677878;2.074818306;3.926255199;5.377308238
3439;-0.474319249;11970;83;6.030717978;2.081439519;3.840343242;5.542728154
3440;-0.503238738;11970;84;6.214056005;2.12797334;4.072841729;5.706969326
3441;-0.680266142;11970;85;6.305187758;2.127020328;3.988662783;5.623325168
3442;-0.626069784;11970;86;6.360345064;2.130834639;3.904564381;5.730900054
3443;-0.53220284;11970;87;6.153883973;2.364726903;3.820545438;5.615237163
3444;-0.54756391;11970;88;5.990464444;2.428605306;3.736604478;5.435322362
3445;-0.44296059;11970;89;6.184519941;2.492748798;3.747063104;5.734957994
3446;-0.316205293;11970;90;6.283414917;2.472904284;3.663046627;5.959202392
3447;-0.467972845;11970;91;6.251113289;1.880902492;3.579108231;5.77784637
3448;-0.846202612;11971;81;7.152660322;2.632172816;5.25782799;6.312387484
3449;-0.602360129;11971;82;6.734301901;2.769588736;5.218021725;6.140742557
3450;-0.674897969;11971;83;6.949111115;3.050051334;5.366200166;6.283218556
3451;-0.817424178;11971;84;6.993646909;3.2044157;5.320000516;6.188400472
3452;-0.760733902;11971;85;6.91812757;3.122616075;5.426457149;6.198760716
3453;-0.628190398;11971;86;6.688733015;2.833346962;6.215080826;6.066741536
3454;-0.588667214;11971;87;6.550988081;2.792599808;6.177160227;5.973929578
3455;-0.582098544;11971;88;6.534293936;2.743833522;6.231511786;5.960942572
3456;-0.569063902;11971;89;6.515009594;2.784732212;6.28723406;5.956829252
3457;-0.645356536;11971;90;6.419061669;2.662788123;6.33235652;5.790227607
3458;-0.727915525;11971;91;6.696827234;3.13622695;6.295270844;5.987029909
3459;-0.41269511;11972;81;6.501740001;2.563549778;5.802419265;6.102640108
3460;-0.328221619;11972;82;6.641779037;2.505146497;6.154419802;6.312194738
3461;-0.507334471;11972;83;6.391883375;2.668318748;6.100437184;5.847951338
3462;-0.532174766;11972;84;6.336417522;2.618394798;6.048565764;5.758722118
3463;-0.483175367;11972;85;6.22908327;2.422099519;5.998728445;5.725185893
3464;-0.467305213;11972;87;6.049703081;2.530851456;5.904829686;5.550329014
3465;-0.381156445;11972;88;6.136957821;2.448060853;5.860600753;5.737909943
3466;-0.431220174;11972;89;6.13035304;2.272055763;5.818072183;5.69105081
3467;-0.322569489;11972;90;6.17927802;1.838967281;5.777159291;5.804079902
3468;-0.284938455;11972;91;6.093876552;2.079031974;5.737778589;5.769000258
3469;-0.68173486;11974;81;6.729106997;3.024446134;5.189275683;6.045157312
3470;-0.689397454;11974;82;6.965180625;3.025051536;5.132834832;6.27651533
3471;-0.81712395;11974;83;7.28355034;2.757810886;5.488609482;6.465127112
3472;-0.511165082;11974;84;7.650739787;3.052617253;5.404049594;7.150085746
3473;-0.41347909;11974;85;7.602499694;3.135443794;5.319600645;7.183747896
3474;-0.416037083;11974;86;7.388469321;3.139165252;5.235259926;6.96604054
3475;-0.359553069;11974;87;7.340725511;3.109591963;5.151024817;6.966258857
3476;-0.383753955;11974;88;8.109330534;3.127884621;5.066892819;7.723262894
3477;-0.600091815;11974;89;7.412750904;3.134696958;4.982861172;6.8102921
3478;-0.581780553;11974;90;7.132119472;3.157118183;4.898927706;6.547921228
3479;-0.543917954;11974;91;6.938370794;3.156256278;4.815089845;6.391505834
3480;-0.430326223;11976;81;6.081762157;2.035664983;5.444559309;5.653040807
3481;-0.459763438;11976;82;6.149774351;2.434679614;5.40611199;5.700493584
3482;-0.467521071;11976;83;6.334300226;1.996339535;5.600983734;5.868643158
3483;-0.546757698;11976;84;6.36855176;2.2099263;5.563566775;5.820836802
3484;-0.49611786;11976;85;6.665264003;2.788445911;5.517145774;6.160131481
3485;-0.603544533;11976;86;6.56569032;2.838463595;6.146957579;5.958340786
3486;-0.555850565;11976;87;6.576523037;2.7170213;6.10395651;6.017229835
3487;-0.826993108;11976;88;6.930278345;3.097232628;6.210885174;6.068011113
3488;-0.571559429;11976;89;7.147739047;2.914708827;6.204337395;6.54530476
3489;-0.692114413;11976;90;7.195542113;3.466861439;6.398099015;6.48813541
3490;-0.726435363;11976;91;7.305351455;3.596482298;6.619846618;6.565137906
3491;-0.497952431;11977;81;7.127051399;2.960922905;4.83201586;6.646808954
3492;-0.411587864;11977;82;6.73902324;2.736310225;5.102441473;6.351366852
3493;-0.443740696;11977;83;6.904917761;2.875931088;5.057336263;6.480672596
3494;-0.552351475;11977;84;6.958584263;2.972260541;4.99796699;6.429406575
3495;-0.613736391;11977;85;6.898318004;3.005574238;4.911496117;6.311489309
3496;-0.317110837;11977;86;6.886107985;2.978013447;4.834903003;6.583263757
3497;-0.390823781;11977;87;6.874472012;2.813268991;5.234321179;6.487611554
3498;-0.44729346;11977;88;6.941449155;3.009491869;5.268762423;6.501900019
3499;-0.423567891;11977;89;6.80508158;2.995732274;5.373845316;6.389166548
3500;-0.392963111;11977;90;6.889197734;2.977265906;5.467031414;6.497243093
3501;-0.385310858;11977;91;6.893325125;2.980340376;5.40120169;6.522964503
3502;-0.288420796;11978;81;7.523319199;3.443234641;4.581715422;7.265239344
3503;-0.392433465;11978;82;7.523470233;3.527052316;4.569747044;7.14929067
3504;-0.387053013;11978;83;7.337391157;3.477442723;4.679452834;6.971377701
3505;-0.452466965;11978;84;7.080301326;3.218030054;4.845382925;6.669611169
3506;-0.435096532;11978;85;6.847098407;3.176435806;4.929879391;6.487879553
3507;-0.478209436;11978;86;6.602618865;3.220284744;4.767246658;6.178553963
3508;-0.480315864;11978;87;6.653309786;3.071524664;4.680912749;6.218209029
3509;-0.528839469;11978;88;6.698196706;3.068560871;4.641938713;6.19587277
3510;-0.486481667;11978;89;6.533776152;3.054038104;4.556259642;6.074262597
3511;-0.243680701;11978;90;5.590170644;1.872384262;4.470757843;5.399046285
3512;-0.453424484;11978;91;6.380978938;3.014657585;4.709711228;5.962105098
3513;-0.256686091;11979;81;7.171119081;2.197224577;5.300682731;6.916090682
3514;-0.244021177;11979;82;6.938924586;1.791759469;5.210896804;6.697574903
3515;-0.387981862;11979;83;6.38008126;2.079441542;5.826343124;5.995276091
3516;-0.389114171;11979;84;6.486073419;2.07726402;5.767320282;6.102921531
3517;-0.59705019;11979;85;6.684219653;2.257029576;5.70930249;6.08737602
3518;-0.587786615;11979;86;7.098373419;2.302585093;5.679143648;6.512146286
3519;-0.621927023;11979;87;7.078284145;2.470920381;5.647224179;6.459100454
3520;-0.625314116;11979;88;7.076357978;2.564949357;5.613984682;6.453648163
3521;-0.569429696;11979;89;7.227677392;2.174153242;5.647488412;6.660870044
3522;-0.785655975;11979;90;7.368179095;2.397987602;5.607209148;6.585884706
3523;-0.761465847;11979;91;7.237897184;2.302633825;5.616995904;6.476820796
3524;-0.449556381;11980;81;7.859722006;4.178961238;6.486688102;7.411934302
3525;-0.463211209;11980;82;7.857620934;4.286641751;6.482774029;7.395087826
3526;-0.471388191;11980;83;7.899789225;4.16040042;6.479022543;7.429752786
3527;-0.572957397;11980;84;7.870797454;3.885602984;6.957683537;7.298906847
3528;-0.565910161;11980;85;7.7109941;3.879552966;6.948773153;7.144692516
3529;-0.780790746;11980;86;7.447953856;3.947522167;6.940314756;6.667847695
3530;-0.717689097;11980;87;7.352640775;3.940608179;6.932284125;6.638033669
3531;-0.339922905;11981;81;8.266164437;3.649847215;8.178543292;7.927957323
3532;-0.215381175;11981;82;8.417949887;3.693561602;8.206831255;8.206505073
3533;-0.503555059;11981;83;8.571556154;3.731062125;8.420899198;8.07386755
3534;-0.170802966;11981;84;8.430224676;3.756516159;8.448320081;8.260049417
3535;-0.262982309;11981;85;8.238037298;3.395959588;8.488113308;7.976977728
3536;-0.249204203;11981;86;8.336457759;3.778278141;8.544432482;8.085695702
3537;-0.255412698;11981;87;8.377241905;3.774754869;8.56815566;8.122351315
3538;-0.200718567;11981;88;8.421214419;3.866859375;8.643720351;8.214341761
3539;-0.198345482;11981;89;8.572975594;3.877413064;8.675031094;8.373242979
3540;-0.359717041;11981;90;8.6079043;4.335930388;8.709310042;8.250609883
3541;-0.33472836;11981;91;8.544328892;4.231486747;8.725446351;8.209589317
3542;-0.194257617;11983;81;8.203687173;3.679367135;5.474947825;8.012162998
3543;-0.144033581;11983;82;8.116701268;3.775350611;5.380978736;7.974878664
3544;-0.258554846;11983;83;7.611082703;3.491786672;5.289181754;7.356346132
3545;-0.269092798;11983;84;7.555534026;3.394250202;5.694152515;7.29100723
3546;-0.167250901;11983;85;7.527893136;3.041815246;5.596471341;7.367369354
3547;-0.134969413;11983;86;7.903434659;2.886838199;5.679836859;7.777208953
3548;-0.244883344;11983;87;7.475161167;3.316973434;5.598839962;7.241503559
3549;-0.176943332;11983;88;7.676131768;3.322724403;5.519897379;7.509970231
3550;-0.091623932;11983;89;7.816463233;2.331393841;5.446317009;7.721779878
3551;-0.172170863;11983;90;7.303251182;2.330996346;5.369516482;7.131904965
3552;-0.514223635;11984;81;6.838940963;3.36729583;6.598223686;6.334606344
3553;-0.277518451;11984;82;7.139831375;3.526360525;6.459578307;6.865052843
3554;-0.403105915;11984;83;7.262423132;3.526360525;6.419183647;6.863436348
3555;-0.426777124;11984;84;7.266625894;3.554970444;6.379200274;6.865755503
3556;-0.51036942;11984;85;7.064514962;3.549204788;6.345439744;6.591688216
3557;-0.43051964;11984;86;7.254236981;3.613275707;6.547578641;6.842583354
3558;-0.514259636;11984;87;7.275859785;3.719148926;6.539316641;6.780989591
3559;-0.509649158;11984;88;7.419664056;3.82407766;6.505756507;6.929572668
3560;-0.542947829;11984;89;7.476511227;3.824808166;6.685523863;6.961577404
3561;-0.48466152;11984;90;7.494601289;3.8408331;6.66200958;7.052552185
3562;-0.485442877;11984;91;7.61938406;3.843255176;6.671833982;7.161196324
3563;-0.314092994;11985;81;6.96979067;2.532447583;5.344648426;6.654804817
3564;-0.32863906;11985;82;7.00560075;2.710286037;5.41841394;6.675521002
3565;-0.302269101;11985;83;6.915398965;2.694017236;5.657737471;6.615126503
3566;-0.300860733;11985;84;7.060945781;2.47825103;5.621253446;6.760259651
3567;-0.374135882;11985;85;6.741017184;2.567723998;5.602471344;6.365272729
3568;-0.434832782;11985;86;6.503108988;2.433022706;5.591143769;6.063289282
3569;-0.395607978;11985;87;6.47988363;2.415966467;5.617022309;6.080654951
3570;-0.449603856;11985;88;6.53077219;2.414679951;5.771533337;6.079161019
3571;-0.409668505;11985;89;6.440359769;2.39477519;5.988884929;6.026194758
3572;-0.434076726;11985;90;6.278061436;2.258371651;5.993363606;5.837587191
3573;-0.508906364;11985;91;6.324577921;2.103308746;5.953007806;5.810013491
3574;-0.291613758;12524;81;7.16332726;3.1407993;5.596217065;6.892283359
3575;-0.353297502;12524;82;7.823891604;3.337566787;6.853855151;7.477623575
3576;-0.370412052;12524;83;7.57227257;3.606375131;6.76675845;7.196212625
3577;-0.334391892;12524;84;7.559489457;3.36215992;6.689755261;7.218409586
3578;-0.371413261;12524;85;7.231076583;3.239454778;6.608130924;6.852001303
3579;-0.449573368;12524;86;6.995479049;3.285499335;6.523650942;6.541594657
3580;-0.298559755;12524;87;6.945156194;2.83666406;6.437427769;7.057985127
3581;-0.241481423;12524;88;7.1228514;2.828345969;6.355341037;6.884388566
3582;-0.258944213;12524;89;7.114791083;2.730728736;6.430159425;6.855801623
3583;-0.290226996;12524;90;6.945242383;2.822789171;6.40310531;6.66067166
3584;-0.134385303;12524;91;6.892282492;2.965869161;6.352332258;6.793005868
3585;-1.035113692;12525;81;9.15920496;1.975453679;5.870800626;8.125229665
3586;-4.450395107;12525;82;8.463131265;1.364550497;6.345433961;4.048219853
3587;-0.078020297;12525;83;10.09741058;3.535051795;5.804107322;10.01953506
3588;-0.040077858;12525;84;10.20048395;4.24559525;5.78043575;10.16111601
3589;-0.561444581;12525;85;8.523737939;0.78999703;6.012077058;7.971346299
3590;-1.413175702;12525;86;6.620337657;1.178466298;5.967770364;5.313328793
3591;-0.879460037;12526;81;6.98425325;5.070105853;7.789212216;6.21895101
3592;-0.05141817;12526;82;10.17653612;4.43545704;8.051584733;10.12598644
3593;-0.029840956;12526;83;10.82659283;6.190741123;8.00764434;10.79757214
3594;-0.019378658;12526;84;11.0908695;4.661296756;7.943787371;11.07250843
3595;-0.022435;12526;85;11.02065833;4.139724452;7.908870028;10.9992634
3596;-0.496223301;12526;86;10.96376248;3.112921566;7.874198528;10.46825045
3597;-1.468433976;12526;87;6.558410754;3.717496564;7.832330351;5.309192692
3598;-1.670177817;12526;88;7.171005381;2.880859749;7.791488316;5.725895185
3599;-1.499445081;12526;89;7.265213302;2.689542028;7.751664312;5.931682275
3600;-0.566367507;12526;90;7.672593267;2.468317737;7.718218155;7.163205674
3601;-1.419212103;12526;91;7.209483354;2.6681726;7.689517916;6.01021908
3602;-0.753608525;12527;81;6.903144691;2.197224577;4.538682012;6.144868903
3603;-0.984045744;12527;82;6.78559999;2.197224577;4.434190107;5.790935231
3604;-0.959821403;12527;83;6.710008899;2.197224577;4.736447042;5.744295437
3605;-0.793882012;12527;84;6.260625868;1.945910149;4.858486495;5.476797019
3606;-0.37234351;12527;85;5.595461218;1.945910149;4.772926251;5.230211455
3607;-0.090733051;12528;81;8.856675194;2.911322947;5.795159259;8.765846552
3608;-0.060618855;12528;82;8.854167395;3.411424498;5.810692723;8.79608198
3609;-0.048573893;12528;83;9.125301055;3.379513423;5.890672067;9.08286427
3610;-0.066614792;12528;84;9.126653753;3.695499264;5.9271751;9.0639614
3611;-0.086898156;12528;85;9.204052087;3.903666193;5.876220723;9.134167559
3612;-0.09277606;12528;86;9.063938337;3.939491615;6.583751399;8.983847162
3613;-0.098315381;12528;87;9.157198639;3.924489304;6.676239759;9.084803832
3614;-0.098109365;12528;88;9.118575171;3.983325707;6.707299336;9.046302366
3615;-0.086992756;12528;89;9.139117477;3.797022464;6.743291243;9.090274165
3616;-0.069347046;12528;90;9.135490854;3.819628987;6.879153715;9.108612681
3617;-0.133277074;12528;91;9.202791049;3.85364734;6.973995309;9.123764021
3618;-0.098950252;12529;81;8.378850242;3.191318573;4.387942482;8.280911341
3619;-0.087695442;12529;82;8.421691255;3.129173397;4.652764363;8.334374128
3620;-0.103661865;12529;83;8.43565283;3.138511728;4.248154477;8.331576485
3621;-0.226184785;12529;84;8.20658095;3.356371926;4.065495289;7.979564282
3622;-0.121054903;12529;85;8.260561716;3.23536878;4.231988599;8.139187587
3623;-0.158055305;12529;86;8.050878219;3.373125028;4.139168001;7.892198204
3624;-0.14506036;12529;87;8.074893718;3.303039785;4.503012696;7.929471495
3625;-0.185254559;12529;88;7.935064814;3.438472505;4.408842986;7.749612024
3626;-0.154167295;12529;89;7.894686574;3.295431578;4.236881519;7.74147759
3627;-0.166220948;12529;90;7.548102711;3.035549186;4.143635477;7.381288211
3628;-0.177549288;12529;91;7.540933301;2.930918039;5.731034888;7.363406681
3629;-1.504491925;12535;81;8.62137301;4.798533048;8.291576002;7.147475807
3630;-1.937268019;12535;82;8.964573821;4.868130422;8.235300901;7.040309326
3631;-1.942507029;12535;83;8.931522154;4.905951023;8.179837332;6.994512697
3632;-1.182897925;12535;84;9.101781932;5.120292322;8.15619453;7.889577874
3633;-2.02225399;12535;85;8.912854014;5.112454543;8.096433418;6.837943831
3634;-1.260094643;12535;86;8.753246721;5.086836687;8.073479526;7.483861031
3635;-1.339675426;12535;87;8.729771754;5.08632877;8.013496879;7.322531397
3636;-1.037644029;12535;88;8.665984979;5.312772701;7.954312779;7.597290292
3637;-1.183567405;12535;89;8.784245294;5.385832602;8.003494793;7.582647305
3638;-1.877991796;12535;90;8.564344551;5.403816743;8.320605036;6.658415567
3639;-1.115687251;12535;91;8.892343385;4.907635181;9.475596485;7.772546486
3640;-1.577611446;12536;81;4.792479272;1.340702424;5.391959688;3.237370877
3641;-1.804454327;12536;82;6.051722604;3.014471625;5.498137626;4.296641943
3642;-2.052035809;12536;83;6.269889195;3.231740262;5.395329948;4.281728315
3643;-1.156335831;12536;84;6.866971304;3.232786043;6.20028816;5.6641888
3644;-1.035692215;12536;85;6.728930166;3.340261913;6.217717334;5.630672711
3645;-0.978824973;12536;86;7.06705486;3.790271496;6.627515577;6.011831516
3646;-0.913696885;12536;87;7.014941788;3.666214035;6.586971022;6.035371476
3647;-1.519100428;12536;88;6.90620739;3.645648659;6.578404415;5.288079746
3648;-0.153044775;12538;81;7.882692206;2.346276745;5.54769317;7.733503763
3649;-0.379344821;12538;82;8.73395824;3.716408315;5.676990495;8.351091219
3650;-0.1520392;12538;83;8.832865928;2.942494204;5.912075166;8.679744591
3651;-0.121088207;12538;84;9.04787004;3.019160399;6.251888477;8.926428138
3652;-0.155318692;12538;85;9.165141033;3.012126989;6.171225965;9.006977547
3653;-0.151699647;12538;86;9.289148303;2.901846612;6.179136058;9.135227914
3654;-0.161748469;12538;87;9.275908636;2.901780824;6.188025343;9.118134062
3655;-0.101444773;12538;88;9.366616776;3.211280448;6.12216757;9.257377233
3656;-0.122481816;12538;89;9.617585016;3.101003827;6.619704812;9.491730573
3657;-0.118138485;12538;90;9.603633393;3.100930947;6.454416701;9.482591299
3658;-0.132532448;12538;91;9.586845162;3.067110882;6.392095602;9.452317868
3659;-1.171142697;12539;81;9.195906726;4.732459153;8.346895696;8.050065579
3660;-1.216776013;12539;82;9.397076163;4.893235295;8.348918529;8.203395851
3661;-1.304808259;12539;83;9.634478359;5.212181655;8.70466698;8.350370898
3662;-0.92865777;12539;84;9.73276943;5.209967814;8.886192377;8.826246269
3663;-1.105660796;12539;85;9.409075878;5.341782228;8.936068629;8.338884588
3664;-1.003263116;12539;86;9.571818897;5.519644939;8.964563582;8.592671381
3665;-1.015379786;12539;87;9.64316159;5.530631084;9.069715465;8.653166205
3666;-1.043478131;12539;88;9.805701684;5.49308386;9.165845156;8.786751096
3667;-1.536626458;12539;89;9.851077372;5.744854731;9.151963351;8.361526992
3668;-1.701810598;12539;90;9.875194469;5.708084426;9.162257687;8.238236355
3669;-1.20216167;12539;91;9.824322373;5.684875406;9.230973594;8.659078811
3670;-0.13518016;12540;81;9.023854179;3.037721647;7.286121814;8.891768574
3671;-0.195286885;12540;82;8.788485034;2.876998796;7.315633408;8.594181359
3672;-0.199276954;12540;83;9.02596448;2.850925944;7.271831792;8.82681299
3673;-0.206512243;12540;84;9.324510552;2.954818424;7.231045573;9.115924411
3674;-0.112698771;12540;85;9.137917413;2.909921632;7.205514639;9.024856633
3675;-0.102645598;12540;86;9.217509728;3.104217252;7.389894522;9.114528093
3676;-0.101171374;12540;87;9.185283147;3.104201765;7.680465297;9.084827415
3677;-0.107431099;12540;88;9.280435084;3.211650229;7.579993488;9.175348315
3678;-0.184479326;12540;89;9.150111302;3.180003305;7.490359062;8.971776287
3679;-0.123765379;12540;90;9.235681498;3.191224458;7.440059371;9.119858847
3680;-0.167901143;12540;91;8.953333489;3.218005237;7.532825589;8.780747178
3681;-0.772961795;12541;81;7.287081763;2.526349561;7.490516316;6.526742187
3682;-0.624609053;12541;82;7.239218654;2.564867265;8.220263675;6.622800279
3683;-1.580633759;12541;83;8.748081983;4.29192363;8.375290135;7.166554754
3684;-0.939021409;12541;84;8.763327756;3.693430696;7.565839492;7.823058609
3685;-0.584566832;12541;85;8.257458211;3.690648195;8.449932531;7.672632013
3686;-0.587675691;12541;86;8.473445371;3.842098505;8.446675895;7.883179172
3687;-0.598999918;12541;87;8.642959381;3.84542752;8.520656718;8.042342051
3688;-0.344562858;12541;88;8.750917599;4.03248251;8.588751662;8.405729126
3689;-0.72876668;12541;89;8.86109777;4.255169674;8.315760786;8.135823671
3690;-0.653446794;12541;90;9.308599502;4.720347222;8.54154371;8.661199595
3691;-0.520680726;12541;91;9.468747825;4.713063304;8.502974418;8.948780657
3692;-0.755395949;12542;81;5.65248918;4.411323022;5.103839116;5.057442273
3693;-0.974925458;12542;82;5.451589321;2.018630906;5.168808981;4.601651965
3694;-1.144638062;12542;83;5.676606847;3.574519537;5.433130534;4.724622631
3695;-1.240756869;12542;84;5.435892524;2.42680952;5.543108216;4.379802961
3696;-1.429860234;12542;85;5.422133059;2.388483612;5.700615539;4.615356245
3697;-1.494145036;12542;86;5.626884249;2.187719843;5.819711217;4.309285414
3698;-1.221902013;12542;87;5.306911465;2.041984005;5.84000147;4.334249222
3699;-1.246162534;12542;88;5.650352167;2.102149334;5.877374635;4.582805324
3700;-0.258555233;12543;81;9.265566902;3.492130398;8.003930845;9.001963416
3701;-0.153045893;12543;82;8.937933934;3.512173585;7.956108381;8.785271717
3702;-0.099179283;12543;83;8.819286546;3.303455602;7.903736253;8.718755934
3703;-0.070735075;12543;84;8.967095252;3.311566735;7.848713661;8.89627863
3704;-0.124711789;12543;85;8.934821913;2.869109249;7.79534448;8.8003475
3705;-0.276214272;12543;86;8.928213349;3.090224213;7.743572237;8.643491002
3706;-0.317209899;12543;87;8.942783077;3.09042992;7.693338974;8.625846308
3707;-0.239605263;12543;88;8.975539909;3.54642217;7.653398083;8.733677746
3708;-0.21400246;12543;89;9.050487692;3.44876834;7.65300732;8.837196644
3709;-0.185670212;12543;90;9.122792274;3.500413226;7.649078363;8.941716037
3710;-0.189579949;12543;91;9.234204993;3.500432916;7.66635022;9.053637561
3711;-0.16326943;12544;81;10.38702727;5.050523161;7.401674286;10.22524243
3712;-0.167591766;12544;82;10.4277826;5.02657248;7.517028335;10.26172401
3713;-0.205855459;12544;83;10.2180373;4.953245853;7.763846604;10.01781053
3714;-0.212232515;12544;84;10.36501456;4.915884528;7.897905459;10.15916946
3715;-0.353108197;12544;85;10.54711269;4.919654089;7.90549044;10.20210703
3716;-0.153199211;12544;86;10.27968475;4.789981799;7.878459564;10.136857
3717;-0.145283982;12544;87;10.11593394;4.723563251;7.926012786;9.982943399
3718;-0.147880927;12544;88;10.34272046;4.683201877;7.897792073;10.20875278
3719;-0.207259074;12544;89;10.29681491;4.488589221;7.835991469;10.09524186
3720;-0.12041337;12544;90;9.994218906;4.674237355;7.935052317;9.878010076
3721;-0.039256137;12545;81;11.03955938;5.116222774;7.495140252;11.00011884
3722;-0.132308781;12545;82;11.17448219;5.067053779;7.757733104;11.04204564
3723;-0.105267033;12545;83;8.957570176;2.423202582;7.727228113;8.850862606
3724;-3.786989689;12545;85;8.774760059;3.278267495;7.354511256;4.560385543
3725;-0.128514528;12546;81;10.32456351;2.910398891;7.513527558;10.20196684
3726;-0.094322897;12546;82;10.36454639;3.097308793;7.699538402;10.27633584
3727;-0.100693151;12546;83;9.929347547;3.000954287;7.736775225;9.824992507
3728;-0.076660611;12546;84;10.10143012;2.688190226;7.818629022;10.01894201
3729;-0.026032928;12546;85;9.988695115;3.162002512;7.922767004;9.95861289
3730;-0.019038642;12546;86;9.969631657;2.864378662;7.945567968;9.937691288
3731;-0.051175486;12546;87;10.08744985;3.057524229;7.893460564;10.02414986
3732;-0.075322308;12546;88;10.01487728;3.699936794;8.077590698;9.928804494
3733;-0.050669599;12546;89;10.37459391;3.752114407;8.004842317;10.3188745
3734;-0.052498359;12546;90;10.32776828;3.859785308;8.099776675;10.27127283
3735;-0.07236363;12546;91;10.21130882;3.939847172;8.064757925;10.13660356
3736;-0.509699762;12547;81;7.299459472;2.982863822;7.705167783;6.815335638
3737;-0.701743901;12547;82;7.078155987;2.944901956;7.464871293;6.402226677
3738;-1.461017966;12547;83;6.793882823;2.923008694;7.620467261;5.509430653
3739;-0.182015285;12547;84;8.484234487;2.78360864;7.465804341;8.309218975
3740;-0.116853468;12547;85;8.311718609;2.838954556;7.514422502;8.199564358
3741;-0.688646436;12547;86;7.39286563;2.942205491;7.461704372;6.724143437
3742;-0.303182453;12547;87;8.172794565;2.368116284;7.597760505;7.870227679
3743;-0.085990295;12547;88;9.220325607;3.03031303;8.193070382;9.138174923
3744;-0.10414958;12547;89;9.78254379;3.025325907;8.249978737;9.681254536
3745;-0.136022836;12547;90;9.476979516;2.921505144;8.344836391;9.343707335
3746;-0.054830473;12547;91;9.509051271;3.305892822;7.860682634;9.455015065
3747;-2.131256342;12548;81;7.116231833;4.475662235;5.371309828;5.149286576
3748;-1.93890655;12548;82;7.174380846;4.499429569;5.872127589;5.333258971
3749;-1.232494593;12548;83;7.000313874;4.449838554;5.825175703;5.853946598
3750;-1.375721216;12548;84;6.940049689;4.207191594;5.778947584;5.686688657
3751;-0.114483662;12549;81;8.903366768;4.759947653;5.713117027;8.789239624
3752;-0.137405902;12549;82;8.675149511;4.839923451;5.653560041;8.537236675
3753;-0.131286919;12549;83;8.556893338;4.85883643;5.594344534;8.433447959
3754;-0.155480713;12549;84;8.959872481;3.892180605;5.565156047;8.803939426
3755;-0.558904171;12549;85;10.34530286;2.42792709;5.497414149;9.786273971
3756;-0.982797503;12549;86;10.64985693;2.467937491;5.485635562;9.66678323
3757;-0.105806023;12549;87;9.885047879;2.365437796;5.771151021;9.777920122
3758;-0.396907032;12549;88;9.25206677;2.079585179;5.792471775;8.85217534
3759;-0.091642678;12549;89;10.23195483;3.721558768;6.267583827;10.13971413
3760;-0.077462845;12549;90;10.75842386;2.048097181;6.379543156;10.68105253
3761;-0.131825089;12549;91;10.7242592;1.897354823;6.36375216;10.59198478
3762;-0.204327762;12550;81;9.259825514;2.848759951;6.563147819;9.060387493
3763;-0.11094477;12550;82;9.33477847;3.313503843;6.744082047;9.230148935
3764;-0.08096689;12550;83;9.761091426;3.405521072;6.729207987;9.68506362
3765;-0.178809911;12550;84;9.502575904;3.433600492;6.736477543;9.335973935
3766;-0.082010843;12550;85;9.526113667;3.518298513;6.799584081;9.444452686
3767;-0.143061772;12550;86;9.496086954;3.507096502;6.834394098;9.358448755
3768;-0.0775581;12550;87;9.610197925;3.499195504;6.83054554;9.538106854
3769;-0.371528447;12550;88;10.58564981;3.529086334;6.781704556;10.21791715
3770;-0.47465989;12550;89;10.24769832;3.433897863;6.726816945;9.77760961
3771;-0.357855409;12550;90;8.8398638;3.058587395;6.643882315;8.498882129
3772;-0.150616363;12550;91;8.728612975;2.950781337;6.813181242;8.576891649
3773;-0.17574957;12551;81;10.70570212;4.475033729;7.687411595;10.53063744
3774;-0.073159471;12551;82;10.36802498;4.845393845;7.818500585;10.29433501
3775;-0.02916868;12551;83;10.93393406;4.970924454;8.274292764;10.90599569
3776;-0.03267419;12551;84;10.34130905;4.324377474;8.228658477;10.30906743
3777;-0.027601566;12551;85;9.841397386;2.667726814;8.179394421;9.813842953
3778;-0.497546703;12551;86;9.641241084;2.723904825;8.093616818;9.145384264
3779;-0.374858022;12551;89;10.85620875;2.305576772;7.94438671;10.48363902
3780;-0.13062188;12551;90;11.05312343;2.826156671;7.896210592;10.92364796
3781;-0.182679206;12552;81;9.093008528;3.124152738;5.798550589;8.921602208
3782;-1.951830387;12552;82;7.064157259;4.781631698;5.761955987;5.283319364
3783;-0.755478919;12552;83;6.181463138;3.3903062;5.726188171;5.606820072
3784;-0.955409825;12552;84;6.291797769;2.917229105;5.691224501;5.659086366
3785;-1.042214155;12552;85;6.424568057;3.731864543;5.657042301;5.822757743
3786;-1.493634701;12552;86;6.842190059;2.806290626;5.623619817;5.566926878
3787;-1.511823058;12552;87;6.116978177;2.086392857;5.590935737;4.792784907
3788;-0.194237292;12553;81;11.16834561;4.475306637;7.190621483;10.97432978
3789;-0.142787203;12553;82;10.47181285;4.725277112;7.287629188;10.32942487
3790;-0.054695673;12553;83;10.13595763;4.631115393;7.381492697;10.08230787
3791;-0.040835552;12553;84;10.2277914;4.569652028;7.415132924;10.18784247
3792;-0.038414158;12553;85;9.188773334;2.830840595;7.388876459;9.154026994
3793;-0.128806144;12553;86;9.720889942;2.487716514;7.327421883;9.592679712
3794;-0.184866697;12553;87;10.0889672;2.799536184;7.305234893;9.905648497
3795;-0.339870065;12553;88;9.496842232;1.525489515;7.286863545;9.158196181
3796;-0.466233045;12553;89;9.732355928;1.606696636;7.266568;9.263384126
3797;-0.052699145;12553;90;9.08201749;2.397012301;7.155836744;9.030466988
3798;-1.163777113;12554;81;7.740664402;3.571954726;8.170989805;6.681544896
3799;-1.17107904;12554;82;7.801885972;3.821718609;8.119490601;6.726064993
3800;-1.14217627;12554;83;7.679924477;3.675151643;7.842782564;6.673958411
3801;-0.901927412;12554;84;7.711054128;3.782227042;9.390112784;6.98990484
3802;-0.530066431;12554;85;9.419612692;3.729500134;9.351844681;8.909198657
3803;-0.172573745;12555;81;11.41264534;5.318098901;8.666340892;11.24043266
3804;-0.210648328;12555;82;10.25973308;5.00499288;8.700905951;10.04766204
3805;-0.043408412;12555;83;10.14270059;5.063220062;8.7854886;10.09978793
3806;-0.068939865;12555;84;9.890437338;4.502422035;8.740270569;9.821026673
3807;-0.115393959;12555;85;9.24739001;2.903310013;8.710595947;9.133669277
3808;-0.331578553;12555;86;9.5250722;2.808238328;8.582690115;9.194000273
3809;-0.320139319;12555;89;11.46532682;2.855239187;8.456208971;11.14505302
3810;-0.184519336;12555;90;10.90395699;2.796964339;8.416835225;10.719534
3811;-0.048856128;12556;81;11.04106893;3.80562953;7.856630136;10.99482658
3812;-0.059043571;12556;82;10.84556199;3.86217151;7.866579852;10.78846772
3813;-0.735920846;12556;83;7.104636366;3.061288384;7.790733389;6.473575864
3814;-0.560971439;12556;84;6.826304231;2.655636431;7.84498387;6.432373345
3815;-0.743371308;12556;85;6.383319182;2.892769174;7.769541769;5.765692747
3816;-0.173455775;12557;81;10.40409012;4.015345297;6.240093556;10.23116396
3817;-0.211179286;12557;82;10.14358255;4.695748675;6.321411152;9.931542741
3818;0.003621806;12557;83;9.800450507;4.448407417;6.895366352;9.804608806
3819;-0.04368135;12557;84;9.56839021;3.923864468;6.955119692;9.524387819
3820;-0.027424993;12557;85;9.742039626;2.923927221;6.899615182;9.715454128
3821;-0.261264384;12557;86;7.526704743;1.03319719;6.492687881;7.26700447
3822;-0.391966552;12558;81;7.371111881;2.293627283;5.601498367;6.982227399
3823;-0.170349628;12558;82;7.395656787;2.449676751;5.794520302;7.227838718
3824;-0.242068946;12558;83;7.415473296;2.431796848;5.763921953;7.175224804
3825;-0.340293437;12558;84;6.959887717;2.188569832;5.686403324;6.624367035
3826;-0.38174057;12558;85;6.978535533;2.300703632;5.74558475;6.605954804
3827;-0.59717375;12558;86;6.758344923;2.309362914;5.775467601;6.171079796
3828;-0.348499537;12558;87;6.647262858;2.459132914;5.694091195;6.295276249
3829;-0.59410274;12558;88;6.709498071;2.399820274;5.639803476;6.116358875
3830;-0.528355479;12558;89;6.756228321;2.398024531;5.592460531;6.230577922
3831;-0.414643019;12558;90;6.662585178;2.483740341;5.517375742;6.253983735
3832;-0.387587965;12558;91;6.853422123;2.459073383;5.456637981;6.465831051
3833;-0.437913179;12559;81;6.396596246;1.609437912;3.296009078;5.975131089
3834;-0.353463352;12559;82;6.001153329;1.609437912;3.253027035;5.624520754
3835;-0.315670967;12559;83;5.824111727;1.945910149;3.211569766;5.500628603
3836;-0.446962178;12559;84;5.845574207;1.945910149;3.171601879;5.389002819
3837;-0.564334571;12559;85;5.794889052;1.945910149;3.133086318;5.233522465
3838;-0.361246258;12559;86;5.748518187;1.945910149;3.095985077;5.368972085
3839;-0.426118642;12559;87;5.690621912;1.737849821;3.060258754;5.244998224
3840;-0.33163178;12559;88;5.506653462;1.370729819;3.025867114;5.163935393
3841;-0.29256016;12559;89;5.435309789;1.444086489;2.9927694;5.140413339
3842;-0.288239568;12559;90;5.418068611;1.440838983;2.960924584;5.129706382
3843;-0.271651626;12559;91;5.476765554;1.674490957;2.930291347;5.207131194
3844;-0.319486558;12561;81;7.995171828;3.436142154;7.038278964;7.680780227
3845;-0.216868713;12561;82;7.514834685;2.747614325;7.365357962;7.30299437
3846;0.055398315;12561;83;7.521230934;3.389201611;7.491122606;7.583638197
3847;0.105320655;12561;84;7.563172831;2.86241775;7.62468884;7.667786289
3848;0.428845525;12561;85;7.305877822;2.872792933;7.624205364;7.734141604
3849;-0.190901875;12561;86;7.350579439;2.585965223;7.61365334;7.159018681
3850;-0.257182717;12561;87;6.551914076;2.137637518;7.587395636;6.295375679
3851;-0.310304135;12561;88;6.540146228;2.320132526;7.561849808;6.23575959
3852;-1.957223892;12562;90;3.034883256;1.673976463;3.641967065;1.079411673
3853;-0.872396529;12562;91;3.477323362;1.386294361;3.586373552;2.604803758
3854;-0.284240395;12564;81;8.853665428;3.465735903;6.050096146;8.571589265
3855;-0.153021991;12564;82;8.659397631;4.041734666;6.756145152;8.507542279
3856;-0.109205872;12564;83;8.05542656;4.382026635;6.686771868;7.949975634
3857;-0.191032812;12564;84;7.747714896;4.382026635;6.768409022;7.562066902
3858;-0.09330292;12564;85;8.694508831;3.401197382;6.70489519;8.605237604
3859;-0.336404026;12564;86;8.702139718;4.795785627;6.970656719;8.369213277
3860;-0.3127307;12564;87;9.550340558;5.020585625;6.925074764;9.239115057
3861;-0.245444462;12564;88;9.308165763;4.851420442;7.040499191;9.063718425
3862;-0.22681573;12564;89;9.500022567;5.062258221;7.078829947;9.274397698
3863;-0.342006832;12564;90;9.367274424;4.859965454;7.024823975;9.028023932
3864;-0.485386223;12564;91;8.728424827;4.863864677;6.973319656;8.249998063
3865;-0.452500701;12567;86;6.90445161;2.61838089;4.593367254;6.426723386
3866;-1.021708608;12567;87;7.424460289;3.045677714;4.558268592;6.397121084
3867;-0.097729936;12604;81;9.329606769;3.540533978;7.119303643;9.234353066
3868;-0.116763972;12604;82;9.519898403;3.65596115;7.189545762;9.402749469
3869;-0.101094343;12604;83;9.693918442;3.598534516;7.147504141;9.590579949
3870;-0.112789772;12604;84;9.78184205;3.572297589;7.070539377;9.666148505
3871;-0.132162109;12604;85;9.730266337;3.839945722;7.074041359;9.597257308
3872;-0.125814825;12604;86;9.723337893;3.844729798;6.976676501;9.589419661
3873;-0.131152898;12604;87;9.553824935;3.85744255;7.038845431;9.416921505
3874;-0.12855655;12604;88;9.568296136;4.03348734;7.116907065;9.4337624
3875;-0.123426467;12604;89;9.716877673;4.092152079;7.201373585;9.58521619
3876;-0.156661808;12604;90;9.535983326;3.880312581;7.284542825;9.359814004
3877;-0.34711796;12604;91;9.145371237;3.848721431;7.274352235;8.789420911
3878;-0.342466086;12605;81;8.517872941;3.3018856;7.001840677;8.177233102
3879;-0.30958724;12605;82;8.364008207;3.501474887;7.221369014;8.054524238
3880;-0.338190526;12605;83;8.382548009;3.708857355;7.113000744;8.045824412
3881;-0.400324017;12605;84;8.054166107;3.682246635;7.176402723;7.659378405
3882;-0.356945693;12605;85;7.98816995;3.644664816;7.008295455;7.621538348
3883;-0.351686925;12605;86;7.743890235;3.29482447;7.690954923;7.378627062
3884;-0.406098366;12605;87;7.733398236;3.67659103;7.633855449;7.311384393
3885;-0.326941043;12605;88;7.720436349;3.564925119;7.548804334;7.382393462
3886;-0.322790146;12605;89;7.420019492;3.071839076;7.476592578;7.085419809
3887;-0.273696154;12605;90;7.331785988;2.88553736;7.420723113;7.045980715
3888;-0.291672558;12605;91;7.199139961;2.900188435;7.335985171;6.886407445
3889;-0.974803627;12607;81;7.114688164;3.475729304;6.543002755;6.323671698
3890;-0.206927076;12607;82;8.417052751;3.541442292;6.489941998;8.227749151
3891;-0.21841082;12607;83;8.442207581;3.588930254;6.438397242;8.237382661
3892;-0.180245131;12607;84;8.300175492;3.09858137;6.388400752;8.135839186
3893;-0.172083497;12607;85;8.345247385;2.522610461;6.618270394;8.190643255
3894;-0.266302615;12607;86;8.874078836;2.600273974;6.569782356;8.615645801
3895;-0.378561139;12608;81;5.547908135;2.327277706;4.266545763;5.45024265
3896;-1.003115773;12608;82;5.758418189;3.044522438;4.185587877;4.99614173
3897;-0.937594116;12608;83;5.771812209;2.890371758;4.104648829;5.152308728
3898;-1.232575417;12608;84;6.157801716;3.044522438;3.969084517;5.203380126
3899;-0.481661618;12608;85;5.401661056;1.52242657;4.192390296;5.129240926
3900;-0.092594661;12608;86;4.884765372;1.791759469;4.176986217;4.869497619
3901;-0.925578535;12608;87;5.49132917;1.791759469;4.125397929;4.618060231
3902;-0.618456721;12609;81;8.541768705;4.219175322;5.525386187;7.944774184
3903;-0.55706656;12609;82;8.372508763;4.232164875;5.423778101;7.821881267
3904;-0.566997051;12609;83;8.360956646;4.224697462;5.322615704;7.772647345
3905;-0.486965954;12609;84;8.189329314;4.12687446;5.221897259;7.692247268
3906;-0.459725857;12609;85;8.043098863;4.119037175;5.121620829;7.585545209
3907;-0.392068893;12609;86;7.867336519;4.099425904;5.021783855;7.470813099
3908;-0.460063457;12609;87;7.788463967;3.991627103;4.922383802;7.32999532
3909;-0.472627759;12609;88;7.72076298;3.934199519;4.823417309;7.255074411
3910;-0.442920476;12609;89;7.724003254;3.935854428;4.74965054;7.29556131
3911;-0.238870382;12609;90;7.743698073;3.845962167;4.651628998;7.475888955
3912;-0.529963791;12609;91;7.957482538;3.746286211;5.288434478;7.402639075
3913;-0.234085426;12611;81;9.471865793;4.259215079;8.222039723;9.239841622
3914;-0.210490584;12611;82;9.611359151;4.208072757;8.436807367;9.41134607
3915;-0.200345263;12611;83;9.824676199;4.349553718;8.370425251;9.635271552
3916;-0.189376295;12611;84;9.838227;4.208920262;8.303843685;9.662311913
3917;-0.204770789;12611;85;10.04177269;4.216591947;8.253306988;9.851318875
3918;-0.166981876;12611;86;9.981638297;4.400482628;8.195332387;9.823832221
3919;-0.187712088;12611;87;9.97771537;4.411820421;8.223377372;9.799694168
3920;-0.15333344;12611;88;10.02999156;4.52208467;8.189159595;9.875463261
3921;-0.349383444;12611;89;9.935021326;4.627850038;8.329297888;9.584634706
3922;-0.185411751;12611;90;9.853616766;4.589185023;8.326992472;9.668351664
3923;-0.177434042;12611;91;9.819141123;4.531039419;8.24648077;9.646901202
3924;-0.54522711;12612;81;3.030133737;2.687982608;5.380630069;2.533977231
3925;-0.912602961;12612;82;3.495526935;2.524571893;5.38992349;2.641858635
3926;-0.988734424;12612;83;3.532611523;2.602527972;5.39531887;2.572875322
3927;-1.184443712;12612;84;3.638616801;1.945910149;5.398947151;2.508166733
3928;-1.067196012;12612;85;3.194829556;2.539510796;5.400227823;2.183152152
3929;-0.556775808;12665;81;9.577334913;4.842758469;9.127868887;9.030474469
3930;-0.268840462;12665;82;9.763969863;4.550891032;6.53121113;9.497529379
3931;-0.303071469;12665;83;9.99573926;5.497057843;7.240168823;9.697969194
3932;-0.36281535;12665;84;10.01274888;5.654488277;7.713544154;9.654958207
3933;-0.317787468;12675;85;8.542637617;4.557538473;7.597431232;8.228626678
3934;-0.31056115;12675;86;9.235471151;5.174864496;8.100692266;8.929751443
3935;-0.095760159;12681;85;10.79103394;4.834741279;8.337464403;10.69490555
3936;-0.122506335;12681;86;10.64206491;4.773885587;8.338694085;10.51670134
3937;-0.284453452;12686;85;5.839065922;2.397895273;6.032818993;5.551399725
3938;-0.525758505;12692;82;11.42080555;6.032876236;8.868133914;10.89648929
3939;-0.523381412;12692;85;11.64948807;5.786268952;10.58697672;11.12815539
3940;-0.473938584;12692;86;11.66739703;5.804385261;10.76302488;11.19661884
3941;-0.442108721;12692;87;11.6729425;5.892595705;10.74147648;11.23474994
3942;-0.539157093;12692;88;11.07080496;5.827943151;10.77616676;10.53994801
3943;-0.375394732;12698;81;10.08321411;4.450857063;8.972825987;9.720101562
3944;-0.488351494;12698;82;10.15814665;4.233053647;9.063252097;9.681470442
3945;-0.176624522;12698;85;10.12877607;4.382559215;9.375795222;9.959835118
3946;-0.290730536;12698;86;10.17478036;4.196433321;9.410644772;9.888673481
3947;-0.275706053;12698;87;9.9311657;4.265565531;9.400480083;9.657611615
3948;-0.21464844;12698;88;9.467840814;3.983682139;9.119087448;9.25505005
3949;-0.279130965;12704;81;8.380869287;4.079743266;4.831313628;8.102340998
3950;-0.300878525;12704;82;8.234293092;4.218515616;5.103119255;7.933656681
3951;-0.319277465;12704;83;8.442904268;4.026917623;5.064283951;8.124498778
3952;-0.279264778;12704;85;8.138319283;4.120200322;6.386830613;7.860525779
3953;-0.227847487;12711;81;8.451608811;2.470242693;4.059271476;8.226022554
3954;-0.16340144;12711;82;8.578765342;2.788739086;4.29560293;8.414668711
3955;-0.821982265;12711;83;9.026004992;3.85926315;5.880392152;8.202791354
3956;-0.807823598;12711;84;8.861099778;3.191961064;6.497929113;8.051386835
3957;-0.350403219;12711;85;8.754583293;3.612553183;6.498916107;8.40217267
3958;-0.627128243;12711;86;8.884599208;3.338105432;6.329607968;8.258326509
3959;-0.428226441;12711;87;8.1835346;2.890710785;6.242323125;7.752201386
3960;-0.147377148;12711;88;8.129718767;3.24047864;6.045170038;7.981322659
3961;-0.238776386;12711;89;8.113241927;2.919241402;6.194616127;7.871525327
3962;-1.0094347;12711;90;8.440416969;3.154571814;6.591712412;7.424072777
3963;-0.674643517;12711;91;9.208324963;3.328865988;7.254062331;8.531270302
3964;-0.401875764;12719;81;7.819636302;3.59299265;5.928341365;7.418138471
3965;-0.356280118;12719;82;7.656716471;3.535174915;5.912740683;7.303986561
3966;-0.505325317;12719;83;7.469826337;3.4906763;5.875700489;6.969974217
3967;-0.731579959;12719;84;7.160041986;3.499058188;5.799488195;6.441943924
3968;-0.437524438;12719;86;7.585111319;3.53420701;5.667215188;7.153664378
3969;-0.367281646;12719;88;7.649359374;3.445614529;5.70034579;7.278417129
3970;-0.490670711;12719;89;7.184420806;3.392791369;5.625961029;6.697328529
3971;-0.599636734;12719;90;7.055581383;3.330657749;5.551243925;6.463970155
3972;-0.443883479;12719;91;7.038433224;3.261317917;5.477352253;6.604398177
3973;-0.714477837;12720;85;7.261945082;2.274430412;4.474816809;6.549226113
3974;-0.728990078;12720;86;8.138090604;2.277892504;5.451583888;7.41006688
3975;-1.036659598;12720;87;8.386873043;2.509332213;6.642201957;7.35213353
3976;-1.326714635;12720;88;8.220388252;2.470754911;6.595743825;6.897015378
3977;-0.942867994;12720;89;7.921085961;2.325385129;6.539822042;6.978807763
3978;-1.175917625;12720;90;7.749384235;2.882053429;7.042431173;6.576290103
3979;-1.166941762;12720;91;7.765457462;2.793495394;7.16953832;6.593789805
3980;-0.390029967;12734;86;7.15483258;2.722234845;6.237175145;6.76486191
3981;-0.40158394;12734;87;7.150691692;2.81532493;6.294264839;6.749280536
3982;-0.43343851;12734;88;6.982721081;2.799825546;6.244070899;6.549287609
3983;-0.532049537;12734;89;7.145497703;2.785660754;6.31518934;6.61350366
3984;-0.411122352;12734;91;7.44510242;3.47946615;6.257704653;7.03306967
3985;-0.195965111;12742;84;8.28970072;3.587309805;7.105104847;8.101366383
3986;-0.231088281;12747;81;7.154224656;2.696431811;6.038637571;6.92920199
3987;-0.457693666;12747;82;7.703998854;3.532429319;5.760303348;7.243397616
3988;-0.097806774;12747;83;7.226057187;3.335845542;6.089584289;7.121699419
3989;-0.351655424;12747;84;7.769398619;3.205650093;5.978535408;7.404293606
3990;-0.193600953;12747;87;7.52248031;3.677835995;5.987013279;7.31459168
3991;-0.573274195;12761;81;6.202333055;2.586689334;3.408797125;5.624235953
3992;-0.570253968;12761;82;6.111087252;2.548657051;3.361679719;5.536627547
3993;-0.60873431;12761;83;6.059599171;2.527488112;3.315517765;5.451459913
3994;-0.298050344;12761;84;6.319361521;2.405624678;5.116273847;6.006780239
3995;-0.475944519;12761;85;6.281834274;2.384715809;5.138137027;5.784559682
3996;-0.387107611;12761;86;6.082492556;2.375960184;5.095433989;5.680841481
3997;-0.456645668;12761;87;5.968698662;2.325687388;5.666148718;5.498012543
3998;-0.515832782;12761;88;5.857038415;2.344453567;5.623340823;5.332167482
3999;-0.562523603;12761;89;5.993297583;2.358491805;5.581663231;5.426180517
4000;-0.766682863;12761;90;6.050816387;2.412006376;5.541076233;5.293449428
4001;-0.660496056;12761;91;6.028669804;2.211713813;5.501539991;5.349124451
4002;-0.050744656;12765;85;8.032489544;2.5970739;6.325480374;7.98200133
4003;-0.178831935;12765;86;7.827075499;3.016919369;6.545242492;7.649178866
4004;-0.084918499;12765;87;8.177351976;2.807994771;6.478883284;8.091196729
4005;-0.115961656;12765;88;7.994652073;2.744405264;6.413090477;7.878827214
4006;-0.114955023;12765;89;8.144478607;2.749841086;6.676286535;8.028908318
4007;-0.13084361;12765;90;8.283432565;2.94027098;6.617893587;8.151772174
4008;-0.181504086;12765;91;8.018744433;2.754601722;6.605611059;7.820799536
4009;-0.099075228;12771;81;8.147288259;1.924394394;5.817960931;8.051024387
4010;-0.030182147;12771;82;8.030269249;2.156887951;6.300405288;7.966626921
4011;-0.288255066;12786;81;7.321849714;3.251151368;-1.519143292;7.040131296
4012;-0.462547064;12792;81;5.952723687;2.653428102;5.108752661;5.494380364
4013;-0.288414061;12792;82;5.556636454;2.231131236;5.075464834;5.272062543
4014;-0.193519861;12792;83;5.807048207;2.362430315;5.04804346;5.615197817
4015;-0.213885367;12792;84;5.386121321;2.351009252;5.248281489;5.175893318
4016;-0.310460716;12800;81;8.275172572;2.586209356;5.642794284;7.965294959
4017;-0.354650468;12800;82;8.18084581;2.302585093;5.627418118;7.826846578
4018;-0.262587041;12800;83;8.014300779;2.450868977;5.6014498;7.753225612
4019;-0.202602223;12800;84;7.78275882;2.363692494;5.609892246;7.579785239
4020;-0.290720254;12804;81;6.616332903;2.575172252;4.154296494;6.389544255
4021;-0.348576665;12804;82;6.553794457;2.818483431;4.853886536;6.212156243
4022;-0.358974606;12804;83;6.513769502;2.571043072;4.812025056;6.202303025
4023;-0.349452764;12804;84;6.472254407;2.573169021;4.771459677;6.141460752
4024;-0.354584336;12804;85;6.449099905;2.405430661;4.732160917;6.084457007
4025;-0.35601756;12804;86;6.45396347;2.491195153;4.70932013;6.103962237
4026;-0.291821718;12804;87;6.332370084;2.503146786;4.73766349;6.060251068
4027;-0.717158914;12808;81;9.002848713;4.804089582;7.419565574;8.304176051
4028;-0.583951533;12808;82;8.843818346;4.960264811;7.353321419;8.261822501
4029;-0.637211382;12808;83;8.824401687;5.165147934;7.456595233;8.176133623
4030;-0.554942906;12808;84;8.352194858;4.511243418;7.552099508;7.786647511
4031;-0.373179108;12808;86;8.161723088;4.06255898;7.42979827;7.770987796
4032;-0.238801286;12808;87;8.339751311;3.899483393;8.084531559;8.089868382
4033;-0.141051456;12808;88;8.354586942;4.580254112;8.042608224;8.213445648
4034;-0.242423072;12812;81;8.392717768;2.748241687;5.324611836;8.150949383
4035;-0.351550102;12812;82;8.613284671;2.87572057;5.547205997;8.262345107
4036;-0.416767806;12812;83;8.35222607;2.898360482;5.516823105;7.937002312
4037;-0.437277883;12812;84;7.750129171;2.571688006;5.690852357;7.316803884
4038;-0.897264957;12822;81;10.5339052;6.775643428;9.718657461;9.650011449
4039;-0.708441198;12822;82;10.53234014;6.670512246;9.833522564;9.83140838
4040;-0.720708907;12822;83;10.65520817;6.78575315;9.504238461;9.933227429
4041;-0.404692888;12822;84;8.729334723;5.009390623;9.475216503;8.327972696
4042;-0.019733442;12837;81;10.98827133;4.753443578;7.038896611;10.96886563
4043;-0.251672804;12837;82;10.72577611;5.368193494;7.606115775;10.47456133
4044;0.025777444;12837;83;10.41461883;3.592686631;10.30222454;10.44005105
4045;3.35423255;12837;84;4.604178636;4.308506452;10.28494916;7.95891045
4046;-0.24293682;12845;81;8.359533073;3.768809534;5.6919132;8.115693502
4047;-0.333490789;12845;82;8.270044884;3.850843907;7.18194055;7.936495142
4048;-0.161808029;12845;83;8.399630932;3.617208932;7.178468849;8.234511422
4049;-0.013677185;12845;84;7.279766102;3.704847213;6.087807214;7.267309034
4050;-0.387111723;12848;81;8.769973212;2.670746869;6.539740737;8.384407614
4051;-0.31443575;12848;82;8.426326095;2.461919837;6.531314299;8.114496659
4052;-0.143282965;12848;83;7.717632532;3.211620642;6.491286307;7.566249978
4053;-0.704972565;12848;84;4.974983976;1.20397278;6.452252833;4.199473156
4054;-0.549006104;12850;81;6.610696045;2.708914873;4.901577246;6.064456086
4055;-0.388991654;12850;82;6.72566907;3.13535837;5.004144036;6.338471138
4056;-0.458937883;12850;83;6.403659482;2.708050201;4.927331414;5.948393964
4057;-0.987569332;12850;84;6.888129561;2.389772177;4.840544965;5.900817641
4058;-0.176079109;12868;81;6.844815479;2.4567358;5.170203575;6.68388713
4059;-0.215370834;12868;82;6.686226177;2.519793939;5.080466505;6.473811385
4060;-0.274033189;12868;83;6.554571548;2.476861523;4.990868457;6.290162307
4061;-0.306509376;12868;84;6.466980168;2.525063979;4.901408763;6.168614073
4062;-0.280687392;12880;81;8.664509156;2.572022627;5.145690095;8.384234626
4063;-0.164677873;12880;82;7.563669116;2.290512523;6.437567355;7.399578373
4064;-0.250564814;12880;83;6.540766271;2.225377649;6.371262164;6.290982465
4065;-0.108023845;12880;84;8.100885901;2.203729579;6.305478059;7.992850928
4066;-0.175921395;12881;81;7.873178936;4.142022457;8.34700835;7.720456062
4067;-0.194326892;12881;82;7.567958175;2.97597032;8.282158109;7.357929427
4068;-0.356001496;12881;83;8.339130366;2.926739368;8.220004091;8.002974529
4069;-0.4430857;12881;84;7.825469021;2.689546755;8.32645148;7.433322491
4070;-0.815302193;12882;81;5.409411414;2.329396338;5.239203639;4.621998015
4071;-0.584576964;12882;82;5.57095791;2.308765979;5.205932637;4.958620347
4072;-0.507852972;12882;83;5.387616767;2.302585093;4.361333073;4.858599246
4073;-0.553457499;12882;84;5.577285781;2.397895273;4.325272878;4.948449364
4074;-0.667057157;12886;81;6.979517668;3.331465685;5.891361083;6.320334587
4075;-0.522246242;12886;82;6.481731154;2.278045669;6.572362013;5.969505382
4076;-0.594129622;12886;83;6.658905645;2.252973468;6.631586427;6.078333689
4077;-0.371984452;12886;84;6.575661589;2.304760916;6.588362646;6.218135683
4078;-0.115431957;12896;81;8.584421877;2.924065645;6.820712962;8.456986109
4079;-0.118847899;12896;82;8.645424234;2.818051118;7.512599411;8.523066437
4080;-0.119104557;12896;83;8.468387446;2.801068244;7.739308715;8.343192235
4081;-0.104128674;12896;84;8.559366366;2.654897086;7.747515982;8.442031569
4082;-3.154633522;12901;82;3.534178957;0.916290732;4.994631758;0.400593576
4083;-3.138709784;12901;83;3.736676487;2.302585093;5.102260492;0.635857396
4084;-3.110507727;12901;84;3.819012502;1.76358862;5.082014246;0.825057922
4085;-0.238435656;12903;81;7.5362039;2.980300571;6.226767093;7.304392637
4086;-0.297564715;12903;82;7.481724729;3.197118628;6.425273634;7.184963934
4087;-0.376998544;12903;83;7.643711229;2.963702183;6.462997939;7.26372227
4088;-0.502026916;12903;84;7.591524148;3.262122027;6.395214114;7.090377287
4089;-0.291455626;12916;81;6.339300585;2.197224577;4.022933384;6.05356513
4090;-0.385456949;12916;82;6.281115772;2.197224577;4.008509223;5.904187105
4091;-0.34260115;12916;83;6.07876006;2.079441542;3.962384099;5.744686692
4092;-0.353507906;12916;84;6.029006559;2.079441542;3.917260578;5.685542072
4093;-0.056308765;12955;81;9.457434797;2.697780747;7.152385662;9.411451897
4094;-0.102489211;12955;82;9.570991833;2.853596046;8.054829444;9.471241578
4095;-0.054593127;12955;83;9.566339463;2.95047565;8.031059466;9.511636962
4096;-0.061368134;12955;84;9.399269607;2.965190948;7.562339582;9.337394792
4097;-0.367022365;12961;81;6.522092798;2.538234425;3.988987791;6.1733269
4098;-0.39104864;12961;82;6.259302274;2.223710494;3.907859075;5.871357398
4099;-0.397776484;12961;83;6.252273789;2.276514528;3.826752998;5.825795015
4100;-0.259949535;12961;84;6.288030533;2.245913294;3.74566965;5.991712472
4101;-0.333792418;12961;85;6.454220947;2.164895658;3.664608086;6.04742607
4102;-0.435515016;12961;86;6.325461363;2.659471025;3.583567998;5.886839065
4103;-0.359510541;12961;87;6.340502893;2.508771022;3.50254898;5.952929549
4104;-0.253838032;12961;88;6.285465685;2.331398381;3.421550259;6.01887845
4105;-0.228603303;12961;89;6.313421103;2.067188658;3.34057189;6.078575953
4106;-0.187103182;12961;90;6.341953128;1.856131322;3.259612904;6.125663346
4107;-0.180180758;12961;91;6.234997747;1.804202601;4.630601646;6.031886242
4108;-0.135856912;12981;81;11.28717099;5.211061819;8.627715907;11.15905863
4109;-0.133289739;12981;82;11.3660042;5.15631083;8.617574122;11.24202901
4110;-0.134860545;12981;83;11.38593877;4.98556045;8.546611662;11.26177279
4111;-0.148991361;12981;84;11.68370818;5.212370902;9.126098275;11.54499825
4112;-0.399570614;12983;81;6.798498293;2.397895273;4.573954832;6.402021143
4113;-0.551720798;12983;82;6.8779949;2.397895273;4.979841386;6.33277832
4114;-0.458975703;12983;83;6.776525574;2.397895273;4.922094317;6.327788763
4115;-0.281655312;12983;84;6.636943127;2.397895273;4.865587883;6.36699907
4116;-0.113628276;12984;81;7.489635661;1.9853442;4.410767554;7.379707616
4117;-0.093278907;12984;82;7.583157691;1.962577217;4.852666877;7.511369929
4118;-0.085695565;12984;83;8.106368213;2.312215977;5.376899611;8.033707445
4119;-0.216926172;12984;84;7.764936269;2.213363641;5.351690779;7.572846343
4120;-0.159657836;13000;81;9.804782574;4.592699948;7.748456338;9.648791856
4121;-0.227354065;13000;82;10.25565613;5.225105517;9.115523039;10.02409689
4122;-0.106406093;13000;83;10.26118836;5.223298088;9.212849136;10.15249384
4123;-0.057068009;13000;84;9.569674687;3.609195796;9.120600275;9.51191596
4124;-0.502040803;13001;81;5.135798437;1.673976463;2.598619396;4.636749402
4125;-0.474261791;13001;82;5.4012306;1.7864824;3.433438353;4.928070471
4126;-0.537888587;13001;83;5.59492895;1.815055036;3.586753651;5.058380145
4127;-0.729542196;13001;84;5.405785888;2.203895692;3.519782821;4.679470046
4128;-0.062647521;13002;81;9.15262653;2.927341636;6.286767387;9.089790096
4129;-0.107602201;13002;82;8.991503269;2.948848669;6.324239729;8.884697131
4130;-0.08790791;13002;83;8.871483077;3.04081541;6.638281826;8.78877826
4131;-0.13873823;13002;84;8.789528389;2.934998861;6.681653866;8.659989757
4132;-0.113285169;13002;85;8.758452823;2.936135744;6.742614363;8.65212419
4133;-0.121451773;13002;86;8.972762085;3.023675395;6.77251351;8.853468003
4134;-0.143986017;13002;87;9.091499758;2.847661424;6.770464037;8.951440923
4135;-0.199584872;13002;88;8.896824466;2.899993879;7.159647991;8.701109911
4136;-0.113962017;13002;89;9.068734392;2.880422119;7.414226097;8.953587837
4137;-0.084884822;13002;90;9.023474953;2.240206002;7.470860646;8.942472543
4138;-0.093286633;13002;91;9.16378798;2.629271087;7.429923775;9.069973843
4139;-0.118822992;13006;81;9.760159783;2.847256038;7.710741482;9.645804808
4140;0.004169937;13006;82;9.260355047;3.340456842;7.19786945;9.268177012
4141;-0.321515769;13006;83;8.233986182;3.836980125;7.157293119;7.940919345
4142;-0.10087207;13006;84;9.249303578;3.390335702;7.119447873;9.158782446
4143;-0.533892751;13008;81;8.521722956;3.999912909;7.315970671;7.990236366
4144;-0.564464986;13008;82;8.410587652;4.319060871;7.358423863;7.825643855
4145;-0.517640412;13008;83;8.513463785;3.971185737;7.550255222;8.010362588
4146;-0.26978901;13008;84;7.956431972;3.144887768;7.502601251;7.694278619
4147;-0.097634248;13016;81;9.623806718;4.481156087;5.665661872;9.529018936
4148;-0.087719709;13016;82;9.641966907;4.356731812;5.686377033;9.55374763
4149;-0.122494146;13016;83;9.538707656;4.577497328;6.617419705;9.414098006
4150;-0.14136146;13016;84;9.402363898;4.515958431;6.559919675;9.257123874
4151;-0.499545008;13020;81;7.081708586;2.884595018;5.789733923;6.595022123
4152;-0.65680486;13020;82;7.045299879;3.145253528;5.783363462;6.405216352
4153;-0.436245143;13020;83;7.023915797;3.037999238;5.818649026;6.588675757
4154;-0.438128948;13020;84;6.865082844;2.850280355;5.81121299;6.429675079
4155;-0.260136306;13032;81;10.35247818;4.179262055;8.052656622;10.10748364
4156;-0.171236843;13032;82;10.53341981;3.95986755;8.013913892;10.37365535
4157;-0.148364782;13032;83;10.45068153;4.153408579;8.552662982;10.3127714
4158;-0.648638904;13036;81;6.288416003;2.120263498;4.277119753;5.645951874
4159;-0.372561306;13036;82;6.661396794;2.397895273;4.237002252;6.29071711
4160;-0.479300201;13036;83;6.162345353;2.063283778;4.508595291;5.687972008
4161;-0.169536278;13044;81;9.137715914;3.798638252;6.979245063;8.973024107
4162;0.259616911;13044;82;6.307507927;2.713189484;6.898954335;6.541740942
4163;-0.155277342;13044;83;8.830288844;3.421276299;6.818918595;8.67375238
4164;-0.120318376;13051;81;8.024763962;2.542597059;3.841188256;7.909753682
4165;-0.066952258;13051;82;7.878784317;2.521316382;3.772168564;7.813140176
4166;-0.077933177;13051;83;7.89911471;2.598714226;3.704848339;7.820389137
4167;-0.246952087;13059;81;8.397102539;4.035023256;5.195459802;8.151797154
4168;-0.307673275;13059;82;8.129418532;4.11053924;5.145439883;7.826537339
4169;-0.277254462;13059;83;7.483022083;3.58757906;4.409154151;7.204445575
4170;-0.687409341;13069;81;6.683861477;2.570961405;5.233088503;6.002555992
4171;-0.590919197;13069;82;6.499232247;2.568626193;5.174221647;5.914082507
4172;-0.486844152;13069;83;6.015547664;2.197224577;5.116465121;5.542202926
4173;-0.12409132;13087;81;10.29525597;4.253061348;6.949033341;10.1717442
4174;-0.148428395;13087;82;10.83903917;4.507379148;7.224559035;10.69066124
4175;-0.157487556;13087;83;10.92592668;4.777328334;7.42757176;10.76864386
4176;-0.125481218;13087;84;11.05858121;4.769048204;8.342522138;10.93566508
4177;-0.078126565;13087;85;10.8989741;4.55612279;8.349739311;10.82389768
4178;-0.136853233;13087;86;10.59242098;4.75139321;8.284639783;10.45327563
4179;-0.161765158;13087;87;10.52989483;4.846289147;8.251359243;10.36779009
4180;-0.18165876;13087;88;10.58264921;4.878261969;8.272423053;10.40099152
4181;-0.128878623;13087;89;10.86324972;4.76501026;8.244604773;10.73435289
4182;-0.240466759;13087;90;10.74267862;4.608057402;8.378451261;10.50376575
4183;-0.111931242;13093;81;9.155366588;3.359017838;6.611006265;9.041851914
4184;-0.216581255;13093;82;9.132381575;3.431410197;6.658505238;8.9078548
4185;-0.216581255;13093;83;8.945337835;3.431410197;6.682881411;8.722671788
4186;-0.159260333;13113;81;10.11585726;3.956464054;5.383269479;9.962524978
4187;-0.459372431;13113;82;10.29021552;3.825801389;5.30753531;9.830062475
4188;-0.06711109;13113;83;8.960894579;4.050350921;5.232122037;8.892968569
4189;-2.145299673;13128;81;5.204006687;2.343018676;3.934525483;3.067212106
4190;-1.654558301;13128;82;5.292200368;2.594677325;4.389012825;3.638055759
4191;-0.544798434;13130;81;6.182084907;2.067546769;3.6585324;5.641382074
4192;-0.501311898;13130;82;6.031254588;2.061845771;3.905982613;5.573909051
4193;-0.397575974;13130;83;5.979910244;2.092336713;3.817396369;5.586101935
4194;-0.855887473;13136;81;6.370927811;3.221192019;4.851780191;5.514409934
4195;-1.046732783;13136;82;6.520028488;3.220243298;4.818972083;5.47543807
4196;-0.639532685;13136;83;6.488997038;2.718230747;4.733897482;5.851639763
4197;-0.501945019;13145;81;5.872117789;2.294255535;3.654960473;5.360959927
4198;-0.721597672;13145;82;5.517302749;2.283470656;3.640704426;4.780502116
4199;-1.285682678;13147;81;5.809642865;2.833213344;5.484376437;4.558565749
4200;-1.285538077;13147;82;6.130352907;2.833213344;5.445071396;4.824723683
4201;-1.026309371;13147;83;5.576232044;2.397895273;5.517252735;4.55342288
4202;-0.211164698;13158;81;7.598750121;2.592919865;5.539441183;7.388526912
4203;-0.25702548;13158;82;7.402314555;2.361035669;5.685509024;7.146477437
4204;-0.25418973;13158;83;7.447582957;2.348555129;5.647864782;7.193373761
4205;-0.222703531;13161;81;7.258412151;2.891813733;4.29923269;7.039639915
4206;-0.288893253;13161;82;6.868497104;2.781952267;4.23574802;6.594057873
4207;-0.224701181;13161;83;6.869865091;2.38505019;4.153974115;6.659321072
4208;-0.123203278;13163;81;8.047637431;2.999016859;5.620167202;7.929260373
4209;0.038344678;13163;82;7.011474055;3.027134707;5.830379185;7.031833562
4210;-0.050488152;13163;83;6.879956619;2.615698579;5.779854909;6.828725613
4211;-0.032325499;13167;81;10.29835675;4.36811346;7.271514518;10.26493424
4212;-0.104634024;13167;82;11.02463037;4.367410178;7.809337391;10.91944614
4213;-0.431652814;13167;83;8.579345873;2.159920827;7.777753555;8.143078552
4214;-0.333385617;13168;82;8.616363189;4.084751783;7.67826467;8.284263755
4215;-0.115031183;13172;81;8.886091156;3.439094448;7.01702989;8.778194749
4216;-0.104358032;13172;82;8.904806011;3.39772201;6.944229162;8.809492299
4217;-0.005225399;13172;83;8.228841624;3.335133378;6.871914044;8.224216005
4218;-0.366743743;13185;81;6.600958326;2.641242669;4.009146158;6.237598258
4219;-0.195788428;13185;82;6.478118978;2.578414626;3.924947847;6.285245158
4220;-0.3177737;13185;83;6.365824861;2.379449808;3.840919197;6.043268354
4221;-0.240081191;13195;82;8.018786873;2.94332919;5.338185195;7.778986535
4222;-0.26595372;13195;83;7.159049918;2.502359089;5.289329264;6.897811965
4223;-0.727481604;13199;81;6.71015765;3.266627344;6.624404146;5.982326856
4224;-0.818999052;13199;82;6.95252708;3.266158593;6.567664381;6.134605307
4225;-0.769581318;13199;83;6.498979766;2.75151695;6.505233771;5.731552968
4226;-0.651226401;13205;81;6.39742951;2.862990212;2.871440314;5.808894607
4227;-0.290968895;13205;82;6.64262621;2.281831263;3.839536807;6.476686865
4228;-0.2827667;13205;83;7.737039676;3.301697612;6.196350022;7.496132454
4229;-0.731882393;13209;81;6.452522009;2.302585093;5.203485657;5.761804525
4230;-0.482417583;13209;82;5.941294873;1.609437912;5.301593853;5.52583464
4231;-0.574177086;13209;83;6.030232236;1.945910149;5.256854456;5.537574354
4232;-0.269399494;13210;81;7.482062629;2.302585093;5.304083486;7.218543787
4233;-0.200947061;13210;82;7.174754032;2.397895273;5.309726793;6.987830701
4234;-0.25309062;13210;83;6.573189123;2.197224577;5.663147277;6.34266167
4235;-0.151557177;13216;81;8.92385758;3.983703871;5.702400294;8.776197702
4236;-0.134617671;13216;82;8.67872078;3.771041707;5.661162248;8.546780152
4237;-0.174449429;13216;83;8.924806316;3.837495634;5.621528716;8.752127736
4238;-0.382050216;13217;81;6.933130538;2.981449817;2.887435432;6.559478807
4239;-0.417775542;13217;82;6.876236708;3.047114794;2.801404188;6.472635109
4240;-0.323834747;13217;83;6.862070393;2.890371758;2.749632954;6.549792798
4241;-0.4890019;13229;81;5.037601782;1.609437912;1.804862563;4.550369901
4242;-0.587531328;13229;82;5.538920043;2.079441542;2.509934636;4.954966393
4243;-0.499381453;13229;83;7.03625177;2.19764167;5.655585396;6.537832746
4244;-0.555525839;13231;81;6.471727828;3.028371343;5.575374884;5.915707819
4245;-0.427126616;13231;82;6.768106862;2.995732274;5.590096336;6.338919043
4246;-0.450278729;13231;83;6.876210315;3.123485884;5.550552188;6.4251073
4247;-0.353654593;13237;81;6.029723274;2.371754824;3.079630244;5.689256708
4248;-0.298808992;13237;82;6.197813373;2.1725788;2.996299739;5.902698119
4249;-0.323496372;13237;83;6.181463138;2.194425444;2.913035707;5.855412367
4250;-0.078810856;13242;81;9.803584341;3.226899049;7.450927244;9.725983747
4251;-0.12878792;13242;82;9.319803564;2.795601551;8.195715906;9.191505809
4252;-0.085458703;13242;83;9.157765315;2.801945978;8.150730196;9.074211076
4253;-0.628626704;13246;81;9.177279826;5.252585426;9.434434565;8.553466167
4254;-0.245283261;13246;82;9.661979129;4.838196625;9.076534946;9.416791152
4255;-0.474771142;13256;81;7.593273457;3.73780721;6.523177469;7.120874536
4256;-0.502635837;13256;82;7.77611937;3.417267314;6.681556987;7.267085094
4257;-0.551341534;13256;83;7.899239631;3.513394255;7.553637456;7.34044045
4258;-0.353079528;13261;81;6.312279103;1.609437912;5.420113201;5.959314196
4259;-0.352804661;13261;82;6.326854896;1.609437912;5.320172586;5.981295602
4260;-0.440790504;13261;83;6.031203558;1.609437912;5.221892647;5.597519701
4261;-0.345952988;13303;81;6.494207576;2.433183407;5.519048526;6.148695
4262;-0.323633283;13303;82;6.713219737;2.25041132;5.545158848;6.389798167
4263;-0.400723279;13303;83;6.364666186;2.35874852;5.580527226;5.963263527
4264;-0.325138301;13329;81;5.244389025;1.47590652;3.110743017;4.929901336
4265;-0.291743994;13329;82;5.156799806;1.483860598;3.095031423;4.870776026
4266;-0.409539789;13345;81;5.728149811;1.945910149;3.43431829;5.325021668
4267;-0.448558122;13345;82;5.7819726;2.239784156;3.424835652;5.339901351
4268;-0.263958097;13347;81;6.04192002;1.098612289;4.350774462;5.782578725
4269;-0.443907529;13347;82;4.606379248;1.200329793;4.316848159;4.206734187
4270;-0.454802513;13351;81;6.387047614;1.609437912;4.837866415;5.932454903
4271;-0.383274734;13351;82;6.248999382;1.609437912;4.808801983;5.867707961
4272;-0.469962627;13357;81;6.18929029;1.61049555;4.659360289;5.722153441
4273;-0.472750247;13357;82;6.342839184;1.609437912;4.591885619;5.873430301
4274;-0.373996198;13359;81;5.863347027;1.8146763;3.067547582;5.483882381
4275;-0.616862535;13359;82;5.782973332;1.609437912;2.991880604;5.146821355
4276;-0.36156255;13372;81;5.680172609;1.945910149;4.133652411;5.318623258
4277;-0.503357947;13372;82;5.726652993;2.079441542;4.097895582;5.191146114
4278;-0.288609862;13374;81;5.779199114;1.968038739;4.117397807;5.498154807
4279;-0.415593714;13374;82;5.750183506;1.684447776;4.198277286;5.347200896
4280;-0.390710473;13392;81;10.65643549;4.596169612;7.595181536;10.26716632
4281;-0.095810927;13392;82;10.67005308;4.744546206;7.610814235;10.57443685
4282;-0.353805959;13392;83;10.80832213;4.590139345;7.723163734;10.45937172
4283;-0.17373614;13392;84;10.88625224;4.583435444;7.809318759;10.71504691
4284;-0.24978289;13392;85;10.84804514;4.467022266;7.759026437;10.60115789
4285;-0.202911019;13392;86;10.86884892;4.302005718;7.690911749;10.66844082
4286;-0.227736697;13392;87;10.82159725;4.301636205;7.736803996;10.59549209
4287;-0.125491962;13392;88;10.87377489;4.165077049;7.6414096;10.74959972
4288;-0.118133187;13392;89;11.00607598;4.239152483;7.789644806;10.88974247
4289;-0.085176326;13392;90;10.9602355;4.356530889;7.808445758;10.87725192
4290;-0.112083979;13392;91;10.9741422;4.335045379;8.026110036;10.86268301
4291;-0.367724746;13395;81;5.349960629;1.386294361;4.301975447;5.025107097
4292;-0.379874468;13395;82;5.878078853;1.386294361;4.686470765;5.52506343
4293;-0.263118386;13404;81;5.952463841;1.853700716;2.962706338;5.694424248
4294;-0.107839525;13404;82;5.867794216;1.824549261;3.056336969;5.762998802
4295;-0.125288785;13407;81;7.608870629;2.615782391;3.766725008;7.490727449
4296;-0.15234971;13407;82;7.513107439;2.523667959;4.830378011;7.365927489
4297;-0.068887755;13416;81;8.495192991;2.462433816;6.241838694;8.423113641
4298;-0.050892591;13416;82;8.871170153;2.206118506;6.336054014;8.81953277
4299;-0.253347218;13422;81;6.746647133;1.098612289;5.171046591;6.509624991
4300;-0.167966649;13422;82;6.509805379;1.098612289;5.105542006;6.342789144
4301;-0.3052288;13423;81;5.923453369;1.945910149;4.332584966;5.627768092
4302;-0.350715429;13423;82;5.961369518;2.079441542;4.293014947;5.622329904
4303;-0.46039474;13447;81;5.446737372;1.870781445;5.459673946;5.018306398
4304;-0.3851358;13447;82;5.571884908;1.896482823;5.674397517;5.203531036
4305;-0.227222845;13455;81;6.53349808;1.90431836;4.303986837;6.327162318
4306;-0.215497404;13455;82;6.607398824;1.904333698;4.223860884;6.409002682
4307;-0.103424013;13456;81;10.07911594;4.028053204;8.192406369;9.980712412
4308;-0.157224968;13459;81;7.678326357;0.717111456;4.520976712;7.522161476
4309;-0.115867957;13459;82;7.524697846;1.106681505;4.47513018;7.409848797
4310;-0.876495123;13460;81;6.820343809;1.945910149;3.90468828;5.94677764
4311;-0.775557816;13460;82;6.693093569;1.945910149;3.825491804;5.920766634
4312;-0.39538756;13466;81;5.310245907;3.095069503;5.801916533;5.033563576
4313;-0.52606982;13468;81;5.800606659;1.961658513;4.459988992;5.287940223
4314;-0.49444747;13468;82;5.864803334;1.960600896;4.397664338;5.380768132
4315;-0.411385924;13491;81;6.467232798;2.258052529;3.640893148;6.057708547
4316;-0.600773811;13491;82;5.973016928;2.30356661;3.586063704;5.370849429
4317;-0.72645539;13498;81;5.193512286;1.132513877;5.839875763;4.501927127
4318;-0.509054124;13498;82;5.028200756;1.07113806;5.796144476;4.541016926
4319;-2.763864994;13499;81;6.956545443;3.02736231;5.06087114;4.312678593
4320;-1.213863492;13499;82;5.606784429;1.469720038;5.025454551;4.432642734
4321;-0.180420801;13502;81;8.046261163;1.874130464;5.056164454;7.87113225
4322;-0.21042423;13502;82;8.137617816;1.874440518;5.002537922;7.933591216
4323;-0.273133636;13505;81;8.385511538;2.677167564;6.730799209;8.127559572
4324;-0.240346074;13505;82;8.420600764;2.123688223;6.664109171;8.188074379
4325;-0.475270033;13506;81;6.386879319;2.079441542;4.954831195;5.917372479
4326;-0.414967358;13506;82;5.978790113;1.914265374;4.882561915;5.569929346
4327;-0.454777509;13510;81;6.238910367;1.756289324;3.364905237;5.796540443
4328;-0.190537333;13510;82;6.26903883;1.55025682;3.278332701;6.087135324
4329;-0.201186389;13518;81;6.854565463;2.219174542;5.017275593;6.658171808
4330;-0.213850304;13518;82;6.352648004;2.127805822;5.199771129;6.137495146
4331;-0.323957264;13520;87;8.255121819;3.360289526;6.864069883;7.926424105
4332;-0.498593837;13520;88;8.669294283;3.560525783;6.96219341;8.166345336
4333;-0.655674338;13520;89;8.799408984;3.508901607;6.908727645;8.137713662
4334;-0.603067756;13520;90;9.114218515;3.661693341;6.860700138;8.507986486
4335;-0.240151674;13520;91;9.285961359;3.54020561;6.817533832;9.043778469
4336;-0.579249859;13521;81;7.203182246;2.396641272;3.776568815;6.62558177
4337;-0.530561447;13521;82;6.997765126;2.399275933;3.692405164;6.469538796
4338;-0.43532595;13524;81;7.048038803;2.944438979;4.743476177;6.615040463
4339;-0.572752893;13524;82;7.178725174;3.044522438;4.634285644;6.608361253
4340;-0.439963371;13524;83;7.182195338;3.091042453;4.525490267;6.74441721
4341;-0.560976863;13524;84;7.288206269;3.091042453;4.417093974;6.729815174
4342;-0.568131089;13531;81;5.635146704;1.927561028;4.524247937;5.090264098
4343;-0.600121379;13531;82;5.727974871;1.930145253;4.440362874;5.136428516
4344;-0.143276498;13538;81;6.177321539;0.98516763;2.45252328;6.0375928
4345;-0.142368168;13538;82;5.856241399;1.098612289;2.371287408;5.721866963
4346;-0.277219564;13541;81;6.164156542;1.098612289;3.648920996;5.893295854
4347;-0.201583058;13541;82;6.098581431;1.103252655;3.546861068;5.899781296
4348;-0.22187826;13544;81;7.683403681;2.374092272;6.68299207;7.479787938
4349;-0.199605331;13544;82;7.578269034;1.834620171;6.656347454;7.395447906
4350;-0.284905404;13552;81;8.292072712;3.546209908;7.396931688;8.00528324
4351;-0.391986668;13552;82;7.472673183;3.30433491;7.609304865;7.072605766
4352;-0.34785527;13556;81;5.112590053;0.938269649;3.441942225;4.779940915
4353;-0.309903473;13556;82;5.171195183;0.868536327;3.751950655;4.856231422
4354;-0.814011931;13571;81;3.481240089;0.5108256;1.229834078;2.675295558
4355;-0.539813161;13571;82;3.752571947;-0.182321581;1.145933655;3.213483351
4356;-0.158605009;13575;81;5.966146739;1.098612289;1.321844146;5.805583716
4357;-0.398237407;13575;82;5.054449;0.693147181;1.237586186;4.653793361
4358;-0.390562117;13584;81;5.837730447;0.693147181;6.449001318;5.453089344
4359;-0.475562006;13585;81;6.087229197;1.791759469;3.252505242;5.631500399
4360;-0.439842403;13585;82;6.021255463;2.074983204;3.891009541;5.580591547
4361;-0.07732477;13586;81;10.16296303;3.534794719;6.892686255;10.09706695
4362;-0.032325253;13586;82;9.935954743;3.2800138;7.93404501;9.9162474
4363;-0.495500535;13589;81;7.406650027;2.175071823;3.164961816;6.912341912
4364;-0.208318472;13589;82;7.40112536;2.114739311;3.078743277;7.193803846
4365;-0.185887694;13593;81;8.076919239;2.743137706;5.781236197;7.904421175
4366;-0.044146024;13593;82;6.885246523;1.875433403;5.701157981;6.871125421
4367;-0.415515393;13600;81;6.445719819;2.302585093;4.89430845;6.031857519
4368;-0.477503628;13600;82;6.421782336;2.302585093;4.829647016;5.944306496
4369;-0.39200598;13604;81;5.399970993;1.6384856;2.497961189;5.014051896
4370;-0.364302725;13604;82;5.433665898;1.636705013;2.383400741;5.074683125
4371;-0.595401764;13616;81;5.564520407;1.655592374;3.781393022;5.020524689
4372;-0.512693048;13616;82;5.382745772;1.722139854;3.889364357;4.876957755
4373;-0.599270701;13619;81;6.511150763;2.301876834;5.034607333;5.913805002
4374;-0.439231038;13619;82;6.28566388;1.989852271;4.988642905;5.850459882
4375;-0.782114685;13642;81;5.449320266;1.960178113;3.342837447;4.689928368
4376;-0.73498559;13642;82;5.479750595;1.970113736;3.24270762;4.75024325
4377;-0.300355941;13648;81;7.149210131;2.697728523;5.069464014;6.850003959
4378;-0.494093955;13648;82;6.952682313;2.601162075;5.404294673;6.453974712
4379;-0.171208411;13653;81;6.948513248;2.384411546;5.116951652;6.781358184
4380;-0.160590351;13653;82;6.80035438;1.098612289;5.009292535;6.641532383
4381;-0.567831218;13656;81;7.051855623;2.844112127;3.526168537;6.487296365
4382;-0.371069133;13656;82;6.75929131;2.663515211;3.84565436;6.392949884
4383;-0.756424367;13657;81;5.86901437;2.207515105;4.022579471;5.128484426
4384;-0.562633455;13663;81;6.320588466;2.63905733;3.040716219;5.794835838
4385;-0.285539389;13663;82;6.224055639;2.302585093;2.983997004;5.964829469
4386;-0.404636174;13670;81;6.497076622;1.945910149;2.350215462;6.109367815
4387;-0.45280382;13670;82;6.389177312;1.945910149;2.258156621;5.92841377
4388;-0.681958199;13671;81;4.957234496;1.791759469;2.584405714;4.318821656
4389;-0.65508765;13671;82;5.015352645;1.791759469;2.501554044;4.377087681
4390;-0.16161795;13685;81;5.70444896;1.659270308;3.217873507;5.546568126
4391;-0.275678754;13685;82;5.470565237;1.319337452;3.209242168;5.219538115
4392;-0.388935834;13689;81;7.221105098;1.791759469;5.716788853;6.837578169
4393;-0.399189144;13689;82;7.051297114;1.609437912;5.633297052;6.653168788
4394;-0.576382637;13696;81;5.685957931;1.437587691;2.677431786;5.121758289
4395;-0.859497845;13696;82;5.751732714;2.467729971;2.592332811;4.910502765
4396;-0.187034115;13705;81;6.868390581;2.510597192;3.925656001;6.689270658
4397;-0.164712727;13705;82;6.961262838;2.21911597;4.864741953;6.80462555
4398;-0.753630698;13709;81;6.563573382;2.268769105;5.602067694;5.867849125
4399;-0.657758534;13709;82;6.461764344;2.121238631;5.986769246;5.841300762
4400;-0.384715915;13711;81;5.587623143;1.969793732;2.452750557;5.199247465
4401;-0.864269555;13711;82;4.426487843;1.386294361;2.371737025;3.534028325
4402;-0.650073409;13712;81;11.70858187;6.504646097;9.986618575;11.06049305
4403;-0.633992195;13712;82;11.73272926;6.695311724;10.21335087;11.14893207
4404;-0.473441511;13712;83;11.4751122;6.227847764;9.900839225;11.04066849
4405;-0.629238784;13712;84;11.72219205;6.432345068;10.03599233;11.13462073
4406;-0.493391901;13712;85;11.66731804;6.296751363;10.06684726;11.21337491
4407;-0.577559352;13712;86;11.61405074;6.288544346;10.12639029;11.08255965
4408;-0.551069498;13712;87;11.85035717;6.295136716;10.17414531;11.33636289
4409;-0.676902056;13712;88;11.79704581;6.388457281;10.25127424;11.16503227
4410;-0.817465782;13712;89;11.84217211;6.463460324;10.34280354;11.07514922
4411;-0.82965982;13712;90;11.96283311;6.458458337;10.61135284;11.18049432
4412;-0.805666447;13712;91;12.05187953;6.486261734;10.93981725;11.30012676
4413;-0.537201941;13719;81;7.029441819;2.311880989;6.095940577;6.515795185
4414;-0.29875949;13719;82;7.346250778;2.28453704;6.037901801;7.056945924
4415;-0.435798168;13720;81;6.654796643;2.079441542;2.101829284;6.228122807
4416;-0.558674991;13720;82;6.832470354;2.079441542;2.019811279;6.281697189
4417;-0.150366798;13722;81;7.355704983;2.26413745;3.500996157;7.205291018
4418;-0.168079108;13722;82;7.404145151;1.783515398;3.396051489;7.235991351
4419;-0.89363271;13726;81;4.787491743;1.791759469;3.922238215;3.916495335
4420;-0.990649283;13726;82;4.825459387;1.791759469;3.897572247;3.862930496
4421;-0.070178919;13736;81;7.49315017;2.197224577;3.046912847;7.422954333
4422;-0.08529868;13736;82;7.354492046;1.945910149;2.957174716;7.269694443
4423;-0.251308441;13752;81;7.774519555;3.221517672;6.538266038;7.53154911
4424;-0.257298827;13752;82;7.40181916;3.059808663;6.492433834;7.143576526
4425;-0.166670233;13757;81;9.608780865;4.230770439;8.611514868;9.448548783
4426;-0.143948153;13757;82;9.722997677;4.075591802;8.498597531;9.585846577
4427;-0.23346065;13758;81;7.996014188;2.77392119;6.031753978;7.762975013
4428;-0.123121098;13758;82;7.516382162;2.614690899;5.996909368;7.395756303
4429;-0.229738131;13765;81;6.765269645;1.386294361;5.226609162;6.554591706
4430;-0.11795155;13765;82;6.806303537;1.609437912;5.171250889;6.724517458
4431;-0.216038853;13766;81;7.417880658;2.116160625;5.740138849;7.217803219
4432;-0.306485474;13766;82;7.612880545;2.339198016;5.658637788;7.351658527
4433;-0.363489896;13767;81;5.925324728;1.609437912;5.862200508;5.599185963
4434;-0.289318562;13767;82;5.445650579;1.098612289;5.804040701;5.208630127
4435;-0.269042224;13768;81;7.981664972;2.302585093;6.468712684;7.718575897
4436;-3.786804676;13768;82;8.958460717;1.420512375;6.511766551;5.212182985
4437;-0.498599142;13771;81;7.138867;3.05831573;5.239346812;6.649627742
4438;-0.645688236;13771;82;6.050575141;2.243744622;5.185578522;5.434800531
4439;-0.247455731;13772;81;8.17185373;2.955451085;5.877946647;7.924077538
4440;-0.227969199;13772;82;7.589707213;2.062614194;5.835984796;7.364408932
4441;-0.168237776;13784;81;9.809028553;2.625932393;6.419542032;9.637106486
4442;-0.073103875;13784;82;9.546050041;2.36041057;6.420450302;9.472300483
4443;-0.247879192;13794;81;6.077412845;1.945910149;3.891810722;5.853281763
4444;-0.242665857;13794;82;6.022633854;1.945910149;3.769109534;5.781407524
4445;-0.269139975;13812;81;6.250554202;1.609437912;3.204753285;5.983413194
4446;-0.310995698;13812;82;6.00155537;1.504077397;3.11712968;5.691454909
4447;-0.210085154;13818;81;6.164366882;1.943418229;4.081067946;5.965206747
4448;-0.810320675;13818;82;5.297090341;2.03397917;3.994566504;4.499011147
4449;-0.535407186;13833;81;5.822157964;2.004540229;2.976362341;5.307629722
4450;-0.540443242;13833;82;5.843612615;1.695054936;2.88250156;5.319283398
4451;-0.320277572;13840;81;6.830982194;3.307417726;5.929154173;6.500459761
4452;-0.228046626;13840;82;6.691078656;2.577898001;5.362169913;6.467411232
4453;-1.652873516;13851;81;6.800949288;2.413269271;5.544564819;5.141132213
4454;-1.716563106;13851;82;6.257592519;2.222241583;5.47153561;4.681482589
4455;-0.63511914;13852;81;7.603499061;2.962929474;5.126460758;6.973094185
4456;-0.86319679;13852;82;7.658021057;3.045097747;5.066697402;6.802915326
4457;-0.342736512;13855;81;7.072082552;2.302585093;4.352572292;6.737758292
4458;-0.260394484;13855;82;6.912607259;2.302585093;4.340538674;6.661377116
4459;-0.790264904;13857;81;4.88959692;1.386294361;3.384100886;4.118553739
4460;-0.568312705;13857;82;4.979144669;1.098612289;3.34142653;4.424959742
4461;-1.672189116;13858;81;5.969474498;2.860248139;4.641375681;4.377239767
4462;-2.114367485;13858;82;5.349744475;2.522266849;4.539547337;3.376218274
4463;-0.548366904;13863;81;6.39509468;1.414697527;3.490058119;5.848329605
4464;-0.41975823;13863;82;5.910956745;0.993687384;3.4099321;5.488139411
4465;-0.530776381;13876;81;6.003887067;1.874647118;4.567460745;5.464685545
4466;-0.619621336;13876;82;5.390180756;1.606640692;4.476163975;4.766414244
4467;-0.590704083;13898;81;8.891580344;4.509781169;6.922854396;8.302291341
4468;-0.537467957;13898;82;8.754611713;4.304729764;6.877419015;8.218903362
4469;-0.118669353;13899;81;9.731951644;3.383046393;7.441437012;9.615695253
4470;-0.11818108;13899;82;8.702641366;2.425817764;7.403255299;8.580327621
4471;-0.069915593;13899;83;9.287518584;2.89711392;7.366175662;9.212618244
4472;-0.055038843;13899;84;9.527930307;2.925012988;7.330186645;9.459998123
4473;-0.038467798;13899;85;9.685762886;2.668228706;7.295274926;9.633455887
4474;-0.04383086;13899;86;9.532573883;2.885226078;7.261425836;9.47776737
4475;-0.062140618;13899;87;9.522657843;3.079189315;7.228623175;9.451256305
4476;-0.068190441;13899;88;9.4692533;2.668577513;7.196849227;9.383367157
4477;-0.053463638;13899;89;9.408046076;2.730228592;7.166085256;9.335358111
4478;-0.033665389;13899;90;9.626616234;2.661818027;7.045500605;9.585831885
4479;-0.032867398;13899;91;9.612538561;2.58518739;7.016308568;9.57254834
4480;-0.502606511;13900;81;8.200590273;3.608677518;6.307684117;7.701039064
4481;-0.01067631;13900;82;7.679680583;2.417145796;7.671704777;7.665442201
4482;-0.541327;13903;81;6.54175124;2.071766918;3.840855792;6.018714015
4483;-0.127144367;13903;82;6.231907607;2.079441542;3.75695895;6.112985299
4484;-0.337874025;13918;81;7.212589428;1.891607554;4.404974782;6.890935043
4485;-0.340351135;13918;82;7.100301686;1.977257447;4.428211239;6.78521502
4486;-0.51158154;13922;81;6.619939897;2.312353208;4.859936241;6.117563065
4487;-0.469978631;13922;82;6.478742692;2.278799326;5.423310135;6.014552211
4488;-0.091662608;13957;81;8.417041309;1.838525828;5.680556661;8.328982727
4489;-0.594536245;13957;82;7.721929036;1.946970958;5.775857641;7.13089219
4490;-0.066380426;13969;81;10.76530098;4.012773171;7.457417114;10.70004474
4491;-0.084378198;13969;82;9.156329779;3.54776739;7.405746377;9.074151993
4492;-0.341876686;13993;81;6.953111004;2.893047047;5.714133684;6.619299063
4493;-0.365217686;13993;82;7.179220507;2.850234029;6.867157945;6.809768027
4494;-0.512816966;14015;81;5.709101656;2.525728644;4.499870788;5.202299264
4495;-0.509526074;14015;82;5.743702598;2.453563212;5.362751932;5.234002779
4496;-0.147572502;14019;81;8.066019137;2.300219665;5.429066247;7.929280591
4497;-0.120823167;14019;82;8.181595748;1.884244071;5.53806516;8.048647639
4498;-0.696844041;14036;81;5.602118821;2.344864765;3.695114079;4.921739819
4499;-0.512038887;14036;82;5.590548365;1.386294361;3.601574892;5.083240367
4500;-0.185558408;14042;81;6.504886833;1.946755088;5.10049426;6.326750145
4501;-0.21478644;14042;82;6.272416719;1.953844629;5.350339129;6.063304193
4502;-0.267080218;14047;81;5.454466062;1.386294361;3.888775431;5.193564559
4503;-0.496436924;14047;82;5.369600034;1.386294361;4.679126812;4.878066747
4504;-0.349589556;14051;81;5.80362781;1.393870191;3.098015971;5.47909526
4505;-0.182963803;14051;82;5.715479745;1.271139459;3.017889926;5.53867104
4506;-0.378268927;14057;81;7.377508862;2.329195588;5.541169415;7.011114477
4507;-0.100258507;14057;82;7.886717067;2.205215929;5.486210506;7.801948573
4508;-0.154713884;14058;81;7.78230695;2.88167864;5.976816852;7.63777526
4509;-0.474964231;14058;82;7.446107316;3.19975886;6.09164055;6.991631712
4510;-0.610283077;14076;81;5.264243402;0.693147181;2.933948337;4.673645488
4511;-0.588827312;14076;82;5.387213449;1.098612289;2.829815527;4.80986015
4512;-0.715009212;14078;81;5.142248217;1.791759469;0.886398043;4.447471183
4513;-0.667470694;14078;82;5.19893059;1.738489079;3.425115218;4.5375812
4514;-0.33580479;14088;81;6.865369562;2.581632092;4.32457577;6.537916327
4515;-0.324314088;14088;82;6.641249179;2.920867384;4.408558008;6.324849202
4516;-0.145075038;14111;81;8.697345731;2.773934762;6.744305741;8.555233822
4517;-0.096299954;14111;82;8.575905692;2.799926814;6.680360609;8.487972243
4518;-0.262172937;14128;81;11.86089067;5.711596309;8.23557227;11.6088953
4519;-0.329984069;14128;82;11.81681905;5.772657094;8.412077654;11.48770661
4520;-0.345011681;14128;83;11.78045485;5.762117022;8.487836388;11.43491848
4521;-0.282547742;14128;84;11.79095118;5.936224055;8.628362914;11.50710339
4522;-0.206260279;14128;85;11.81101089;5.838976976;8.715870495;11.60168512
4523;-0.243404523;14128;86;11.86022702;5.843640653;8.890183397;11.61285543
4524;-0.574982345;14128;87;12.12914823;5.906357041;9.211064524;11.54946666
4525;-0.376764894;14128;88;11.82661628;5.937812677;9.406475986;11.44511092
4526;-0.387310147;14128;89;11.88217838;5.971694208;9.455022635;11.48956847
4527;-0.443992108;14128;90;11.76193637;6.195298161;9.668749209;11.31291233
4528;-0.489457875;14128;91;11.87143108;6.02873368;9.671593609;11.37775693
4529;-0.338561386;14129;81;10.90439147;4.875645202;6.085004042;10.56693031
4530;-0.419842392;14129;82;10.79097782;4.827943857;6.328157576;10.37172901
4531;-0.383786172;14129;83;10.78340066;4.787809965;6.755646347;10.40077499
4532;-0.333136261;14129;84;10.8632851;5.03508046;6.782254058;10.5316855
4533;-0.257586956;14129;85;10.95370134;4.805290908;6.820163145;10.69722136
4534;-0.301555991;14129;86;10.91657472;4.43194377;6.716328356;10.61630207
4535;-0.346352011;14129;87;10.80076572;4.394373988;7.125690662;10.45569303
4536;-0.422646195;14129;88;10.85642402;4.35981737;7.172988771;10.43518187
4537;-0.43437475;14129;89;10.8739443;4.486480071;7.150428462;10.44089311
4538;-0.492762804;14129;90;10.84360063;4.439958137;7.605270226;10.35224978
4539;-0.506133616;14129;91;10.79066916;4.380367678;8.128270145;10.28212911
4540;-0.134170279;14131;81;9.264601222;4.142656019;7.084327716;9.135447702
4541;-0.116147883;14131;82;9.185045601;4.193178278;7.015278615;9.074757546
4542;-0.163263962;14131;83;9.559299748;4.686872306;7.407107695;9.396935499
4543;-0.132180274;14131;84;9.637134337;4.076021926;7.384739341;9.503729031
4544;-0.126344711;14131;85;9.527138756;4.068779062;7.417779947;9.399915021
4545;-0.123012908;14131;86;9.266067543;4.062426592;7.479992669;9.140029703
4546;-0.113553494;14131;87;9.159629145;4.107163042;8.131698579;9.045538738
4547;-0.185235694;14131;88;9.021249195;4.141971839;8.315859863;8.840351959
4548;-0.17427814;14131;89;9.221521284;4.173445007;8.671965386;9.045204856
4549;-0.187190786;14131;90;9.2354102;4.011001252;8.74843581;9.054793177
4550;0.102888912;14131;91;9.092781298;3.960563694;9.46567987;9.205624779
4551;-0.457272887;14132;81;6.468785111;2.64418623;6.097483095;6.011013876
4552;-0.226587236;14133;81;11.58899447;6.04535765;9.655571104;11.36350158
4553;-0.526200175;14134;81;7.912423121;3.891342179;6.82335134;7.391083212
4554;-0.117684059;14135;81;8.898748021;5.211046334;4.947403536;8.780269417
4555;0.296837449;14136;81;9.528677761;4.566675229;9.775377487;9.82826592
4556;-0.296692967;14141;81;7.176254532;1.098612289;2.599481329;6.885235224
4557;-0.260603219;14148;81;11.83280659;6.127867903;8.830450847;11.57671903
4558;-1.214747906;14151;81;8.943427767;3.105981457;6.684007297;7.721474895
4559;-0.387081176;14152;81;7.540993181;3.49221724;6.309361594;7.1528645
4560;-2.968333244;14153;81;4.276666119;0.460651517;4.159006457;1.569899812
4561;-1.500640512;14157;81;7.032447766;4.337557186;4.54379349;5.563506148
4562;-0.362986445;14158;81;4.346399418;1.498772365;3.715944411;4.093279949
4563;-0.602063298;14166;81;5.737861769;2.564813413;6.37724665;5.147383933
4564;-0.756421268;14166;82;6.321177673;2.56710915;6.341579262;5.568634029
4565;-0.70475781;14166;83;6.33847405;2.533505788;6.306157219;5.650644539
4566;-0.630668879;14166;84;6.316093795;2.517400221;6.270970202;5.71718359
4567;-0.66252327;14166;85;6.243900918;2.468633786;6.236007494;5.607080407
4568;-0.495093942;14166;86;6.222171101;2.579350619;6.201259142;5.768317467
4569;-0.439556807;14166;87;6.325525716;2.807597957;6.166715676;5.923673999
4570;-0.467074335;14166;88;6.321883649;2.786157631;6.132367594;5.896214088
4571;-0.441032827;14166;89;6.376940963;2.810803064;6.103053103;5.96596933
4572;-0.457219005;14166;90;6.46197178;2.812938842;6.1241839;6.052133831
4573;-0.48846066;14166;91;6.754842947;2.824713632;6.108261718;6.306318723
4574;-1.300135136;14178;81;7.404705048;3.308902937;6.991490268;6.254167851
4575;-0.626906395;14182;81;7.645397699;1.73581429;5.768096476;7.012969422
4576;-0.12571235;14202;81;8.065013748;2.522646966;7.158915561;7.944619594
4577;-0.818657398;14212;81;7.992539076;3.917904874;6.971884552;7.184338326
4578;-0.33767432;14222;81;6.246300498;2.627212094;3.939533923;5.960357418
4579;-0.526360452;14224;81;6.942929401;2.893629073;5.761366038;6.422746865
4580;-1.323856235;14230;81;6.004133965;2.079441542;3.383525699;4.682246297
4581;-0.545553863;14231;81;4.519612331;1.098612289;4.399607896;4.112737014
4582;-0.510741353;14232;81;5.979644939;2.509303052;4.564182954;5.471604707
4583;-0.651962519;14244;81;10.18868155;5.837789078;7.641729806;9.562692343
4584;-0.435212195;14246;81;5.551408018;1.67620611;5.085671311;5.131995997
4585;-0.741868436;14252;81;6.076035421;2.640883786;2.467838546;5.388056052
4586;-0.33332172;14260;81;9.856631766;3.713970856;7.927085123;9.529445808
4587;-0.214896977;14262;81;7.21641574;2.639508588;4.518368332;7.008294572
4588;-0.285496563;14262;82;7.335667563;2.943914321;4.897388425;7.05498892
4589;-0.325715184;14262;83;7.204216633;2.982583829;4.850904593;6.882165123
4590;-0.301094353;14262;84;7.129599451;2.922431723;4.806533647;6.829599132
4591;-0.314430863;14262;85;7.118451665;2.897552513;4.764198694;6.805753037
4592;-0.31340158;14262;86;6.930283477;2.913630443;4.723820562;6.618038341
4593;-0.315737665;14262;87;6.931951627;2.858693937;4.685318197;6.618829106
4594;-0.244190842;14262;88;6.932189903;2.769179612;4.648609042;6.692436185
4595;-0.326936245;14262;89;6.77347528;2.934078382;4.613610722;6.445710131
4596;-0.338480204;14262;90;6.644499651;2.935902295;4.580241519;6.30597363
4597;-0.405355841;14262;91;6.632576501;2.934235691;4.548420427;6.228902118
4598;-0.310432911;14263;81;8.498316136;4.17438727;5.527674605;8.18657025
4599;-0.313259065;14263;82;8.066039377;4.094344562;5.480203635;7.752926822
4600;-0.216995105;14263;84;7.677075385;3.218875825;5.391636791;7.461422606
4601;-0.251892954;14263;85;7.573170256;3.258096538;5.350464853;7.320169089
4602;-0.255817473;14263;86;7.508936669;2.864508832;5.311306825;7.253360401
4603;-0.22217752;14263;87;7.582700885;2.856713068;5.274112127;7.361287711
4604;-0.187794209;14263;88;7.383084212;2.892421222;5.238824687;7.198779234
4605;-0.210657597;14263;89;7.209705317;2.903170465;5.205385734;7.003209269
4606;-0.382196873;14263;90;6.989127331;2.904476374;5.173733168;6.611513811
4607;-0.564421356;14263;91;7.335621011;2.956700431;5.143802317;6.775514348
4608;-0.193702161;14275;81;6.469405306;2.439882942;4.339843775;6.256107285
4609;-0.224077985;14276;81;7.978516673;2.409850741;5.717070064;7.763831254
4610;-0.123929247;14285;81;8.513947892;3.62606034;6.991748107;8.405450591
4611;-0.083807983;14288;81;6.822197391;1.739433632;3.756568477;6.738708093
4612;-0.467794687;14290;81;11.78022447;6.629545294;10.67124782;11.35346775
4613;-0.339306653;14290;82;11.75511449;6.441926808;10.59101241;11.45907454
4614;-0.63745147;14290;83;11.90086975;6.4395435;11.12500124;11.3049547
4615;-0.659448981;14290;84;11.73295035;6.013674863;11.16152487;11.12896833
4616;-0.655479252;14290;85;11.7993027;6.035404844;11.18389109;11.18696872
4617;-0.792102754;14290;86;11.86158177;6.471851948;11.11890033;11.13321879
4618;-0.658370852;14290;87;11.84479516;6.665387828;11.15273968;11.24570063
4619;-0.632497191;14290;88;11.86316191;6.690962824;11.19270137;11.29899017
4620;-0.842431068;14290;89;11.87461783;6.735846266;11.3554388;11.11957774
4621;-0.425824702;14290;90;12.05170524;6.539587631;11.39277689;11.67163609
4622;-0.745225132;14290;91;12.06388551;6.591209372;11.46772198;11.38992362
4623;-0.69566083;14291;81;4.783316371;0.693147181;3.253472796;4.118794121
4624;-0.849168062;14294;81;7.129938408;2.19810602;4.313876456;6.279832877
4625;-0.570488393;14333;81;10.45526702;6.375501966;8.863397632;9.88793858
4626;-0.556477964;14333;82;10.40076917;6.147982244;8.802328224;9.830123219
4627;-0.613102019;14333;83;10.21891227;6.047313739;8.934971053;9.602242894
4628;-0.528999388;14333;84;10.21897175;5.840569087;8.893728407;9.686933692
4629;-0.524498463;14333;85;10.14522812;5.725094084;8.844580549;9.615296887
4630;-0.526146829;14333;86;10.10517482;5.712898209;8.7552359;9.571575245
4631;-0.439041585;14333;87;10.1944146;5.498394243;8.744267678;9.750083095
4632;-0.427698821;14333;88;10.12136963;5.536331851;8.71427154;9.687721021
4633;-0.405249268;14333;89;10.19477934;5.553055037;8.736386607;9.782820712
4634;-0.36178726;14333;90;10.49574533;5.853670367;8.745780182;10.12493858
4635;-0.474576652;14333;91;10.43565598;5.349158387;9.738610836;9.954605734
4636;-0.029482016;14335;81;8.936390276;2.63905733;6.475471368;8.911613875
4637;-0.050772622;14336;81;10.03183679;3.91686387;7.576881199;9.982655449
4638;-0.07832747;14336;82;10.17952874;4.21308652;7.741114581;10.10262365
4639;-0.067918964;14336;83;10.16870786;4.798616801;7.88934224;10.10045195
4640;-0.106149755;14336;84;10.00237611;4.862140502;7.943239336;9.898036688
4641;-0.098952033;14336;85;10.08315251;4.653476602;7.850408532;9.986424356
4642;-0.104446098;14336;86;9.969540338;4.657831269;7.871809234;9.86930141
4643;-0.097286858;14336;87;10.06107306;4.664122411;7.842229585;9.9691491
4644;-0.098641284;14336;88;10.00976744;4.58258388;7.875451613;9.917308785
4645;-0.120321065;14336;89;9.899144345;4.623021001;8.075246934;9.787294817
4646;-0.098934263;14336;90;9.884015804;4.614576794;8.152062537;9.793911349
4647;-0.093000144;14336;91;10.0654864;4.582334599;8.138743691;9.98051252
4648;-0.456585914;14359;81;7.131778424;2.821299024;6.491538795;6.727492758
4649;-0.791068673;14388;81;8.697763215;4.072937801;7.830699511;7.928145928
4650;0.198713779;14394;81;10.35580127;4.174364499;9.559573337;10.55554435
4651;-0.068880349;14395;81;8.413409232;2.449295442;6.967397111;8.34857077
4652;-0.023197435;14398;81;7.096721378;1.09791324;7.080161919;7.080415754
4653;-0.229528308;14402;81;8.159374737;3.422516709;5.709171776;7.933999692
4654;-0.768869579;14412;81;6.865369562;4.456782895;6.053364421;6.171642109
4655;-0.272845268;14413;81;6.295081528;2.070956328;2.393745474;6.033873149
4656;-1.066537499;14415;81;7.933366692;2.580847992;7.250137923;6.8653176
4657;-0.406185955;14442;81;11.94222042;5.288959601;10.99531227;11.54038293
4658;-0.520369589;14442;82;12.00090378;5.563654549;10.9372726;11.48479176
4659;-0.425833821;14442;83;11.96265832;5.638371937;10.91822034;11.54017183
4660;-0.34425965;14442;84;12.0527214;5.785923434;10.88387408;11.71118586
4661;-0.330477566;14442;85;12.05223996;5.823613379;10.83605709;11.72374286
4662;-0.370030373;14442;86;12.15947849;5.963098949;10.81888499;11.79142874
4663;-0.412489176;14442;87;12.27011187;6.099221565;10.83643873;11.8596047
4664;-0.407524079;14442;88;12.19771138;6.143180275;10.91949578;11.79242029
4665;-0.425810635;14442;89;12.23535858;6.217356515;11.0454151;11.81165063
4666;-0.467953712;14442;90;12.28419736;6.412826593;11.12777962;11.81832619
4667;-0.478336453;14442;91;12.31055779;6.517106651;11.10098424;11.83368891
4668;-0.130176142;14496;81;9.307249238;3.697725406;6.026642912;9.186808128
4669;-0.138161838;14496;82;9.202653482;3.902421701;6.151252861;9.07236564
4670;-0.232706934;14496;83;9.353208304;3.795653336;6.530306884;9.133600634
4671;-0.202686086;14496;84;9.177653936;4.03224799;6.467966525;8.978617767
4672;-0.250961274;14496;85;8.96039855;3.855782157;6.396200732;8.721435006
4673;-0.253511935;14496;86;8.730056582;3.893291844;6.323936987;8.489340724
4674;-0.279315621;14496;87;8.560371096;3.999602128;6.337163366;8.282145756
4675;-0.401229739;14496;88;8.380873316;4.026882868;6.361714775;7.999430558
4676;-0.52098155;14496;89;8.473828906;3.982831905;6.331239212;7.975541327
4677;-0.459770232;14496;90;8.356706547;3.953572299;6.396874112;7.910146744
4678;-0.361033529;14496;91;8.328454251;4.268134711;6.428117401;7.975170968
4679;-0.748763323;14507;84;8.527532718;4.406770047;8.125206325;7.785451758
4680;-0.560959399;14507;85;8.454704547;4.389155249;8.084896811;7.898172454
4681;-0.644739985;14507;86;8.349961197;4.289586383;8.097638246;7.710432129
4682;-0.493192077;14507;87;8.458367902;4.354996421;8.102477395;7.966482702
4683;-0.377507091;14604;81;7.068597804;2.899421217;6.93736433;6.691586326
4684;-0.271464586;14604;82;6.698513595;2.545262636;6.460391662;6.425164165
4685;-0.60934335;14706;81;7.052201904;1.980844002;4.322210324;6.449282762
4686;-0.557844281;14706;82;5.993281667;1.386294361;4.299621733;5.451327739
4687;-0.537658572;14706;83;6.378938996;2.302585093;4.218549645;5.850762909
4688;-0.575587034;14706;84;6.806093022;2.302585093;4.574209122;6.24099183
4689;-0.200117335;14755;81;10.11339182;5.032182184;8.886024908;9.913059853
4690;-0.166140929;14755;82;10.44266395;5.320521713;9.050764373;10.27604341
4691;-0.13544479;14755;83;10.74366546;5.317505564;9.188225961;10.60730872
4692;-0.243200481;14755;84;10.76044834;5.373184774;9.186616745;10.5171229
4693;-0.151618913;14755;85;10.61234919;5.364993908;9.119945757;10.46202933
4694;-0.241976082;14755;86;10.56793622;5.658840503;9.063148803;10.3260269
4695;-0.316464484;14755;87;10.55534235;5.622086315;8.981736751;10.23814264
4696;-0.178726017;14755;88;10.16477319;5.326175146;8.948258846;9.988317042
4697;-0.219679877;14755;89;10.28981643;5.092059915;8.862592331;10.07058814
4698;-0.136680126;14755;90;10.34949893;4.625660195;8.812498671;10.21455684
4699;-0.139002576;14755;91;10.47952601;5.185659562;8.751489166;10.33890517
4700;-0.378366977;14833;81;8.078843256;3.070492162;5.859361229;7.702856778
4701;-0.188747227;14833;82;7.668549015;3.235693151;5.822995152;7.482729776
4702;-0.153898418;14833;83;7.726967618;2.980836786;5.96319164;7.576484687
4703;-0.166103914;14833;84;7.892477944;2.833346064;6.14953786;7.733305316
4704;-1.41835773;14836;82;4.952536712;2.564949357;4.862148526;3.534637949
4705;-1.502525806;14836;83;4.868440998;1.504077397;4.778457719;3.366723198
4706;-0.183748603;14880;81;7.839328634;2.906745604;5.027617354;7.662306649
4707;-0.232720107;14880;82;8.447756967;3.010985621;4.936018707;8.221684017
4708;-0.196057349;14880;83;8.658074158;3.234286407;4.844792089;8.460038075
4709;-0.134038746;14880;84;9.104781594;3.573773051;4.753928984;8.970266714
4710;-0.067968279;14880;85;8.626094102;3.291627969;4.663420668;8.557847766
4711;-0.107576847;14880;86;8.812411589;2.99949544;6.484060874;8.707044757
4712;-0.234378189;14880;87;8.57903472;2.982421284;6.730158723;8.343977085
4713;-0.22446084;14880;88;8.405522225;3.376195459;6.901819116;8.186914208
4714;-0.203252628;14880;89;8.501626366;3.39470542;6.952033793;8.294535484
4715;-0.248611182;14880;90;8.592835184;3.530834119;6.883711386;8.339045529
4716;-0.211494058;14880;91;8.617612103;2.851625531;7.212334078;8.401540636
4717;-0.220443517;14883;81;9.17794116;3.714711361;5.452816714;8.990111332
4718;-0.351617545;14883;82;8.745902864;3.735704027;5.491891295;8.440978013
4719;-0.273411244;14883;83;8.957891016;3.846108946;5.788264589;8.674172067
4720;-0.336048633;14883;84;8.684078677;3.837510347;5.867114769;8.37910747
4721;-0.325905263;14883;85;8.665452388;3.856127446;6.457149017;8.349614377
4722;-0.461661339;14883;86;8.362696342;3.809510045;6.471187937;7.935184975
4723;-0.644492984;14883;87;8.166637115;3.863809328;6.490928477;7.555445309
4724;-0.775534153;14883;88;8.029610483;3.817591757;5.969532833;7.327040625
4725;-0.781719685;14883;89;8.066116346;3.83933565;6.002983489;7.364567346
4726;-0.710264981;14883;90;8.102001292;3.862312;6.0376784;7.430627629
4727;-1.01066196;14883;91;8.113240391;3.803104175;6.067235472;7.220778453
4728;-0.072802849;14890;81;8.832047697;3.31761432;2.612958643;8.759514634
4729;-0.078337267;14890;82;8.909446537;3.329045999;2.548832188;8.831187705
4730;-0.072970629;14890;83;8.926015289;3.082484424;2.486665029;8.852993537
4731;-0.062016249;14890;84;8.94953127;2.871881244;2.42639883;8.887491603
4732;-0.085583813;14890;85;8.447789731;2.744001834;2.36796988;8.362278206
4733;-0.592444241;14910;81;7.736219778;4.160153167;2.808200136;7.14528056
4734;-0.692180872;14910;82;7.864631665;4.008042814;3.45198421;7.165121912
4735;-0.597227335;14910;83;7.976420002;4.235535387;4.665386076;7.370482438
4736;-0.652111113;14910;84;8.014872799;4.089718476;4.932167528;7.346371237
4737;-0.607753456;14910;85;7.925303668;4.250874524;5.014983027;7.29297292
4738;-0.615021527;14910;86;7.967735607;4.182110128;5.299892816;7.330618772
4739;-0.615186095;14910;87;7.990410525;4.217769386;5.440304548;7.349967999
4740;-0.750291467;14910;88;8.000983716;4.04268345;6.420348551;7.234628896
4741;-0.671949029;14910;89;8.038642673;4.227063269;6.380582471;7.331528492
4742;-0.756053925;14910;90;7.993799746;4.224944215;6.545943524;7.198034014
4743;-0.668842196;14910;91;7.94185639;4.284770889;6.548498968;7.237701401
4744;-0.842115581;14919;81;5.919162652;2.140066163;1.254951978;5.073595957
4745;-0.899325192;14919;82;5.95169946;2.021232132;2.998255752;5.028204055
4746;-0.39976415;14927;81;6.358188848;2.370020878;1.127637758;5.956764405
4747;-0.518910766;14927;82;6.459351547;2.355398199;1.043330347;5.932581957
4748;-0.396360308;14927;83;6.273197447;2.429428152;0.959105704;5.855161023
4749;-0.386376321;14927;84;6.182477397;2.39828369;0.874962407;5.761595915
4750;-0.33742854;14927;85;6.154456814;2.264473955;1.615648938;5.775109805
4751;-0.381515503;14927;86;6.136547708;2.257554452;1.533833548;5.705995803
4752;-0.387449414;14927;87;6.067890045;2.402609599;1.452055609;5.623949638
4753;-0.677613795;14927;88;6.094876694;2.361089279;1.37031425;5.352732709
4754;-0.62098819;14927;89;6.083444297;2.380797684;1.288609182;5.410584049
4755;-0.668325603;14927;90;6.119513179;2.336951173;1.20693912;5.393893499
4756;-0.696507633;14927;91;6.198007071;2.350214371;1.125303696;5.462941097
4757;-0.028921271;14939;81;8.529497167;2.122122236;4.257845358;8.500958109
4758;-0.318702966;14998;81;8.500311454;4.574214866;7.165737303;8.183423754
4759;-0.384587795;14998;82;8.448661814;4.582712632;7.274440729;8.06537983
4760;-0.383621335;14998;83;8.31657014;4.451194941;7.247637918;7.92880062
4761;-0.37200892;14998;84;8.462452968;4.515593766;7.225411729;8.083579726
4762;-0.330387235;14998;85;8.49708415;4.692823256;7.243720883;8.153183729
4763;-0.312263489;14998;86;8.428119569;4.585572509;7.262022774;8.104641288
4764;-0.363950908;14998;87;8.55318774;4.42763027;7.537787729;8.183218799
4765;-0.331251502;14998;88;8.594417237;4.434498553;7.61131649;8.257679582
4766;-0.316956162;14998;89;8.8160935;4.815213965;7.588834203;8.496338965
4767;-0.305553585;14998;90;8.715486694;4.574797887;7.56822156;8.406764843
4768;-4.579150677;15009;81;9.734175034;2.62915627;4.395418842;5.147997269
4769;-0.860509217;15014;81;5.464678891;2.518636676;1.827581574;4.639108582
4770;-0.712538362;15014;82;5.467141746;2.362039759;1.732423608;4.769479359
4771;-0.658221066;15014;83;5.58789549;2.180942909;1.637402457;4.909754318
4772;-0.627307475;15014;84;5.468597531;2.030324509;1.54251914;4.82699628
4773;-0.598137319;15014;85;5.405944636;2.033417433;1.447774568;4.809421741
4774;-0.54942137;15014;86;5.40374067;2.096683367;1.353169148;4.840090975
4775;-0.566929519;15014;87;5.533638122;2.107084305;1.258703844;4.93271961
4776;-2.001873493;15015;81;5.720311777;2.114643679;4.317752564;3.732635008
4777;-0.818514764;15015;82;5.222419405;2.115014762;4.277228099;4.404839068
4778;-0.301421613;15052;81;8.791181937;4.260540608;9.187749112;8.489925065
4779;-0.322027326;15052;82;8.783768978;4.61568531;7.839576255;8.470294114
4780;0.355914325;15052;83;8.297222032;3.999206366;8.293202235;8.650445798
4781;-0.580040634;15126;81;6.466144724;2.331319896;4.863454978;5.882513388
4782;-0.315177709;15126;82;6.210613007;2.294480632;4.834466159;5.888132409
4783;-0.465593755;15126;83;6.273451493;2.117874554;4.807121522;5.804458114
4784;-0.471162438;15126;84;6.200341963;2.114030544;4.781366582;5.729087534
4785;-0.382758081;15126;85;6.499948105;2.097141169;4.757144099;6.124217773
4786;-0.383829564;15208;81;6.234018468;2.295364857;3.129731882;5.864041605
4787;-0.382441312;15208;82;6.235890092;2.29278794;3.022690202;5.863989866
4788;-0.342473626;15316;81;5.821861781;2.591392678;5.529665813;5.474737948
4789;-0.657343686;15343;81;6.633186878;2.699050051;3.934643861;5.983033491
4790;-0.519117296;15343;82;6.449898186;2.786983684;3.83983289;5.939115028
4791;-0.565762043;15343;83;6.357919589;2.856679532;4.167595459;5.804145048
4792;-0.447526187;15343;84;6.266062934;2.6506023;3.675015404;5.828993996
4793;-0.308251619;15370;81;9.78392103;5.026926431;8.331267099;9.485978675
4794;-0.311269939;15370;82;9.667695312;4.952278905;8.268087594;9.372003721
4795;-0.347509712;15370;83;9.820872464;4.952290767;8.283948502;9.491621927
4796;-0.280610591;15370;84;9.758181417;5.055231213;8.249719927;9.49762002
4797;-0.319045424;15370;85;9.813563807;5.088473331;8.294772828;9.517422661
4798;-0.267467231;15370;86;9.633319568;5.040509197;8.233057038;9.369160796
4799;-0.302217096;15370;87;9.827071058;5.067369757;8.353698372;9.538605895
4800;-0.266857207;15370;88;9.964102064;5.09103382;8.33022429;9.704398429
4801;-0.264116436;15370;89;10.15154991;5.173119077;8.33573349;9.89281972
4802;-0.262307465;15370;90;10.25997029;5.244112234;8.406673775;10.00548537
4803;-0.304789633;15370;91;10.22573861;5.290169794;8.52260518;9.92726969
4804;-0.314461887;15411;85;7.67584663;3.598439104;8.029504887;7.369647717
4805;-0.49110657;15411;86;8.02558217;3.907785524;8.112119462;7.536862968
4806;-0.4910945;15411;87;7.992622659;4.032105438;8.085125045;7.479026304
4807;-0.520348191;15411;88;7.91565439;3.879379486;8.084734217;7.396739766
4808;-0.5279755;15411;89;8.088078804;4.257699686;8.366837126;7.56253158
4809;-0.415434211;15411;90;8.15550837;4.220021772;8.605594439;7.752251961
4810;-0.488359541;15411;91;8.417563726;4.403266482;8.534747487;7.939927413
4811;-0.448122114;15470;81;10.01287993;4.513107984;7.969629123;9.582075789
4812;-0.278301358;15470;82;9.954833692;4.191905422;8.935312081;9.680355354
4813;-0.296754956;15470;83;10.37293274;4.472637353;8.897804727;10.07294877
4814;-0.104857408;15470;84;10.46419906;4.51840586;8.892429078;10.34913683
4815;-0.148789853;15470;85;10.50085631;4.753721987;8.89668877;10.34357234
4816;-0.162223235;15470;86;10.70830738;5.092252502;8.912584092;10.53639965
4817;-0.194185823;15470;87;10.87968456;5.223009393;8.911363371;10.67498316
4818;-0.189921156;15470;88;10.84100399;5.049048726;8.902061501;10.64071133
4819;-0.112259619;15470;89;10.93057545;5.196826021;8.842117068;10.80809262
4820;-0.103799656;15470;90;10.78920615;5.001172634;8.772526108;10.67542145
4821;-0.047553122;15470;91;10.24793889;4.167454702;8.756893452;10.1952929
4822;-1.234384775;15615;81;6.438391484;3.802026567;6.110835541;5.332943301
4823;-1.680737138;15615;82;6.806662985;4.041018446;6.136544145;5.349443899
4824;-1.537223697;15615;83;6.799677316;4.192051774;6.122267382;5.466063497
4825;-1.513739944;15615;84;6.632254571;4.042951947;6.090940979;5.347140446
4826;-1.31912303;15615;85;6.832369071;3.149543279;6.110139316;5.636281562
4827;-1.138434649;15615;86;6.728597219;2.943618784;6.207245244;5.708800179
4828;-1.027686477;15615;87;6.64750826;3.006637843;6.190453288;5.73853236
4829;-0.947977066;15615;88;6.258685024;3.076002663;6.16081921;5.412317758
4830;-0.988116801;15615;89;6.347475361;3.151729904;6.118819142;5.453779311
4831;-1.128675938;15615;90;6.708109571;3.115272002;6.081434691;5.6686816
4832;-1.044658542;15615;91;6.423515145;3.12449237;6.040589477;5.433365324
4833;-0.14679721;15724;81;11.02240562;4.801935108;9.253972726;10.87927035
4834;-0.124795318;15724;82;11.13091051;4.737200676;9.386551256;11.01036623
4835;-0.120422654;15724;83;11.22536693;5.241280585;9.44540462;11.10306752
4836;-0.119447313;15724;84;11.34521736;5.274170357;9.547564767;11.22215885
4837;-0.096498176;15724;85;11.3779922;4.858689721;9.553067906;11.27653014
4838;-0.088108703;15724;86;11.4198045;5.123721353;9.627388978;11.33086481
4839;-0.101471163;15724;87;11.2792644;5.486500983;9.682595737;11.17763387
4840;-0.068379849;15724;88;11.33456387;5.545359699;9.677626812;11.25934415
4841;-0.112842083;15724;89;11.30961049;5.153799768;9.685161176;11.18926253
4842;-0.121362664;15724;90;11.32446353;5.525808995;9.734467181;11.1974322
4843;-0.116193675;15724;91;11.34210387;5.544190739;9.759929047;11.21476599
4844;-0.290367484;15749;81;7.11517587;2.973530712;6.877575284;6.852279344
4845;-0.444235951;15749;82;6.903841747;2.938588827;6.840171174;6.462347364
4846;-0.341189951;15749;83;7.020191254;2.940275214;6.803248349;6.679544437
4847;-0.331581384;15749;84;7.080855474;2.977952484;6.766781852;6.746088898
4848;-0.284935445;15749;85;7.313174569;2.98765454;6.730747849;7.026909553
4849;-0.254964501;15749;86;7.052533174;2.844941808;6.447897661;6.79071241
4850;-0.325712979;15749;87;6.602375944;2.870667462;6.425545919;6.265742518
4851;-0.228590712;15749;88;6.415191754;2.290145851;6.386886512;6.180197974
4852;-0.224445254;15749;89;6.496465348;2.402568869;6.349351418;6.262885087
4853;-0.645150959;15790;81;6.579251212;1.791759469;3.546726627;5.932256358
4854;-0.721007705;15790;82;6.231109204;1.609437912;3.437527859;5.511148281
4855;-0.516920507;15790;83;6.653969949;1.945910149;3.329604824;6.137480972
4856;-0.51536721;15839;81;5.461286169;1.322074761;1.355046739;4.979874641
4857;-0.49712339;15839;82;5.392400542;1.341480375;1.274920675;4.908841791
4858;-0.961719573;15879;81;6.435669503;4.666821897;7.352075135;5.635638394
4859;-0.206747413;15879;82;5.347041262;4.028816579;7.768869364;5.181032845
4860;-0.753608882;16324;81;5.438514024;2.079441542;4.353147096;4.689804785
4861;-0.616454601;16324;82;5.594481167;2.079441542;4.29429749;4.981446111
4862;-0.752183974;16324;83;5.637561441;1.791759469;4.243889686;4.889320524
4863;-0.660947084;16324;84;5.554180371;1.791759469;4.436495894;4.897642327
4864;-0.434684217;16324;85;6.014920061;1.945910149;4.385502262;5.583827588
4865;-0.628184915;16324;86;6.078033156;1.945910149;4.364334503;5.450306615
4866;-0.39895317;16324;87;6.039712005;2.079441542;4.349226201;5.643012668
4867;-0.589363039;16324;88;6.286053559;1.945910149;4.340989981;5.699173379
4868;-0.618484199;16324;89;6.516793316;1.609437912;4.653426586;5.899858391
4869;-0.521945119;16324;90;6.444627372;1.386294361;4.642407198;5.923350713
4870;-0.542676151;16324;91;6.447606254;1.386294361;4.646542786;5.909514166
4871;-0.308480322;16680;81;10.8654799;5.608572967;9.222689587;10.56026864
4872;-0.257270992;16680;82;11.01645536;6.051515274;9.411406293;10.76056837
4873;-0.359964997;16680;83;11.22298303;5.805171093;9.529599673;10.86194058
4874;-0.320222586;16680;84;11.1422469;5.632535849;9.593778392;10.81870278
4875;-0.331206679;16680;85;11.22322918;5.628612114;9.641640415;10.88742744
4876;-0.336083174;16680;86;11.38907722;5.715373064;9.789680769;11.04764498
4877;-0.369740814;16680;87;11.50599219;6.117734282;9.952489004;11.12905171
4878;-0.411109328;16680;88;11.36622669;6.235356622;10.02679566;10.94642505
4879;-0.354549944;16680;89;11.34439114;6.171650838;10.04540258;10.98066957
4880;-0.274026215;16680;90;11.40809797;6.24463374;10.13606359;11.12639404
4881;-0.349497885;16680;91;11.58273498;6.141401585;10.17039362;11.23658848
4882;-1.732054353;16681;81;8.034306936;4.404390689;7.662272553;6.387501191
4883;-1.460145712;16681;82;8.020282832;4.603658577;7.614180251;6.69056853
4884;-1.128426194;16681;83;8.189884699;4.51035433;7.553256584;7.167517848
4885;-1.611132503;16681;84;7.989611345;4.581575449;7.477646428;6.578441405
4886;-0.194327116;16681;85;9.071964227;4.612948768;7.411638304;8.896764671
4887;-0.353155792;16681;86;8.552767692;4.458918196;7.487692888;8.225859015
4888;-0.363371938;16681;87;8.727519166;4.532190047;7.541823293;8.367076357
4889;-0.353115171;16681;88;8.772275296;4.500005049;7.579883105;8.427160992
4890;-0.464820981;16681;89;8.604627355;4.493823654;7.5577657;8.153458439
4891;-0.29801181;16681;90;9.15909611;4.65155449;7.557556339;8.873174975
4892;-0.436573178;16681;91;9.357487426;4.890708276;8.094696314;8.946631459
4893;-0.126058802;16682;81;9.210450327;3.878819589;6.252705604;9.085158179
4894;-0.140439704;16682;82;9.185636658;4.190526425;6.417753601;9.046297534
4895;-0.147818118;16682;83;9.186832824;3.764902912;6.388303076;9.040215152
4896;-0.157621518;16682;84;8.9819379;4.020768745;6.422623735;8.826020481
4897;-0.130764663;16682;85;9.034223084;3.613425147;6.351397514;8.90569472
4898;-0.141851082;16682;86;8.964101726;3.89766149;6.281481424;8.823174579
4899;-0.090838656;16682;87;8.958213072;3.872456529;6.211257949;8.868760602
4900;-0.120931394;16682;88;8.893112147;3.891612492;6.142586046;8.771556407
4901;-0.330470443;16683;81;10.85350701;4.918147077;8.205527023;10.53376565
4902;-0.221398711;16683;82;10.56773781;4.951201776;8.785775613;10.34624274
4903;-0.30027017;16683;83;10.74321037;4.895963715;8.784820849;10.45928187
4904;-0.328062296;16683;84;10.47321786;4.892280424;8.839752828;10.1675199
4905;-0.288917601;16683;85;10.64618038;4.879478312;9.04200562;10.38115013
4906;-0.408183247;16683;86;10.99179234;4.832346367;8.980240061;10.60171225
4907;-0.304393798;16683;87;10.92073005;4.663064032;9.111709009;10.60969314
4908;-0.219863668;16683;88;10.87213196;4.77947182;9.179856398;10.64585375
4909;-0.087532915;16683;89;11.17554039;4.882135169;9.383578974;11.08770954
4910;-0.277117938;16683;90;9.919504877;4.975556966;9.314199664;9.617147288
4911;-0.083178826;16683;91;9.496567505;5.014115762;9.363791979;9.408826554
4912;-0.116644077;16684;81;8.556221578;3.258603544;8.963171934;8.436475956
4913;-0.387166262;16684;82;8.835288691;4.354157553;9.012640747;8.451325871
4914;-0.671176374;16684;83;8.189193012;4.431911925;8.990724891;7.519405855
4915;-0.182187483;16685;81;10.30322293;3.883204816;8.526657443;10.12030717
4916;-0.181630448;16685;82;10.61016014;4.20737309;8.673599139;10.42756475
4917;-0.13405557;16685;83;10.55261743;4.139356193;8.600550292;10.41804947
4918;-0.152445644;16685;84;10.54119129;4.447181993;8.668274657;10.38807006
4919;-0.178582355;16685;85;10.51894068;4.462322195;8.692277686;10.34009931
4920;-0.125403047;16685;86;10.32143723;4.481485868;8.699617852;10.1969403
4921;-0.196088672;16685;87;10.38655971;4.46753081;8.696520197;10.19120051
4922;-0.118438773;16685;88;10.33634957;4.47680513;8.948463225;10.21796934
4923;-0.193370879;16685;89;10.45506498;4.599789909;8.900111222;10.26410476
4924;-0.155130118;16685;90;10.44417795;4.346780024;8.930987383;10.28979161
4925;-0.13775602;16685;91;10.46559699;5.059297567;8.918606548;10.32347675
4926;-0.079508707;16686;81;9.974989292;3.72371592;7.552798974;9.900258419
4927;-0.307303816;16687;81;8.900957873;3.473189511;7.544183158;8.596440481
4928;-0.206336468;16687;82;8.426326095;3.404192769;7.6318229;8.223175794
4929;-0.200219497;16687;83;8.10653064;3.160713417;7.634081847;7.903685482
4930;-0.085786611;16687;84;7.22117327;1.098612289;7.80200468;7.134985974
4931;-0.199695066;16689;81;10.82808765;3.917561685;7.678648286;10.62890177
4932;-0.147428066;16689;82;10.92562635;4.302000656;7.993976911;10.77845095
4933;-0.132439345;16689;83;11.1056378;4.26769751;8.209854075;10.97084188
4934;-0.166927427;16689;84;11.03982342;4.146385372;8.130192356;10.87151255
4935;-0.133415535;16689;85;10.97909539;4.164211939;8.051686156;10.84397031
4936;-0.077945352;16689;86;11.13049741;4.243207193;7.974345815;11.05190803
4937;-0.120882355;16689;87;10.99322779;4.267218829;7.900367651;10.87127891
4938;-0.14253965;16689;88;10.8588492;4.299101731;7.8253241;10.71584314
4939;-0.048707366;16689;89;10.72443324;4.283292708;7.751472273;10.66618412
4940;-0.054601498;16689;90;10.59361651;4.411273009;7.678819148;10.53053854
4941;-0.054817501;16689;91;10.5227201;4.111254949;7.607371117;10.46070739
4942;-0.347182989;16690;81;7.601502255;3.271805837;5.15422371;7.253185339
4943;-0.379069984;16690;82;7.787604565;3.627200103;5.715069649;7.408749678
4944;-0.574010551;16690;83;7.493012027;3.522055924;5.816280846;6.913692028
4945;-0.164160222;16691;81;8.11677531;3.421167866;5.930128899;7.960223241
4946;-0.157803386;16691;82;8.095981512;3.419116518;5.822128864;7.940463705
4947;-0.147744596;16691;83;8.092438269;3.358249986;5.715409463;7.948955847
4948;-0.103329226;16691;84;8.523177205;3.400893686;5.610039507;8.421808146
4949;-0.128794894;16691;85;8.522895069;3.578986678;5.506088358;8.394132349
4950;-0.116384834;16691;86;8.508038426;3.633637894;5.403625108;8.393243648
4951;-0.123463355;16691;87;8.439676547;3.659145248;5.302718146;8.316487247
4952;-0.076578625;16691;88;8.978566301;3.663805659;5.505098161;8.900580097
4953;-0.073073223;16691;89;8.880083875;3.678562112;5.421492738;8.805500093
4954;-0.083808698;16691;90;8.825899786;3.724271787;5.339854877;8.741175297
4955;-0.079751529;16691;91;8.931683788;3.749637357;5.839640464;8.851117892
4956;-0.204289734;16692;81;6.431814037;2.079441542;4.193933526;6.234151891
4957;-0.134999424;16692;82;5.917972817;1.098612289;4.12335328;5.785716234
4958;-0.109347157;16698;81;7.747208204;3.080902908;3.615493314;7.640674802
4959;-0.217035979;16698;82;7.826098103;3.068440894;3.50862824;7.614356951
4960;-0.209813461;16698;83;7.639054487;3.068440894;3.403174808;7.438855185
4961;-0.050985668;16698;84;7.470671627;2.314342787;3.299219156;7.422124641
4962;-0.124599911;16703;81;8.116327475;3.08939245;5.843253971;7.996352578
4963;-0.137123242;16703;82;8.067797166;3.302239709;6.622181497;7.928622166
4964;-0.019130865;16703;83;7.938898541;3.262477424;6.561455577;7.921802326
4965;-0.015527735;16703;84;7.84414903;3.2180425;6.55679925;7.835816602
4966;-0.083630987;16703;85;8.432694599;2.838518617;6.49735921;8.355232585
4967;-0.2648395;16704;81;8.050352523;2.491666678;5.788221865;7.788156291
4968;-0.183770448;16704;82;7.889671892;2.316807753;6.046686705;7.708816755
4969;-0.300340325;16704;83;8.097349175;2.462872951;5.950797513;7.80386134
4970;-0.144116938;16707;81;9.732283961;3.119087946;7.418420172;9.590973799
4971;-0.073409796;16708;81;11.61296351;5.91329629;7.082103134;11.54003786
4972;-0.054062102;16708;82;11.34573406;5.480485306;7.075948879;11.29168606
4973;-0.088361956;16708;83;11.56710539;5.885580772;7.064443369;11.47894444
4974;-0.136627659;16708;84;11.04994896;4.678978927;7.227960139;10.91355967
4975;-0.65919888;16708;85;11.61698039;2.272892641;7.218842097;10.9585789
4976;-0.336307675;16708;86;11.22550971;3.630929795;7.312367322;10.8898365
4977;-0.012669132;16708;87;11.90946261;3.034045264;7.178692032;11.89724833
4978;-0.017378137;16708;88;11.59135916;2.848797066;7.363360551;11.57412066
4979;-0.01579153;16708;89;11.27546676;2.54170958;7.359858715;11.25990666
4980;-0.013165271;16708;90;11.96046069;2.455028929;7.375365452;11.94736607
4981;-0.016353928;16708;91;11.83418809;3.347704807;7.515654486;11.81781903
4982;-0.171442777;16709;81;7.706792791;2.780288651;7.320031126;7.535240391
4983;-0.031695418;16709;82;7.506213089;3.21045277;7.408508446;7.474124578
4984;-0.275375277;16710;81;7.630121422;2.177616137;7.356017617;7.359349291
4985;-0.293619692;16711;81;7.824046011;2.703206412;6.18024592;7.536237173
4986;-0.425704807;16711;82;7.652252472;3.449117416;6.221432113;7.234001193
4987;-0.187330887;16711;83;6.952658854;1.734601027;6.384112988;6.769357152
4988;-0.305055469;16712;81;7.505107189;3.020207611;4.199453581;7.210467958
4989;-0.232444227;16712;82;6.766611841;2.424650818;4.110751161;6.54259033
4990;-0.146688983;16713;81;7.948244017;2.651019639;6.205796071;7.81706093
4991;-0.138978049;16713;82;8.11820312;2.743463736;6.175189436;7.978740572
4992;-0.159192756;16713;83;8.225799748;2.636984756;6.246045137;8.070437153
4993;-0.255995065;16714;81;8.930943866;3.333488013;7.736614091;8.670829062
4994;-0.210863128;16714;82;8.771351781;3.336571034;7.670591915;8.560418608
4995;-0.149017721;16714;83;8.753722533;3.468082405;7.610831398;8.608885507
4996;-0.265124232;16714;84;8.8644644;4.162381234;7.556891767;8.60752295
4997;-0.284324497;16714;85;8.661654502;3.435717948;7.496938131;8.392714007
4998;-0.222180188;16714;86;8.507549871;3.456853687;7.924322708;8.300271941
4999;-0.250466287;16714;87;8.493157814;3.654300729;7.876664126;8.271399857
5000;-0.150427416;16714;88;9.229873642;3.288361861;7.955173124;9.0723699
5001;-0.140148029;16714;89;9.252288732;3.299745358;7.928300358;9.104667307
5002;-0.095620908;16714;90;9.162872195;3.16094094;8.267404956;9.065298117
5003;-0.086508393;16714;91;9.406089602;3.292566638;8.418357566;9.31722026
5004;-0.670200408;16715;81;9.282540114;3.555348061;7.062640273;8.619941725
5005;-0.093185283;16715;82;8.849984765;3.099502762;7.127348492;8.760878144
5006;-0.407855541;16715;83;8.665046209;3.255267831;7.20054313;8.280718498
5007;-0.276182592;16715;84;8.390314398;2.997231565;7.079586313;8.135425346
5008;-0.597418129;16715;85;7.62849174;2.610292367;7.059813089;7.058216299
5009;-0.441022545;16715;86;7.764049451;2.742251265;7.233376709;7.354615108
5010;-0.426052481;16715;87;7.402594645;2.655078236;7.260158551;6.979361887
5011;-1.414168239;16715;88;8.129371471;2.7746626;7.236003044;6.762882471
5012;-0.323235065;16715;89;8.124214403;2.746394581;7.22523357;7.82102103
5013;-0.337181509;16715;90;7.790023964;2.612757041;7.217126608;7.474775852
5014;-0.343222558;16715;91;7.647332256;2.839905331;7.259334388;7.312157811
5015;-0.038655069;16716;81;10.47782865;3.055201048;7.908003821;10.44580367
5016;-0.093632564;16716;82;10.3791182;3.089880116;8.08985603;10.29341962
5017;-0.076100186;16716;83;10.20626277;3.049170816;8.388034813;10.1405572
5018;-0.055636674;16716;84;10.00719746;3.079729244;7.94927461;9.965258025
5019;-0.115362316;16716;85;10.16210072;3.344019872;7.924555894;10.05954918
5020;-0.045279622;16716;86;10.21615997;3.321258561;7.905961213;10.17265189
5021;-0.262476981;16716;87;10.21932501;3.208196059;7.926667995;9.958405019
5022;-0.093957081;16716;88;10.17157512;3.469501896;8.006001208;10.08327612
5023;-0.232046187;16716;89;10.7864821;3.164838129;8.092166662;10.55655241
5024;-0.208798021;16716;90;10.46706268;3.249518155;8.062508655;10.25999162
5025;-0.235298529;16716;91;10.49547545;3.250244858;8.059388755;10.26624317
5026;-0.023165653;16719;81;10.32672383;4.305855469;2.490370396;10.30350942
5027;-0.078492507;16719;82;10.31358916;4.55803109;2.443772798;10.23550905
5028;-0.018953353;16719;83;10.65685836;4.706712983;3.373605452;10.63807822
5029;-0.029329602;16719;84;10.44509654;4.296519371;4.80555213;10.41642696
5030;-0.358502567;16719;85;11.60339133;4.284941361;5.501441424;11.24531018
5031;-1.483174086;16725;81;9.194678321;3.750097826;6.873118973;7.715111625
5032;-0.974362373;16725;82;7.341894124;4.76213983;6.852844545;6.452479862
5033;0.449283779;16725;83;5.631788059;3.054339895;6.02316181;6.095236032
5034;-0.850821197;16726;81;7.036412354;4.65875427;7.283191647;6.236797223
5035;-1.69481051;16726;82;6.62823286;4.946087224;7.685830226;5.046830881
5036;-0.402043074;16726;83;6.666821046;5.978039336;7.690574661;6.299648887
5037;-0.038546778;16726;84;10.30626187;4.702996701;7.513207388;10.26868661
5038;-0.04144365;16726;85;10.49904968;4.508183461;7.655145549;10.45903413
5039;-0.907819092;16726;86;10.16446459;2.855046662;7.6373867;9.258018124
5040;-1.301411629;16726;87;5.706196246;3.471628783;7.607117663;4.571355106
5041;-1.234501123;16726;88;6.282127554;2.382715711;7.57729324;5.082902489
5042;-1.622375011;16726;89;6.585049915;2.359352403;7.547902194;5.003425836
5043;-1.095768452;16726;90;6.770556875;2.655317865;7.519662018;5.690024736
5044;-0.373215646;16726;91;6.121176877;2.200355564;7.497532826;5.693940294
5045;-0.051865298;16732;81;9.065545787;3.079597797;4.733117455;9.013664367
5046;-0.375849724;16732;82;9.639289537;3.064618875;4.649174368;9.265386411
5047;-0.085309453;16732;83;9.385300345;3.18603601;4.565307922;9.299853508
5048;-0.095423646;16732;84;9.428268;3.213549854;4.528005166;9.334082872
5049;-0.13013792;16732;85;9.350816309;3.311024106;4.610741946;9.221411285
5050;-0.10409455;16732;86;9.236814172;3.29374748;4.631141486;9.133582603
5051;-0.08893197;16732;87;9.432737942;3.35936475;4.543204362;9.344295149
5052;-0.096361779;16732;88;9.396879098;3.382926223;5.881425611;9.301353781
5053;-0.084040247;16732;89;9.563968864;3.360326682;5.836775583;9.480423492
5054;-0.123956844;16732;90;9.523406891;3.392784573;5.960555183;9.401274877
5055;-0.102120124;16732;91;9.687934384;3.448193757;6.312934742;9.583684266
5056;-0.191290945;16733;81;8.98362796;2.354967601;5.933836501;8.7999471
5057;-0.133759752;16733;82;8.795394723;2.185860802;5.9964095;8.672052381
5058;-0.265235186;16733;83;8.907662041;2.802206637;5.951478655;8.652159175
5059;-0.452947348;16733;84;8.670713232;2.790331097;5.906480062;8.231496841
5060;-0.186280906;16733;85;8.733077804;2.403666696;6.073791162;8.564189709
5061;-0.254413873;16733;86;8.796295349;2.279944355;6.031280396;8.543947226
5062;-0.246543363;16733;87;8.595544144;2.465143237;5.989996948;8.354739632
5063;-0.301330239;16733;88;9.45801387;2.707497935;5.949919804;9.159938333
5064;-0.183416873;16733;89;9.187936583;2.674223822;5.911027277;9.005079427
5065;-0.138341561;16733;90;8.699625989;2.601820829;5.887752486;8.568331879
5066;-0.216987923;16739;81;8.721602345;4.0294188;7.105547368;8.506264748
5067;-0.177491337;16739;82;8.721167621;3.842523223;7.29294485;8.534700563
5068;-0.191898942;16739;83;8.788300747;3.765545095;7.211702847;8.595075936
5069;-0.245633185;16739;84;8.891290577;3.878097987;7.127156877;8.642193953
5070;-0.152312994;16739;85;8.994867339;3.823189624;7.080867589;8.838246736
5071;-0.175042793;16739;86;8.912596258;3.727445457;7.502734844;8.731970594
5072;-0.104120076;16739;87;9.134110544;3.662103663;7.474107256;9.025334983
5073;-0.117063515;16739;88;9.262505137;4.064449155;7.402175336;9.140795276
5074;-0.158358395;16739;89;9.353607966;3.933796113;7.306289277;9.189849139
5075;-0.104185633;16739;90;9.360719663;3.847320815;7.273536644;9.254034519
5076;-0.145175099;16739;91;9.350782789;4.167927122;7.435411949;9.204353934
5077;-1.590193033;16740;82;7.043174628;4.606170662;7.179493849;5.63130344
5078;-1.6187042;16740;83;7.018564838;4.757605703;7.125207372;5.576399136
5079;-1.2054528;16740;84;7.048005596;4.110175218;7.068799831;5.950556639
5080;-1.246798515;16740;85;7.154865665;3.207906765;7.016562825;6.017367751
5081;-1.209574819;16740;86;7.104438342;3.233177065;6.965231798;6.046650824
5082;-0.283359587;16742;81;10.81518376;4.566966174;7.117118674;10.53206538
5083;-0.304110914;16742;82;10.91446739;4.595424517;7.073425086;10.61055295
5084;-0.302949131;16742;83;11.11331424;4.115492909;7.085624188;10.81107757
5085;-0.286289096;16742;84;11.03160188;4.330308212;7.078665024;10.74737172
5086;-0.233944952;16742;85;11.07456378;4.27197141;7.021249508;10.84180867
5087;-0.259407043;16742;86;11.68284399;3.604870068;7.012772498;11.42376137
5088;-0.145065933;16742;87;11.52083163;3.622245029;7.503675955;11.37616001
5089;-0.292936534;16742;88;11.71061652;3.443139415;7.799406759;11.41807833
5090;-0.162484542;16742;89;12.0023483;3.449983428;8.148370755;11.84018125
5091;-0.062384967;16742;90;11.94651013;3.529699759;8.18490682;11.884728
5092;-0.06762103;16742;91;11.80297505;3.670119082;8.20887378;11.73616214
5093;-0.232824221;16744;81;7.918665078;2.479142912;5.265720353;7.694420263
5094;-0.098079652;16744;82;8.729607831;2.206124807;5.21294491;8.65575545
5095;-0.102671221;16744;83;8.453339228;2.252801379;5.160806421;8.375433283
5096;-0.215423539;16744;84;7.969539965;2.247195571;5.695880445;7.791856691
5097;-0.227418035;16744;85;8.091557238;2.223046323;5.643438378;7.899436991
5098;-0.199546382;16744;86;8.329174735;2.18573615;5.778850389;8.133861761
5099;-0.117996216;16744;87;8.02035827;2.207625222;5.719577084;7.903038137
5100;-0.271000832;16744;88;8.773057637;2.187054232;5.731230969;8.505197507
5101;-0.250502884;16744;89;8.681789405;2.197224577;5.762833785;8.43631418
5102;-0.247971237;16744;90;8.926712246;2.411340328;6.011798847;8.681350612
5103;-0.216044918;16744;91;8.482999773;2.410768844;6.028908749;8.274577468
5104;-0.260124475;16745;81;7.812256771;2.370227146;6.466438087;7.60319396
5105;-0.210815594;16745;82;7.005821556;1.358879169;6.402641057;6.818045707
5106;-0.195947781;16745;83;8.345451834;2.713998155;6.339928843;8.173034802
5107;-0.302266181;16745;84;7.791552479;1.9488634;6.278285272;7.510563108
5108;-0.24360618;16745;85;8.004979316;2.499753162;6.217692327;7.858150084
5109;-0.385670274;16745;86;8.170641844;2.78664956;6.158131653;7.793632308
5110;-0.267981291;16745;87;8.130474101;2.772539249;6.099583934;7.875453098
5111;-0.308910072;16745;88;8.517885237;2.818894387;6.042028824;8.216337883
5112;-0.189322561;16745;89;8.245718968;2.805456613;5.985445799;8.065105454
5113;-0.218203425;16745;90;7.983864804;2.544787877;5.929813049;7.782149628
5114;-0.235943094;16745;91;8.165109811;2.59394558;5.89540882;7.949363266
5115;-0.459011555;16747;81;7.866147187;3.995319854;3.947728466;7.409263977
5116;-0.501012504;16747;82;7.781624227;3.990544876;3.841676308;7.28427488
5117;-0.560135722;16747;83;7.697260341;3.865170664;3.894596033;7.140999405
5118;-0.479738474;16747;84;7.903266145;3.862418717;3.858379829;7.427567187
5119;-0.445305437;16747;85;7.881971866;3.688288669;5.016957026;7.443497957
5120;-0.490739048;16747;86;7.819959646;3.614571997;4.900203824;7.330327295
5121;-0.5382846;16747;87;7.693922866;3.777419697;4.866343321;7.149975857
5122;-0.573352754;16747;88;7.447915379;3.748635653;4.771374006;6.875734555
5123;-0.505598605;16747;89;7.550579924;3.77161245;4.704596403;7.047258186
5124;-0.455127746;16747;90;7.571386461;3.733519438;4.869871594;7.120225964
5125;-0.508856177;16747;91;7.486787166;3.707420734;5.018417737;6.984751358
5126;-0.515880108;16750;81;8.284075071;4.308897445;4.528632389;7.770447224
5127;-0.57882297;16750;82;8.089800481;4.299046504;4.308727315;7.514719796
5128;-0.575995028;16750;83;8.030384933;4.182291808;4.257662104;7.458892283
5129;-0.541347504;16750;84;8.064335784;4.020082885;4.545671677;7.529235597
5130;-0.536468625;16750;85;7.906912253;4.088042448;4.48008845;7.387722156
5131;-0.581010878;16750;86;7.913467884;4.042606656;4.414845313;7.334812893
5132;-0.508017659;16750;87;7.85618085;3.979313664;4.572038065;7.352500725
5133;-0.628903151;16750;88;7.623713539;3.908865407;4.508127137;6.998632374
5134;-0.542656124;16750;89;7.756795482;3.850786643;4.446182003;7.216794628
5135;-0.502506375;16750;90;7.896283638;3.863252098;4.385126702;7.398212963
5136;-0.426629543;16750;91;7.890494541;3.952538483;4.435780821;7.46606427
5137;-0.462376505;16751;81;6.428266771;1.930241854;4.029476804;5.97117293
5138;-0.41080752;16751;82;6.348253056;1.791759469;3.975742343;5.958696948
5139;-0.222399801;16753;81;6.915723449;1.791759469;4.221042503;6.700397125
5140;-0.308909923;16753;82;7.519029536;2.63905733;5.151876024;7.223084639
5141;-0.270091653;16753;83;6.980346843;2.63905733;5.097261881;6.734447226
5142;-0.344130397;16753;84;7.04355899;2.708050201;5.04382216;6.727353948
5143;-0.224025548;16753;85;7.029006036;2.708009828;4.991514856;6.806565403
5144;-0.243676603;16753;86;7.045177743;2.708313698;4.940297219;6.815853189
5145;-0.414587617;16753;87;6.973687825;2.638994385;4.890127335;6.585784491
5146;-0.418702364;16753;88;7.295589886;2.677460761;5.276844961;6.892854963
5147;-0.249097303;16753;89;7.421332607;2.684399362;5.234947596;7.179450127
5148;-0.20338273;16753;90;7.224538048;2.678866216;5.193711283;7.046262826
5149;-0.413391769;16753;91;7.181470331;2.728566907;5.200624926;6.765198697
5150;-0.671921849;16754;81;5.896054379;1.098612289;5.322165998;5.233847365
5151;-0.660872519;16754;82;5.633852929;0.693147181;5.297076439;4.979537006
5152;-0.273980528;16757;81;5.536152455;1.386294361;4.350995925;5.264446884
5153;-0.314098686;16757;82;5.44914818;1.386294361;4.740062623;5.133456704
5154;-0.490600914;16758;81;6.966495774;3.428441405;3.151754463;6.502186925
5155;-0.537697434;16758;82;6.721373489;3.1626788;3.967791531;6.205462215
5156;-0.464993775;16758;83;6.913458831;3.024537593;3.86386601;6.448380123
5157;-0.511132181;16758;84;6.797120462;3.049178591;3.760251314;6.248967773
5158;-0.529054105;16758;85;6.68378665;3.117721944;3.65694783;6.119357103
5159;-0.425525814;16758;86;6.722548118;3.27413242;3.229771904;6.277919824
5160;-0.486683846;16758;87;6.881569895;3.279259221;4.507436524;6.386415283
5161;-0.489445031;16758;88;6.82771427;3.2778415;4.402113716;6.328732975
5162;-0.490589231;16758;89;6.795144012;3.277471088;4.297250009;6.298352854
5163;-0.518902063;16758;90;6.847583058;3.274006941;4.192846936;6.326301121
5164;-0.508841038;16758;91;6.840477071;3.159490912;4.088905169;6.33299219
5165;-0.325844646;16759;81;6.709182411;2.332727337;5.317143104;6.390690444
5166;-0.281885147;16759;82;6.656084508;2.331384945;5.271039192;6.383545194
5167;-0.280719578;16759;83;6.560879577;2.33159415;5.342310889;6.294046582
5168;-0.215749562;16759;84;6.428816538;1.791759469;5.40072641;6.226009167
5169;-0.223340407;16759;85;6.309132503;1.609437912;5.386930491;6.089969179
5170;-0.541746795;16759;86;6.603621725;2.397467675;5.452593575;6.058717329
5171;-0.444690913;16759;87;6.46076049;2.39742023;5.515911;6.020613426
5172;-0.281984329;16759;88;6.449181586;2.397754553;5.513895937;6.17673471
5173;-0.335249454;16759;89;6.329757896;2.261368478;5.77699338;5.981628505
5174;-0.449524045;16759;90;5.85272167;2.475620095;5.712089853;5.39479153
5175;-0.452403992;16760;81;6.574238704;2.201763499;5.796122123;6.130607786
5176;-0.462100387;16760;82;6.677268471;2.187682507;5.988553056;6.242663714
5177;-0.222836763;16760;83;6.489917991;2.200802395;5.413503922;6.277439268
5178;-0.260556906;16760;84;6.565278896;2.603933351;5.346617822;6.315365617
5179;-0.348143041;16760;85;6.589266521;2.179175122;5.276787042;6.252966436
5180;-0.264954478;16760;86;6.42093556;2.590590099;5.426673246;6.169146541
5181;-0.272869557;16760;87;6.422610549;2.436664519;5.094253427;6.165183239
5182;-0.366261512;16760;88;6.496190244;2.58520795;5.30609928;6.134894733
5183;-0.388938278;16760;89;6.514910425;2.758584582;5.229375774;6.132481036
5184;-0.349888206;16760;90;6.393173219;2.614073957;5.227412431;6.047049492
5185;-0.43461287;16760;91;6.337929588;2.470509921;5.150673449;5.911524996
5186;-0.324342787;16761;81;7.601452296;2.861254388;4.216344137;7.282413953
5187;-0.345568985;16761;82;7.547311799;2.925195779;4.128124916;7.216191226
5188;-0.466637313;16761;83;6.707954925;2.540269702;4.040034785;6.248162222
5189;-0.486853749;16761;84;6.685747024;2.552307919;3.952072998;6.237136774
5190;-0.471870184;16761;85;6.610111645;2.503113386;3.86423805;6.181611015
5191;-0.390751272;16761;86;6.453487156;2.484950995;3.776529327;6.121869548
5192;-0.229543611;16761;87;5.82547559;2.485259129;3.688945255;5.600646926
5193;-0.602684617;16762;81;7.491868552;2.302585093;4.988810727;6.89196141
5194;-0.615251839;16762;82;7.483917773;2.197224577;5.209829375;6.871421109
5195;-0.60885191;16762;83;7.502494714;2.079441542;5.28912162;6.895953798
5196;-0.61427474;16762;84;7.073720552;2.079441542;5.273626616;6.465121506
5197;-0.315946043;16762;85;7.268754235;2.079441542;5.213492595;6.955573291
5198;-0.491188586;16762;86;7.083908252;2.397895273;5.177080086;6.593778192
5199;-0.457367897;16762;87;7.184384797;2.397895273;5.354158622;6.728984831
5200;-0.575179875;16762;88;7.062214017;2.397895273;5.447858921;6.489261049
5201;-0.432883143;16762;89;6.932551259;2.302585093;5.733434109;6.501345205
5202;-0.199712455;16762;90;6.72882798;2.302585093;5.656657001;6.529078231
5203;-0.283245742;16762;91;6.690993375;2.302585093;5.580767806;6.406670873
5204;-0.7577824;16766;81;7.529030474;2.242441097;5.51546317;6.775467114
5205;-0.648339748;16766;82;6.929911212;1.812417214;5.583341529;6.289627355
5206;-0.567882121;16770;81;6.540163859;2.079441542;4.579274333;5.976848439
5207;-0.546360135;16770;82;6.466951335;1.945910149;4.511642512;5.92570914
5208;-0.378757328;16772;81;5.295814236;1.791759469;1.188067124;4.930366714
5209;-0.426944166;16772;82;5.272397712;1.791759469;1.061369554;4.858144613
5210;-0.293496013;16774;81;4.927253685;0.5108256;3.872054027;4.66996271
5211;-0.33998403;16776;81;6.110801957;2.200464571;1.684344697;5.771404996
5212;-0.313533843;16776;82;6.486939521;2.444111931;2.709404899;6.169315601
5213;-0.285367638;16776;83;6.414085522;2.102325866;2.719484808;6.120057408
5214;-0.359822512;16776;84;6.101763729;1.995854812;2.622574759;5.730285645
5215;-0.242508069;16776;85;6.288126035;2.174320004;2.526053222;6.044063961
5216;-0.37705946;16776;86;6.103370224;2.200879047;2.429915943;5.729268428
5217;-0.284022152;16776;87;5.781458728;1.961398641;2.334158026;5.501024817
5218;-0.312005967;16776;88;5.686323309;2.066707455;2.238774558;5.370551014
5219;-0.604181528;16776;89;5.372424478;2.135825451;2.143760709;4.77528303
5220;-0.258231938;16777;81;5.725870111;1.386294361;5.614524925;5.476900279
5221;-0.214240432;16777;82;5.869630396;1.609437912;6.006432457;5.665969137
5222;-0.812626064;16778;81;7.410044572;3.749095326;6.008263718;6.615238459
5223;-0.45031631;16778;82;7.079729809;3.032955393;5.954747789;6.637132593
5224;-0.484041452;16778;83;7.223408395;3.325651164;5.866698252;6.726828867
5225;-0.36901772;16778;84;7.304432948;3.37626423;5.798213084;6.902282629
5226;-0.208218932;16779;81;6.790659507;2.384423145;3.913634865;6.583482495
5227;-0.223495632;16779;82;6.619604754;2.322539717;3.825084923;6.397487564
5228;-0.203262344;16779;83;6.583115231;2.318201015;3.736666849;6.381987954
5229;-0.361311853;16779;84;6.600746033;2.120263498;3.648379412;6.243108358
5230;-0.149578676;16779;85;6.437463425;2.079441542;3.56022192;6.289963078
5231;-0.157111347;16779;86;6.359473124;2.079441542;3.472193081;6.206247563
5232;-0.950655401;16780;81;5.473530397;1.386294361;1.05320094;4.542731185
5233;-0.495966911;16780;82;5.34588048;1.386294361;0.968569792;4.854754654
5234;-0.402650833;16784;81;6.45943488;1.945910149;2.67453215;6.057693052
5235;-1.503609776;16785;81;6.463653325;1.491654924;4.888043428;4.987524626
5236;-0.004892976;16785;82;4.89101536;1.332662196;4.395059226;4.902366637
5237;-0.400652647;16788;81;6.963379137;2.397895273;5.004133695;6.563700043
5238;-0.453584045;16788;82;6.902454941;2.48490665;5.165079771;6.452197873
5239;-0.574837029;16788;83;6.053920915;2.302585093;5.201286927;5.483924713
5240;-0.622743547;16788;84;6.040047752;2.406772178;5.271155693;5.424176023
5241;-0.588351846;16788;85;6.06117589;2.302585093;5.245048035;5.473025378
5242;-0.50081718;16789;81;4.781641355;1.378018437;1.894043137;4.259825745
5243;-0.6557374;16789;82;4.606379248;1.313568948;1.813917153;3.901454276
5244;-0.564312875;16790;81;6.678216351;2.711578477;3.602013753;6.120960068
5245;-0.559290051;16790;82;6.617110325;2.727327933;5.498233147;6.044840274
5246;-0.500982523;16790;83;6.700111107;2.747270939;5.401422006;6.194997444
5247;-0.492087901;16790;84;6.55985252;2.735281851;5.305082911;6.06411368
5248;-0.519529045;16790;85;6.454969847;2.91635138;5.209209622;5.937216484
5249;-0.511009097;16790;86;6.509936583;3.002118337;5.19021176;5.97208812
5250;-0.515549541;16790;87;6.571921645;2.968060376;5.094914994;6.031186767
5251;-0.476231128;16790;88;6.411431136;2.908814768;5.000038472;5.912136039
5252;-0.515760362;16790;89;6.490206686;2.858598776;4.905575727;5.949299991
5253;-0.649743438;16790;90;6.34711275;2.917131411;4.811519571;5.673846753
5254;-0.549073279;16790;91;6.335339691;2.988708938;4.717863113;5.756788149
5255;-0.233826563;16791;81;6.824264995;2.63905733;2.996086501;6.588074225
5256;-0.187804505;16791;82;6.768760187;2.397895273;2.913897199;6.585752908
5257;-0.483249187;16793;81;6.615127648;2.896116583;5.090885406;6.203436739
5258;-0.503950357;16793;82;6.900330198;3.377707197;5.545447775;6.446136419
5259;-0.531547964;16793;83;6.93308674;3.205277932;5.48921096;6.450027747
5260;-0.472223967;16793;84;7.140618821;2.995732274;5.791735427;6.705126552
5261;-0.50651443;16793;85;7.184437191;3.218875825;5.911387055;6.696086322
5262;-0.468272686;16793;86;7.133552922;3.401430051;5.932490512;6.678735119
5263;-0.529023647;16793;87;6.946794631;3.175752033;5.885835865;6.431361058
5264;-0.303659022;16793;88;7.05493919;3.000680073;5.842964149;6.760154533
5265;-0.262692153;16793;89;7.106975182;2.973278133;5.786516307;6.852028859
5266;-0.335150212;16793;90;7.031718397;2.974172014;5.731308163;6.705881712
5267;-0.35921213;16793;91;6.868664675;2.921601178;5.684123123;6.520093695
5268;-0.765573144;16794;81;6.750516503;3.482379975;5.612039351;5.983863251
5269;-0.947931349;16794;82;6.948481253;3.482754961;5.546882352;6.002595604
5270;-0.918286681;16794;83;6.515465897;3.178572733;5.465150303;5.606113028
5271;-0.629302859;16795;81;8.55402646;4.060143709;7.171853785;7.927285255
5272;-0.607210636;16795;82;8.030692036;4.124349227;7.520465504;7.434082373
5273;-0.702298343;16795;83;8.199054462;3.962022388;7.740589352;7.516122566
5274;-0.874993086;16795;84;8.342815855;3.941100744;7.678903157;7.493096329
5275;-0.799971163;16795;85;7.992610943;4.134002855;7.604948584;7.194232097
5276;-0.664556563;16795;86;7.904067775;4.106491695;7.750468847;7.252544967
5277;-0.685715437;16795;87;7.93476046;4.212756175;7.709813574;7.27859061
5278;-0.596129537;16795;88;8.105723397;4.22513903;7.687211849;7.527055646
5279;-0.562364995;16795;89;7.973376667;4.293120646;7.639825465;7.432329727
5280;-0.472697765;16795;90;8.106613684;4.263199723;7.600913202;7.65405021
5281;-0.764889002;16795;91;8.49888382;4.118289897;7.760994925;7.743459723
5282;-0.320461273;16797;81;7.905183522;3.583518938;5.779484533;7.594273481
5283;-0.313442528;16797;82;7.841377469;3.583518938;5.685396507;7.524645941
5284;-0.326382607;16797;83;7.836650034;3.652183551;5.591654273;7.505857076
5285;-0.252742589;16797;84;7.748757098;3.567741624;5.761260588;7.476619809
5286;-0.307199001;16797;85;7.676388527;3.611579286;5.753496265;7.35859085
5287;-0.29856047;16797;86;7.660003173;3.68695299;5.700054424;7.357399085
5288;-0.263361752;16797;87;7.668982789;3.578277501;5.753927863;7.403472668
5289;-0.283281267;16797;88;7.879733834;3.586286271;6.932918674;7.592168938
5290;-0.339847982;16797;89;8.063510723;3.695994717;6.896469976;7.712958734
5291;-0.351632893;16797;90;8.024214041;3.733251992;6.77123435;7.667934018
5292;-0.367798895;16797;91;7.868101584;3.71717242;7.025118087;7.478515627
5293;-0.367696255;16798;81;5.965377244;2.340547412;4.583845874;5.604718105
5294;-0.462415874;16798;82;6.080174862;2.421813532;4.482601519;5.619170228
5295;-0.407892376;16798;83;6.242104275;2.425876358;4.38185782;5.645903586
5296;-0.493120342;16798;84;6.222478232;2.563311365;4.281612021;5.720265549
5297;-0.46842131;16798;85;6.141040001;2.639242121;4.181861312;5.667058171
5298;-0.288727939;16798;86;6.530781533;2.65668583;4.082602217;6.241339765
5299;-0.312383622;16798;87;6.556684978;2.715898642;3.983830698;6.241568289
5300;-0.33926782;16798;88;6.56107806;2.634068908;3.885542663;6.220222193
5301;-0.400098711;16798;89;6.590399052;2.830839245;3.78773327;6.188341699
5302;-0.278259397;16798;90;6.12918743;2.783628802;3.590432331;5.84171771
5303;-0.107611962;16798;91;6.405092456;3.061601655;5.526847932;6.29397972
5304;-0.123366043;16802;89;9.860429172;4.221571233;7.331669672;9.740279162
5305;-0.115089029;16802;90;9.50428468;4.063949927;7.260284691;9.391623467
5306;-0.657631576;16803;81;6.253828812;2.478714703;3.970590927;5.612876695
5307;-0.223886788;16803;82;6.080360629;1.868377544;3.872465895;5.869278292
5308;-0.855206013;16804;81;6.41934321;3.143992229;6.120223705;5.559088166
5309;-0.807537436;16804;82;6.599472737;3.048953007;6.037059872;5.79176589
5310;-0.742280841;16804;83;6.1948788;2.603846424;5.781363;5.455687129
5311;-0.416841507;16805;81;6.586033748;2.563391895;4.225266766;6.17629842
5312;-0.417620569;16805;82;6.525279674;2.797916466;4.186660002;6.113514724
5313;-0.669766188;16805;83;6.261184481;2.256324252;4.100850364;5.603911781
5314;-0.408040911;16805;84;5.863825186;2.427367872;4.936983104;5.475001534
5315;-0.342464387;16806;81;6.768952904;2.60209286;4.908130082;6.427706147
5316;-0.271122068;16806;82;6.476995368;2.516583485;5.066899069;6.206691407
5317;-0.417613417;16807;81;6.880486827;2.272416547;4.27777177;6.46560181
5318;-0.418639958;16807;82;7.009788966;2.174537794;4.19533002;6.592600718
5319;-0.455877453;16807;83;6.776218339;2.374294329;4.261475642;6.32268555
5320;-0.528280795;16807;84;6.541971065;2.413532703;4.181611735;6.017457851
5321;-0.440755308;16807;85;6.499101927;2.262226358;4.143745497;6.062222411
5322;-0.471022278;16807;86;6.318214953;2.441834574;4.145909547;5.845499787
5323;-0.47594893;16807;87;6.330735467;2.565213344;4.061467652;5.845644915
5324;-0.079333179;16808;81;6.247268833;1.624419502;3.681027241;6.16463653
5325;-1.63088429;16811;81;7.026782007;3.706567534;3.14169564;5.38703997
5326;-1.775830626;16811;82;6.934032715;3.722159745;5.009367503;5.12806173
5327;-1.805078864;16811;83;6.993290276;3.752074747;5.320725625;5.191649251
5328;-1.596482515;16811;84;6.793927143;3.709928822;5.361722113;5.211711125
5329;-1.797298074;16811;85;6.794761538;3.588078008;5.342095705;4.98363045
5330;-1.790083528;16811;86;6.804337997;3.63395098;5.323693339;5.011519811
5331;-0.586440504;16815;81;11.5542094;7.360633736;11.16821703;11.01229696
5332;-0.64260453;16815;82;11.6323629;7.310487734;11.17067412;11.02862271
5333;-0.526485085;16815;83;11.69479034;7.308637391;11.34650703;11.19723972
5334;-0.576342165;16815;84;11.78484704;7.243687121;11.56592321;11.23998421
5335;-0.53715235;16815;85;11.72020472;7.232617586;11.59820583;11.21512887
5336;-0.603755891;16815;86;11.67250355;7.227426929;11.56285486;11.11723435
5337;-0.41485709;16815;87;11.75778911;7.260281602;11.54350059;11.38605585
5338;-0.415403515;16815;88;11.71636892;7.22709436;11.56444271;11.34726364
5339;-0.408522546;16815;89;11.88462802;7.276577254;11.70167799;11.47759706
5340;-0.441529989;16815;90;11.88274656;7.24288838;11.79157834;11.44409717
5341;-0.409767836;16815;91;11.88732154;7.310973643;11.85108924;11.52437738
5342;-0.16539225;16816;81;8.661709017;3.602912828;5.363632973;8.50400089
5343;-0.151328877;16816;82;8.603411024;3.770948939;5.289786591;8.460248886
5344;-0.281479567;16816;83;8.387360086;3.871473963;5.478798165;8.112485243
5345;-0.253124923;16816;86;8.39860297;3.366940276;5.809495894;8.153292638
5346;-0.334585279;16816;87;8.390743916;3.654541189;5.794006611;8.060580594
5347;-0.464034587;16816;88;8.530630821;3.219105748;5.784852111;8.071766848
5348;-0.289975673;16816;89;8.334587493;2.973801651;5.756459216;8.047559025
5349;-0.175518155;16816;91;8.219813862;3.322683622;5.621593436;8.048361063
5350;-0.316096961;16818;81;5.404927102;1.386294361;2.836651314;5.084120056
5351;-0.408803999;16818;82;5.544331476;1.098612289;2.75652527;5.139925222
5352;-0.196409106;16819;81;6.407209985;1.945910149;3.232889117;6.210701858
5353;-0.229355708;16819;82;6.374614646;1.791759469;3.181897371;6.145844192
5354;-0.695328236;16821;81;4.519612331;0.916290732;2.291531509;3.840591233
5355;-0.29604435;17560;81;6.328650858;2.115032478;5.676875134;6.059476438
5356;-0.185088083;17560;82;8.935991413;4.367116046;5.558845605;8.749506292
5357;-0.155946165;17560;83;9.362604508;4.36405869;7.661550059;9.205631451
5358;-0.126478493;17560;84;9.649349744;4.442494258;7.664133058;9.520274964
5359;-0.141476184;17560;85;9.814420335;4.620567621;7.681128068;9.671611464
5360;-0.136959866;17560;86;9.86463485;4.744453352;7.734200259;9.727226422
5361;-0.135528609;17560;87;9.822626647;4.795721437;7.87797307;9.684253707
5362;-0.102053918;17560;88;9.906283348;4.621561524;7.959793111;9.802587668
5363;-0.143268451;17560;89;9.516384251;4.625534388;7.862918106;9.366583198
5364;-0.11609339;17560;90;9.584823692;4.621665243;7.766923051;9.464319368
5365;-0.103608511;17560;91;9.701324392;4.670752841;7.626361499;9.594012236
5366;-0.589333832;17561;81;7.388389685;2.837700677;6.29319023;6.805718228
5367;-0.900981307;17561;82;7.545511167;2.709351755;6.247930597;6.622924038
5368;-0.299784333;17562;81;8.46812901;4.22476722;7.008429465;8.173098727
5369;-0.277424306;17562;82;8.471189951;4.16529703;7.281619107;8.196822328
5370;-0.203695863;17562;83;8.607514563;4.24588848;7.689978314;8.405240793
5371;-0.079409584;17564;81;10.83645248;5.566929678;9.286846575;10.75732251
5372;-0.264372855;17564;82;10.21106258;5.023444245;10.0277963;9.946064163
5373;-0.063365869;17564;83;9.21442207;4.888916989;10.0840332;9.164127387
5374;-0.556443155;17564;84;8.992292398;4.779603389;10.0483217;8.435950725
5375;-0.3858926;17564;85;8.902104765;4.74285943;9.991391467;8.521733844
5376;-0.140012532;17564;86;7.964551478;4.14645701;9.934963225;7.815102721
5377;-0.235661268;17565;81;8.576141133;3.987253503;8.113328511;8.353831076
5378;0.155257151;17565;82;6.90318939;3.866669708;8.008483167;7.074230714
5379;-0.227092087;17566;81;10.22360538;5.07496408;8.335511469;10.00273378
5380;-0.235862583;17566;82;10.13899267;5.311176155;8.558027592;9.909363614
5381;-0.213276327;17566;83;10.27345427;5.591158229;8.645425007;10.06786439
5382;-0.254397482;17566;84;10.27825489;5.107770054;8.680587236;10.02407014
5383;-0.228419855;17566;85;10.1267964;4.817653727;8.679787255;9.909097762
5384;-0.277277529;17566;86;9.857931469;5.133721805;9.18473346;9.597390608
5385;-0.161698803;17566;87;9.861695952;5.221315019;9.128553851;9.705039115
5386;-0.047597628;17566;88;9.823861408;3.81940872;9.128991343;9.782084876
5387;-0.456480533;17566;89;9.031073052;3.747492382;9.079099991;8.579261807
5388;-0.226458952;17566;90;8.938008308;3.406856654;9.007976969;8.714054688
5389;-0.089468345;17568;81;7.029884434;1.791759469;6.318673232;6.9427697
5390;-0.115303248;17568;82;7.07795059;2.319392235;6.32915511;6.967014194
5391;-0.125776634;17570;81;10.9823766;4.836411719;9.589402481;10.87159207
5392;-0.230628014;17570;82;11.1626909;5.089235875;9.727362927;10.93262604
5393;-0.20613347;17570;83;11.43968427;4.978453874;9.820814337;11.23199099
5394;-0.288607717;17570;84;11.43740393;5.002869111;9.886242342;11.15375522
5395;-0.212973312;17570;85;11.23135934;4.993648882;9.991368302;11.02301532
5396;-0.23298274;17570;86;11.14480548;5.006633156;9.927705586;10.91812894
5397;-0.188571379;17570;87;11.12818604;4.860066212;9.879693023;10.93347186
5398;-0.374877691;17570;88;11.1532122;4.863198257;9.8295725;10.77301853
5399;-0.275729537;17570;89;10.00657441;4.428544292;9.819177354;9.717033014
5400;-0.315028638;17570;90;10.18210617;4.748782394;9.81479689;9.849147063
5401;-0.188042358;17570;91;10.85259981;4.791511211;9.854699854;10.65359484
5402;-0.237514094;17571;81;8.837521514;3.965737028;6.101887666;8.606729633
5403;-0.248164639;17571;82;9.019025094;3.882634093;6.605633599;8.777960177
5404;-0.315265924;17571;83;8.940938949;3.993335963;6.924865387;8.636016224
5405;-0.289356381;17571;84;8.938973952;3.926228347;6.979433247;8.664061448
5406;-0.207996547;17571;85;9.090930672;3.364958176;7.112361071;8.912167131
5407;-0.260565698;17571;86;8.795405001;3.338196577;7.211536823;8.541430861
5408;-0.174080193;17571;87;9.031025385;3.362748384;7.261916556;8.866100624
5409;-0.22965841;17571;88;9.120386495;3.267950343;7.25255716;8.900555803
5410;-0.217920557;17571;89;9.09737309;3.093156767;7.165419796;8.878887082
5411;-0.222850099;17571;90;9.032572144;3.085746573;7.181066579;8.809185687
5412;-0.241022512;17571;91;9.241002176;3.025261187;7.165329884;8.998947638
5413;-0.376563787;17572;81;7.659737222;2.623392979;7.518812899;7.283656632
5414;-0.880521715;17574;81;6.630551483;2.912775146;6.679379098;5.746809361
5415;-1.381703734;17574;82;6.840926833;2.321023297;6.629680151;5.451366169
5416;-1.896387696;17575;81;7.50659178;3.723675578;8.444850127;5.644098687
5417;-0.402326018;17575;82;6.635828483;2.539567081;8.441982298;6.150172892
5418;-0.166933417;17575;83;7.392304553;3.754121926;8.464005938;7.216745247
5419;-0.110220306;17578;81;8.195830246;2.97305427;5.135660291;8.088651152
5420;-0.125466689;17578;82;8.154307806;2.994317546;5.196301319;8.030571541
5421;-0.124334276;17578;83;8.086073831;3.10096846;5.136592118;7.962490425
5422;-0.16856873;17578;84;7.861239054;2.918056484;6.084196138;7.688788576
5423;-0.164768875;17578;85;7.810248428;2.888919742;6.203599977;7.638672889
5424;-0.192872852;17578;86;7.526559982;2.816133409;6.158847217;7.323573751
5425;-0.22289151;17578;87;6.754192775;2.128873935;6.119982737;6.520317434
5426;-0.076389849;17580;87;9.960435386;3.315083997;7.193073353;9.887305371
5427;-0.139479816;17580;88;9.682918322;3.103129669;8.54592698;9.541712922
5428;-0.129702583;17580;89;10.12667376;3.546005523;8.74725153;9.997305497
5429;-0.124686532;17580;90;10.01373637;3.37046732;8.772903078;9.892298923
5430;-0.090079628;17580;91;9.789141365;3.497664133;8.641599212;9.703963725
5431;-2.246488094;17584;81;10.31027509;6.056892784;6.625509817;8.108674255
5432;-2.646378994;17584;82;10.26645466;4.534748589;6.718318085;7.672041691
5433;-1.951908469;17584;83;10.12214967;4.516190626;6.696934326;8.191904841
5434;-1.657022715;17584;84;10.07465386;4.847328162;6.62651223;8.434148864
5435;0.304135114;17584;85;7.694264832;4.367699;6.569686334;8.066168167
5436;0.627537489;17584;86;7.423190793;4.444085272;6.59756703;8.033809114
5437;0.525842369;17584;87;7.46966162;4.795990907;6.534428083;7.98940518
5438;-0.276966184;17585;81;9.627068506;2.681701372;7.260241531;9.35421088
5439;-0.425872684;17585;82;9.260038327;2.780846493;7.256423782;8.843800312
5440;-0.352774978;17585;83;8.942471969;2.897619317;7.336892567;8.605086195
5441;-0.278243273;17585;84;8.809084386;2.856287764;7.263242616;8.55002154
5442;-0.306430012;17585;85;8.852394741;3.02708711;7.217150796;8.567046964
5443;-0.202018529;17585;86;8.83094305;3.179829901;7.269474182;8.642793767
5444;-0.241289303;17585;87;8.750192236;2.889673531;7.222581523;8.511839432
5445;-0.335607916;17585;88;9.047540957;2.888066509;7.273613356;8.719776031
5446;-0.29782337;17585;89;8.976258615;2.769960581;7.339774357;8.687129364
5447;-0.218191862;17585;90;8.719839668;2.564540001;7.475739207;8.510315099
5448;-0.265413225;17585;91;8.57420689;2.806777591;7.438436234;8.337494208
5449;-0.289357007;17586;81;6.082675455;2.27282102;4.394769161;5.889383442
5450;-0.199666232;17589;81;6.935564932;1.946716904;5.523032924;6.73918652
5451;-0.236470133;17589;82;7.242070912;2.565811328;5.995411824;6.997270781
5452;-0.228628471;17589;83;7.211102493;2.522420413;6.132533048;6.968023679
5453;-0.215948746;17589;84;7.21436958;2.151110987;6.092525979;6.980190623
5454;-0.107246093;17589;85;8.725243171;2.982531937;6.053237263;8.61273337
5455;-0.166537866;17589;86;7.33469645;2.486373993;6.115410735;7.154386258
5456;-0.179645956;17589;88;6.995504655;2.169268935;6.033514108;6.823968301
5457;-0.172548324;17589;89;7.437726504;2.420286321;6.036514262;7.256747687
5458;-0.117053933;17589;90;7.534463827;2.302612177;6.047395626;7.406340819
5459;-0.208234414;17589;91;7.532447229;2.567783472;6.003994739;7.292570155
5460;-0.522885203;17590;81;7.202735636;2.545060607;6.400185965;6.743009823
5461;-0.056952596;17590;82;7.255179288;2.405203472;6.352312474;7.20548627
5462;-0.333755463;17590;83;6.83607445;2.546003659;6.305177054;6.52369342
5463;-0.346630096;17592;81;7.174800858;2.577160826;5.410615553;6.832725129
5464;-0.844288528;17593;81;6.651830254;4.875780947;7.58603349;5.95060361
5465;-0.069818564;17593;82;5.957176637;4.745452716;7.61812746;6.049174986
5466;-0.436748326;17593;83;6.258867693;4.734962727;7.649959399;5.963600211
5467;-0.46916607;17593;84;5.830858675;3.273130318;7.605919455;5.662122061
5468;-1.080256343;17593;85;6.141691874;3.584178452;7.592893606;5.327395105
5469;-1.186312199;17593;86;6.79377133;3.072464159;7.57807485;5.713683452
5470;-1.084172726;17593;87;6.95440518;2.788471372;7.587887158;5.934588489
5471;-1.134544253;17593;88;6.416258649;2.523274081;7.571600237;5.341628448
5472;-0.415486246;17593;89;6.76626892;2.736274253;7.541394687;6.255120514
5473;-1.040024996;17593;90;6.933136964;2.719389703;7.49195894;5.965061446
5474;-0.091704547;17596;81;9.17850911;3.079850153;6.826508152;9.088256156
5475;-0.097993329;17596;82;9.323979765;3.343584422;6.708999192;9.228103735
5476;-0.424529105;17596;83;8.157622877;3.420593661;6.850263874;7.742432963
5477;-0.264204979;17596;84;8.101119027;3.173646342;6.931600901;7.849779811
5478;-0.111026555;17596;85;9.014496788;2.822719217;6.926469093;8.90859054
5479;-0.109992534;17596;86;9.066918376;2.784160156;7.729674589;8.961789365
5480;-0.112744339;17596;87;8.829937616;2.886711222;7.960362146;8.71752133
5481;-0.108418494;17596;88;8.813096407;2.588507639;8.072693202;8.709438247
5482;-0.198125139;17596;89;8.276997234;2.752890114;8.046241222;8.086608423
5483;-0.197037712;17596;90;8.777100865;3.185263307;7.990273169;8.58728326
5484;-0.209317178;17596;91;8.464799374;3.155128576;8.323756575;8.25941087
5485;-0.151577011;17597;81;8.849657407;3.354927718;8.160839485;8.702040689
5486;-0.124087676;17597;82;8.902455592;3.183679121;8.222001023;8.781701265
5487;-0.411969185;17597;83;9.257912719;3.280688849;8.231017991;8.854122355
5488;-0.20694086;17597;84;9.106092302;3.618276131;8.183750599;8.905941352
5489;-0.22405456;17597;85;9.082896773;3.415706607;8.49925126;8.863546347
5490;-0.144581884;17597;86;9.001239483;4.270269224;8.527683773;8.860600726
5491;-0.134639025;17597;87;9.204754586;3.391847215;8.459273861;9.070423906
5492;-0.115411215;17597;88;8.907178557;3.231917999;8.427314212;8.795097736
5493;-0.152002349;17597;89;8.875248218;3.398494261;8.383348468;8.727351549
5494;-0.314756691;17598;81;9.132054454;2.652132992;6.276144988;8.822544989
5495;-0.073776387;17598;82;8.968780225;2.700160758;6.676944239;8.896882387
5496;-0.188894376;17598;83;9.179934622;3.177574812;6.630659632;8.99490368
5497;-0.079882644;17598;84;8.781806577;3.053308304;6.581618691;8.708015623
5498;-0.067586206;17598;85;8.958997449;2.770718189;6.553509111;8.896589542
5499;-0.063846327;17598;86;8.654768046;2.542908184;6.518765881;8.598180855
5500;-0.073144205;17598;87;8.702521292;2.484368474;6.476438491;8.630003641
5501;-0.064007655;17598;88;8.65391894;2.499958683;6.684860262;8.598592971
5502;-0.064334519;17598;89;8.437546426;2.85880068;6.658552224;8.38622514
5503;-0.077679075;17598;90;8.237515328;2.560864729;6.635207453;8.172963709
5504;-0.061050348;17598;91;8.351979803;2.174874846;6.600918426;8.29519626
5505;-0.150332987;17599;81;10.2091434;3.568698811;8.690839532;10.06292041
5506;-0.15780136;17599;82;9.983540777;3.354224223;8.712058065;9.828607828
5507;-0.280227095;17599;83;9.884812098;3.456585262;8.771492419;9.615216961
5508;-0.104100965;17599;84;10.18174764;3.395252469;8.701115842;10.08223764
5509;-0.182692721;17599;85;9.867201358;3.134223031;8.674334985;9.691677966
5510;-0.066860937;17599;86;9.811753928;3.412930067;8.624394833;9.749527935
5511;-0.091417201;17599;87;9.902680489;3.002324988;8.594997518;9.811642816
5512;-0.063136838;17599;88;10.24149843;3.11080507;8.624816545;10.18184642
5513;-0.058547024;17599;89;9.893312821;3.019696293;8.581218458;9.838437651
5514;-0.098207138;17599;90;9.894862081;3.326312895;8.550634106;9.799620171
5515;-0.065379567;17599;91;10.02552455;2.703202515;8.519050353;9.961373501
5516;-0.072555751;17600;81;9.791236708;4.404499516;7.504825769;9.719157457
5517;-0.033573911;17600;82;9.892103468;3.074296251;7.596205288;9.859019086
5518;-0.04541035;17600;83;9.206272931;2.878493304;7.763556884;9.162538611
5519;-0.744538128;17600;84;5.58452695;2.393772287;7.569237742;5.096041261
5520;-0.864080846;17600;85;5.358193345;2.124371375;7.628042532;4.775635657
5521;-1.433294415;17601;81;6.68922608;2.890371758;8.620101298;5.301904446
5522;-0.384669393;17601;82;6.000952324;2.271649702;9.083653582;5.57581084
5523;-0.567005754;17601;83;6.696457261;2.665326508;7.714613849;6.071259492
5524;-0.42230162;17601;84;6.921922876;3.649381534;7.740283682;6.525123533
5525;-0.431986302;17602;81;8.379240656;3.05714089;8.192527573;7.965581346
5526;-0.387997925;17602;82;8.54670819;3.124194255;8.161305465;8.170495651
5527;-0.106473513;17602;83;8.710783214;2.60882092;8.005616798;8.614818693
5528;-1.616499901;17604;81;7.207859871;4.165089844;7.610643557;5.609830899
5529;-0.256486565;17604;82;12.03990433;6.540426864;8.055846669;11.78363093
5530;-0.172937185;17604;83;11.88802092;4.747080446;8.097964437;11.71514347
5531;-0.15358986;17604;84;11.91333804;4.451216033;8.200481101;11.76000116
5532;-0.217528775;17604;85;12.50235548;3.187053645;8.557472633;12.28505984
5533;-0.488541603;17604;86;14.15984741;3.116644225;8.499080335;13.67144834
5534;-0.64160645;17604;87;11.54172837;0.60323451;8.573253553;10.90050847
5535;-0.420296729;17607;81;6.11301827;2.384479646;4.089874314;5.700277091
5536;-0.377618313;17607;82;5.983507636;2.089688544;3.974866126;5.608872107
5537;-0.398875296;17609;81;5.712081277;0.693147181;5.566058899;5.315434809
5538;-0.500309408;17610;81;6.649632009;2.796419377;3.989511042;6.155128634
5539;-0.280590415;17610;82;6.24112284;1.609437912;3.901601612;5.970778502
5540;-0.59928894;17611;81;7.726741823;3.42540631;6.566493944;7.13128645
5541;-0.518510878;17611;82;7.276576832;3.089609789;6.518413156;6.76765001
5542;-0.569680333;17615;81;4.957937527;1.386294361;1.975722356;4.38936222
5543;-0.567121923;17615;82;4.930494128;1.609437912;1.946567559;4.381133692
5544;-0.657975316;17617;81;9.190943502;4.908505435;6.357914618;8.535072824
5545;-0.651310742;17617;82;9.104484291;5.186981409;6.369685246;8.452558832
5546;-0.579090834;17617;83;8.870319846;4.790026826;7.076517508;8.290510854
5547;-0.743857801;17617;84;8.620046671;4.237658693;7.04059753;7.876690345
5548;-0.478421181;17617;85;8.586270591;4.190476414;7.011262198;8.109018532
5549;-0.603317499;17617;86;8.669994161;4.501466673;6.993292741;8.066454744
5550;-1.079890251;17617;87;8.874071865;4.540412891;7.223167636;7.792329973
5551;-0.53118813;17617;88;8.998425534;5.152682469;7.218792907;8.465340633
5552;-0.625619709;17617;89;8.885730622;4.503468385;7.165666283;8.258793981
5553;-0.478883415;17617;90;8.825632528;4.355117027;7.145867777;8.346150909
5554;-0.430917948;17617;91;8.720310917;4.591146609;7.158175468;8.293009549
5555;-0.249053419;17619;81;6.595917083;2.197224577;4.727983747;6.366490793
5556;-0.222892553;17619;82;6.957870365;2.197224577;4.683516697;6.73512008
5557;-0.33239457;17620;81;6.612041035;3.258096538;4.267720497;6.285590656
5558;-0.421735048;17622;81;6.254789888;1.945910149;4.363787948;5.833088313
5559;-0.383963078;17622;82;6.023027352;1.791759469;4.338764372;5.640840985
5560;-0.686418235;17623;81;5.585749431;1.811863094;3.136090126;4.901938622
5561;-0.494255275;17623;82;5.08757307;1.609437912;3.054843695;4.591805982
5562;-0.443037152;17625;81;5.480638923;1.609437912;3.320014283;5.030498955
5563;-0.383904368;17625;82;5.247079886;1.609437912;3.208346958;4.856477595
5564;-0.747807384;17627;81;6.427297192;2.802091826;1.018574429;5.710265726
5565;-1.507956386;17627;82;7.298899912;2.790932291;0.938448385;5.823533516
5566;-1.170414805;17627;83;7.141772118;2.826694705;2.301000166;5.945826202
5567;-0.915616453;17627;84;7.038177504;2.898328314;2.22087421;6.093875175
5568;-0.91634953;17627;85;7.006561869;2.874509075;3.684658178;6.057578013
5569;-0.889484406;17627;86;6.959781691;3.409084428;3.789257859;6.031646102
5570;-1.003422737;17627;87;6.925946897;3.385902907;3.801039785;5.872204181
5571;-0.648016453;17627;88;6.808217082;3.538563702;3.720913743;6.115952081
5572;-0.659068704;17627;89;6.872061435;3.610970905;4.808810199;6.172571912
5573;-0.621518552;17627;90;6.890732673;3.616364257;5.100740449;6.222762626
5574;-0.611574411;17627;91;6.861626655;3.525271958;5.024790715;6.221861999
5575;-0.468248039;17628;81;5.958424693;2.177835479;2.97933751;5.509428738
5576;-0.440899909;17628;82;5.906325556;2.190195405;2.897113289;5.472966438
5577;-0.236944273;17631;81;8.305409856;3.996992568;6.174636293;8.074916515
5578;-0.279060453;17631;82;8.396028431;3.896041486;6.160982728;8.123519762
5579;-0.343556911;17631;83;8.198813817;3.852317675;6.593400147;7.863390289
5580;-0.356148034;17631;84;8.268219193;3.835379779;6.575418158;7.921084366
5581;-0.295963407;17631;85;8.350577878;3.923152855;6.495010872;8.063959639
5582;-0.350553513;17631;86;8.225240228;3.84778579;6.742327712;7.886595067
5583;-0.319307894;17631;87;8.149394526;3.960054156;6.790359192;7.838587041
5584;-0.39894715;17631;88;8.044480192;3.969944716;6.700658961;7.652589048
5585;-0.407775789;17631;89;7.9705001;3.984898294;6.634176492;7.570700448
5586;-0.429884613;17631;90;7.850000308;4.161717793;6.621566151;7.422600523
5587;-0.468850434;17631;91;7.690248288;4.011250341;6.530010392;7.223273776
5588;-0.559399545;17633;81;7.148188537;2.944438979;4.935530841;6.594082763
5589;-0.435648054;17633;82;7.151035539;3.091042453;4.610157044;6.719932682
5590;-0.587901413;17633;83;7.655864826;2.564949357;4.591569663;7.070713321
5591;-0.253251165;17633;84;7.167732193;2.197224577;4.565581326;6.921434905
5592;-0.280422419;17633;85;7.136583521;2.079441542;4.475966052;6.869816722
5593;-0.562353909;17633;86;7.046904665;2.079441542;4.386640057;6.498390426
5594;-0.502751827;17633;87;6.946898639;2.079441542;4.522375702;6.451109496
5595;-0.551422834;17633;88;7.402991462;2.995732274;6.026158207;6.855318046
5596;-0.524465203;17633;89;7.580087906;2.63905733;6.008996424;7.058113481
5597;-0.494014621;17633;90;7.47306132;2.70407177;6.028364775;6.983071314
5598;-0.515299678;17633;91;7.441938784;2.637223573;6.010017342;6.932289009
5599;-0.116010122;17635;81;7.501303108;2.649894263;5.404476712;7.385224714
5600;-0.263902664;17635;82;7.420081875;2.665961574;5.922664354;7.155922752
5601;-0.244681671;17635;83;7.436808661;2.913841618;5.966870292;7.192273998
5602;-0.226496249;17635;84;7.593046671;2.825777286;6.216801675;7.367267897
5603;-0.210356176;17635;85;7.454408085;2.830731162;6.109625116;7.245446952
5604;-0.234821543;17635;86;7.335858203;2.886205495;6.063740496;7.101757717
5605;-0.248830706;17635;87;7.063711178;2.746332413;6.223417993;6.814890824
5606;-0.257057697;17635;88;7.121475862;2.674950269;6.148850084;6.863534788
5607;-0.26745984;17635;89;7.110439792;2.736423139;6.185679513;6.841405874
5608;-0.260581255;17635;90;6.98425031;2.75959701;6.026268297;6.721266997
5609;-0.282977879;17635;91;6.856342863;2.708650899;6.096478277;6.569308915
5610;-0.080706976;17636;81;7.274618115;1.791759469;4.81493175;7.19552591
5611;-0.107393339;17636;82;6.871195948;1.097489343;4.75430414;6.767805242
5612;-0.350451469;17638;81;7.598599823;3.448334356;4.969172119;7.249674776
5613;-0.382719964;17638;82;7.574732801;3.494761797;4.920136286;7.196394016
5614;-0.329348773;17638;83;7.557119122;3.186454884;4.872951528;7.233555009
5615;-0.461443663;17638;84;7.492319527;3.181401261;4.830672282;7.03412418
5616;-0.453697383;17638;85;7.303229728;3.038726681;4.745872888;6.854945943
5617;-0.484702051;17638;86;7.12750068;3.152819714;4.661163812;6.645123193
5618;-0.444404364;17638;87;7.113582777;3.307956104;4.576543656;6.66866145
5619;-0.423638195;17638;88;6.97733782;3.25767654;4.49201092;6.556081411
5620;-0.41671589;17638;89;6.800861335;3.314670077;4.407564543;6.39019489
5621;-0.431146413;17638;90;6.636109143;3.219873023;4.323203055;6.217137977
5622;-0.442523211;17638;91;6.521799966;3.174595955;4.238924947;6.079543514
5623;-0.804468811;17639;81;6.312641839;1.738237583;2.790131282;5.512341952
5624;-0.886882782;17639;82;6.207673772;1.54722477;2.710005292;5.326741783
5625;-0.936935067;17641;81;5.33753808;1.791759469;5.035899985;4.39739954
5626;-0.91558373;17641;82;4.743351595;1.609437912;4.954935956;3.821912237
5627;-0.913395286;17641;83;5.587643366;2.197224577;4.873991152;4.659844812
5628;-0.785313666;17643;81;5.144583267;1.309063029;3.946155635;4.422948722
5629;-0.915658295;17643;82;5.260240805;1.716594585;3.852067877;4.366512025
5630;-0.387093842;17644;81;5.796057751;1.386294361;4.582374641;5.409495385
5631;-0.413873017;17644;82;5.841492239;1.386294361;4.605599934;5.429718396
5632;-0.203387842;17645;81;7.624325986;3.041994734;4.950341873;7.430432296
5633;-0.275052547;17645;82;7.30846414;3.049687256;5.377012661;7.041244831
5634;-0.29052344;17645;83;7.131001755;3.096069704;5.346391855;6.851510718
5635;-0.282651544;17645;84;7.105794741;2.927540542;5.316531445;6.825969262
5636;-0.299179614;17645;85;7.476041102;3.244961227;5.287413562;7.180448843
5637;-0.29378143;17645;86;7.283145774;3.244416764;5.259020405;6.988980243
5638;-0.285581589;17645;87;6.825350816;2.911808043;5.231334454;6.544177906
5639;-0.234316856;17645;88;6.775252933;2.775667446;5.204338134;6.546929625
5640;-0.315732837;17645;89;6.836996082;2.794215555;5.178013963;6.527553523
5641;-0.319386721;17645;90;6.763869473;2.644108765;5.152345102;6.444372069
5642;-0.306886256;17645;91;6.492323986;2.207113968;5.127314386;6.183456815
5643;-0.278554112;17647;81;4.901564199;0;5.185918266;4.920862095
5644;-0.151006132;17648;81;7.125765659;2.302585093;3.456643007;6.971705706
5645;-0.17429693;17648;82;6.866383499;2.209980391;3.83069938;6.69490638
5646;-0.149138242;17648;83;7.045918202;2.116766829;3.765540149;6.901534309
5647;-0.169691652;17648;84;6.917421;2.117719677;3.72208161;6.765376408
5648;-0.717491806;17649;81;7.164797696;2.509765498;4.17941856;6.450075303
5649;-0.334791183;17650;81;6.139022125;1.791759469;4.203701104;5.808433785
5650;-0.43496576;17650;82;5.814722033;1.098612289;4.223059716;5.385092357
5651;-0.913142145;17651;81;6.130791586;2.944438979;4.656084006;5.252814769
5652;-0.927689254;17651;82;6.071780068;2.833213344;4.644129265;5.18395514
5653;-0.744828522;17651;83;6.643147704;2.817536563;4.542267452;5.923093333
5654;-0.586558282;17651;84;6.608402092;2.685671321;4.440842622;6.061105585
5655;-0.526667058;17651;85;6.152524764;2.819275823;5.241921547;5.672089428
5656;-0.721398592;17651;86;6.589721382;3.165902332;5.231611622;5.889908178
5657;-0.590363264;17651;87;6.700346056;3.003353439;5.166026137;6.149234724
5658;-0.615589559;17651;88;6.832331293;3.151943653;6.124944259;6.244418358
5659;-0.497423381;17651;89;7.060951541;3.152001326;6.147087205;6.593023631
5660;-0.504814088;17651;90;7.003262971;3.29446829;6.337176757;6.553170086
5661;-0.573183239;17651;91;7.066701189;3.567983913;6.78932016;6.549342638
5662;-0.476082683;17653;81;6.559898501;3.132649385;4.748786227;6.093523131
5663;-0.360524654;17657;81;6.117215766;1.644641523;3.519690659;5.754910264
5664;-0.200770289;17657;82;5.892974214;1.387047123;3.432826864;5.687565465
5665;-0.558938503;17658;81;5.217649463;1.386294361;3.977139119;4.68204836
5666;-0.677512467;17658;82;5.590851464;1.609437912;3.888379211;4.932488321
5667;-0.327036351;17660;81;8.61244886;4.712235935;7.10231146;8.284823617
5668;-0.367994785;17660;82;8.546108867;4.040122986;7.491604964;8.179927779
5669;-0.302797198;17660;83;8.701169791;4.017644786;7.598783823;8.39898432
5670;-0.361521631;17660;84;8.984624301;4.040161714;7.725379296;8.624269724
5671;-0.457486749;17660;85;8.696861818;4.57596613;7.764275894;8.241427209
5672;-0.581406951;17660;86;8.417555635;4.551705056;7.853465999;7.836378442
5673;-1.194997907;17660;87;8.015996919;4.501977458;7.841915283;6.823629162
5674;-0.969660461;17660;88;7.985390452;4.366700494;7.968909558;7.010598163
5675;-1.272637129;17660;89;7.688904059;4.37853879;7.956986079;6.40727422
5676;-1.070957184;17663;81;9.800224878;6.066977711;9.664783623;8.749784936
5677;-1.03772068;17663;82;10.23657012;6.233543351;9.829111005;9.206678304
5678;-0.740280271;17663;83;10.40560214;6.264298387;9.770092981;9.685719967
5679;-0.954462111;17663;84;10.25744628;6.223999892;9.874163131;9.341379514
5680;-0.797730863;17663;85;10.22778081;6.423427278;9.836247051;9.467526363
5681;-1.014998436;17663;86;9.900997933;6.305754013;9.541721336;8.911558776
5682;-1.017760038;17663;87;10.01386572;6.418903951;9.501645731;9.03695947
5683;-0.793178141;17663;88;10.05300525;6.480437188;9.431061774;9.286429723
5684;-0.496605277;17663;89;10.22781512;6.380223085;9.534546278;9.75954343
5685;-0.653096616;17663;90;10.06052936;6.154055503;9.465305031;9.410416626
5686;-0.706721544;17663;91;10.17666499;6.078088988;9.394205171;9.466997728
5687;-0.936219871;17664;81;9.768194565;5.314960478;9.043076402;8.837690997
5688;-0.863881648;17664;82;9.707910838;5.419056505;9.139636006;8.836996792
5689;-1.071223736;17664;83;9.735979405;5.2678978;9.3932908;8.659069744
5690;-0.070823297;17665;81;9.016937645;3.51303343;5.446696198;8.948030559
5691;-0.181207761;17665;82;8.277585129;2.815795985;5.340736132;8.095706847
5692;-1.186534524;17675;81;8.112227958;2.525728644;6.919670702;6.927136735
5693;-0.76619941;17675;82;7.551799533;2.374770634;6.84593065;6.789298654
5694;-0.665094793;17675;83;7.422783242;2.241522478;6.789097311;6.76209687
5695;-0.610369384;17675;84;7.249612769;2.079622843;6.733387214;6.644690391
5696;-0.50859952;17675;85;7.314299069;2.073807725;6.674696708;6.810560995
5697;-0.562102735;17675;86;6.925870177;2.20419069;6.611442317;6.368989743
5698;-0.527639866;17675;87;6.724293986;2.087717401;6.611424505;6.19968393
5699;-0.70553416;17675;88;5.829400316;2.398034066;6.551541306;5.137937405
5700;-0.290467113;17675;89;6.302226306;1.869380582;6.493862885;6.024349118
5701;-0.343394309;17675;90;6.904233643;2.310266923;6.438365036;6.56281222
5702;-0.377272904;17675;91;6.698759977;2.595737306;6.385017042;6.328576685
5703;-0.524552643;17677;81;5.499215309;2.079441542;5.240159487;4.991620924
5704;-0.474563986;17677;82;5.794163311;2.079441542;5.27310433;5.32303082
5705;-0.32975328;17677;83;6.16021417;2.197224577;5.231810601;5.829407045
5706;-0.299626619;17679;81;6.036198849;1.609437912;4.000730039;5.739552373
5707;-0.374339789;17679;82;5.810838513;1.386294361;4.325550011;5.439240956
5708;-0.603618622;17680;81;7.520234556;3.515834764;5.707450057;6.914920344
5709;-0.409580708;17680;82;7.372458555;2.656027096;5.67575448;6.971693683
5710;-0.356726915;17680;83;7.418993659;3.249900248;6.21402034;7.062113282
5711;-0.574181318;17692;83;8.086364;4.309483752;7.009325233;7.517797726
5712;-0.363250047;17692;84;8.364496613;3.625469853;6.921643617;8.00658068
5713;-0.407254279;17693;83;7.926331275;3.616036486;6.810300712;7.518354959
5714;-0.310560644;17693;84;7.740914243;3.390329917;6.444574609;7.43094367
5715;-0.371172458;17693;85;7.612964973;3.507566833;6.42669248;7.243016543
5716;-0.404116035;17693;86;7.703387434;3.855254512;6.463975768;7.300466055
5717;-0.397227794;17693;87;7.862721484;4.028337475;6.420124446;7.466046669
5718;-0.434681177;17693;88;8.09333919;4.291770315;6.682971207;7.658516234
5719;-0.312428176;17693;89;8.482754689;3.969446637;6.948829742;8.169672785
5720;-0.350737691;17693;90;8.716714132;4.445418958;7.502756188;8.361329799
5721;-0.365148127;17693;91;8.619127512;4.51799056;7.472928559;8.250585277
5722;-0.275137365;18448;81;6.191339471;1.791759469;4.950119811;5.92470008
5723;-0.064881392;18449;81;6.578556526;1.320128502;5.707421475;6.512582059
5724;-0.078191727;18449;82;5.14551082;-0.182321581;5.672775269;5.069924389
5725;-0.888516009;18450;81;8.281040398;2.752632573;6.214227167;7.395338764
5726;-0.167784125;18450;82;7.790564562;3.168266854;6.966845061;7.619634424
5727;-0.176726013;18450;83;7.918836969;3.287728153;6.906491786;7.731819353
5728;-0.218950659;18450;84;7.955489055;3.887935941;6.859409425;7.724566281
5729;-0.199214682;18450;85;7.785533968;3.410708775;6.820417144;7.568233353
5730;-0.2361148;18450;86;7.714369554;3.138204035;6.769401101;7.473163965
5731;-0.327299327;18450;87;7.435280288;3.165264687;6.7141769;7.091380612
5732;-0.2346901;18450;88;7.073242096;3.006974178;6.600853139;6.823352136
5733;-0.343433887;18450;89;6.865411525;2.627639514;6.644854579;6.499309568
5734;-0.317495912;18450;90;6.549111671;2.983210855;6.58893588;6.209487282
5735;-0.330094427;18450;91;6.3454044;3.13582662;6.535571816;5.998375654
5736;-0.270596385;18451;81;8.181076878;2.462791867;4.082008024;7.912909139
5737;-0.250953287;18451;82;7.911960837;2.609598623;4.033377807;7.66271686
5738;-0.195922405;18451;83;7.9994694;3.062850105;5.561120284;7.801216091
5739;-0.155660376;18451;84;8.187621185;3.137243383;5.844048051;8.028526167
5740;-0.121780187;18451;85;8.142054046;3.188036727;5.802066928;8.014767331
5741;-0.082833961;18451;86;8.148961984;3.248178528;6.000353073;8.063478825
5742;-0.138169572;18451;87;8.244162314;3.441099397;6.00195589;8.106430065
5743;-0.14884983;18451;88;8.192580199;3.494066415;6.023681878;8.043821945
5744;-0.167028293;18451;89;8.046929528;3.17560203;6.263789276;7.876124475
5745;-0.237827435;18451;90;8.164970584;3.563789678;6.287635496;7.921623328
5746;-0.214347661;18451;91;8.078617445;3.546211888;6.47049929;7.856210071
5747;-0.098410279;18452;81;8.488587934;3.091042453;6.446024174;8.390590308
5748;-0.144892707;18452;82;8.806035674;3.547435017;6.787225149;8.659661387
5749;-0.157187447;18452;83;8.949935983;3.89785218;6.955890699;8.791820745
5750;-0.169121429;18452;84;9.004599564;3.886503213;6.916000975;8.836544247
5751;-0.180951297;18452;85;8.864410851;4.007415926;6.946442966;8.688259259
5752;-0.162036717;18452;86;8.631865839;4.059713151;6.94342284;8.470512597
5753;-0.167984203;18452;87;8.495601406;3.889487266;6.90805272;8.325157298
5754;-0.173119232;18452;88;8.15877468;3.995665792;6.851597556;7.984128033
5755;-0.180649847;18452;89;8.097466344;3.69749823;6.784132433;7.91514287
5756;-0.207331076;18452;90;7.890695462;3.580872597;6.713739265;7.682188422
5757;-0.20057483;18452;91;7.862557996;3.451666056;6.737856676;7.661881109
5758;-0.330217808;18453;81;7.508458183;3.29957963;5.287753572;7.174635884
5759;-0.211044416;18453;82;7.436055886;2.788254874;5.538313054;7.220193617
5760;-0.348612815;18453;83;7.315592409;3.026775779;6.006922609;6.964193415
5761;-0.290539056;18453;84;7.146645487;2.436348297;5.987202318;6.852625998
5762;-0.248433739;18453;85;6.98868375;2.62632828;5.857671192;6.740726324
5763;-0.275089979;18453;86;6.874465765;2.482443457;5.890782857;6.607034139
5764;-0.288642794;18453;87;6.802829917;2.725022473;5.79710454;6.50734749
5765;-0.223789707;18454;81;8.300305059;2.918218601;5.815851699;8.080788886
5766;-0.268857837;18454;82;8.293614975;2.94054705;6.200067531;8.023042543
5767;-0.26853019;18454;83;8.074439268;3.113408153;6.460739685;7.802109399
5768;-0.310979992;18455;81;8.083606318;3.73501033;7.688514964;7.774929827
5769;-0.21336405;18455;82;9.647310582;3.570962025;8.208259419;9.434572315
5770;-0.139387861;18455;83;9.820345597;3.465887764;8.05109365;9.679814381
5771;-0.086679339;18455;84;9.570437033;3.720880677;8.041580501;9.482759461
5772;-0.127282858;18455;85;9.874675868;3.682131618;8.052767725;9.744619808
5773;-0.071240403;18455;86;8.758752686;3.415336141;8.004984858;8.68456171
5774;-0.180939808;18455;87;7.89539227;3.316245553;7.966168446;7.710046069
5775;-0.156422362;18455;88;7.828662584;3.388419121;7.920603282;7.67431253
5776;-0.15825282;18455;89;7.79896946;3.242487755;7.876287244;7.649228649
5777;-0.133729234;18455;90;7.744785061;3.122718133;7.833223205;7.560943549
5778;-0.58213532;18456;81;8.031807884;2.486999442;5.511579555;7.448433389
5779;-0.503748894;18456;82;7.979141557;2.487459157;5.426692034;7.477107001
5780;-0.392096221;18457;81;8.272749379;4.265728916;7.177591745;7.887189333
5781;-0.171589032;18458;81;9.430672005;3.683717169;7.728891161;9.268716604
5782;-0.445602477;18459;81;7.387276007;2.943247281;6.570103306;6.951469337
5783;-0.429271519;18459;83;7.453726858;3.056013424;6.431848125;7.037800821
5784;-0.446171284;18459;84;7.993863117;3.427514665;6.897205563;7.561765776
5785;-0.293917358;18459;85;8.179395106;3.552776158;6.921361211;7.89330649
5786;-0.307214886;18459;86;8.205844524;3.796425709;7.167484991;7.905484319
5787;-0.330313921;18459;87;8.368514395;4.055828501;7.346914303;8.038974426
5788;-0.270061195;18459;88;8.387339626;3.897508773;7.323925255;8.12927806
5789;-0.279127836;18459;89;8.2450071;3.972624577;7.276628325;7.979411968
5790;-0.35684374;18459;90;8.137691254;4.078008545;7.514398411;7.793898852
5791;-0.320146948;18459;91;8.009122964;3.992875791;7.585069774;7.710624227
5792;-0.398646057;18460;81;8.327484416;3.806996008;7.760613544;7.930353734
5793;-0.136975244;18461;81;8.609024582;2.866254978;7.269387884;8.473304059
5794;-0.154495358;18461;82;8.619270903;3.323210409;8.367938385;8.466087277
5795;-0.269295007;18461;83;8.627049844;3.645076803;8.403305428;8.349399114
5796;-0.178329349;18461;84;9.074516734;3.794724157;8.514283396;8.879893365
5797;-0.201556593;18461;85;9.467566006;4.487561333;8.45292151;9.252623736
5798;-0.160191417;18461;86;9.50735353;4.594042832;8.391385134;9.337015096
5799;-0.230104566;18461;87;9.404650086;4.594034809;8.318288167;9.169536688
5800;-0.108432509;18461;88;10.10073476;4.529410577;8.299385173;9.982658606
5801;-0.207113221;18461;89;10.29397808;4.524737216;8.240530713;10.08677048
5802;-0.173678696;18461;90;10.07463287;4.409225895;8.294010882;9.90164983
5803;-0.091063939;18461;91;10.12067017;4.41889677;8.254472687;10.02686222
5804;-0.11263793;18463;81;9.315429816;3.436518925;7.788943105;9.204538613
5805;-0.045477778;18463;82;9.191313631;3.455682386;7.703082851;9.146841102
5806;-0.081362583;18463;83;9.403530789;3.196795225;7.647434566;9.3214685
5807;-0.043135364;18463;84;9.870733107;3.181226039;8.005766801;9.827049133
5808;-0.042869296;18463;85;9.848063101;3.222782065;7.928088461;9.80508207
5809;-0.047932427;18463;86;9.605806897;3.352425499;7.850836745;9.558303464
5810;-0.121760465;18463;87;9.057961721;3.336797265;7.687084747;8.937006819
5811;-0.061714802;18463;88;8.968770899;3.390788657;7.611039081;8.906986659
5812;-0.118863538;18463;89;9.320819542;3.599496687;7.535473308;9.2007289
5813;-0.111130729;18463;90;9.16884249;3.647344274;7.460392884;9.058647736
5814;-0.175183266;18463;91;9.244922942;3.704477349;7.485512021;9.068076655
5815;-0.293152899;18464;81;9.398188297;4.252663202;9.121760365;9.105084343
5816;-0.527034998;18465;81;7.706342928;4.055209783;5.462800012;7.15869077
5817;-0.450069845;18465;82;7.552779825;3.618108887;6.073960837;7.056456217
5818;-0.104933202;18465;83;7.616269257;3.870789018;6.945113038;7.49106995
5819;-0.609952509;18465;84;7.506776881;3.862741445;7.07165222;6.875713821
5820;-0.368489325;18466;81;7.330732812;2.299658088;4.938146634;6.960618239
5821;-0.212428793;18466;82;7.042181382;2.133553058;5.070230549;6.837267324
5822;-0.210952625;18467;81;9.585552437;4.283577512;8.232710812;9.376470765
5823;-0.434392989;18467;82;9.551774261;4.216214468;8.288753106;9.118923852
5824;-0.37316215;18467;83;9.933411598;4.357703381;8.289671049;9.558616758
5825;-0.396014243;18467;84;9.754521699;4.046791168;8.14045141;9.357544744
5826;-0.279075027;18467;85;10.3561365;4.465767009;8.32028213;10.07264917
5827;-0.282007694;18467;86;10.27358526;4.562493006;8.301813006;9.986234683
5828;-0.231336355;18467;87;10.05415634;4.504391122;8.409051142;9.816793632
5829;-0.298647881;18467;88;9.921128877;4.593566023;8.390544088;9.615130448
5830;-0.251129419;18467;89;10.12198933;4.45132522;8.38803948;9.866889514
5831;-0.298003525;18467;90;10.39852744;4.439959577;8.403498455;10.09674792
5832;-0.467181981;18467;91;8.917935707;3.352576156;8.376864756;8.429214799
5833;-0.352332085;18468;81;7.197360519;2.708050201;5.494074541;6.848937343
5834;-0.445831627;18468;82;6.985294292;2.890371758;5.247526522;6.543132487
5835;-0.35857141;18468;83;6.766569808;2.459161619;5.149901225;6.415991608
5836;-0.401946396;18468;84;6.637302907;2.571924577;5.13549088;6.234783868
5837;-0.378146589;18468;85;6.505398433;2.197224577;5.039913671;6.129910449
5838;-0.398385018;18468;86;6.042661031;2.197224577;5.077018046;5.647744398
5839;-0.335478276;18468;87;6.08716486;2.197224577;4.981134886;5.75191615
5840;-0.464823633;18468;88;5.984125287;2.079441542;4.937114167;5.522209844
5841;-0.149049893;18469;81;9.105168749;3.077915434;3.342861778;8.967059195
5842;-0.151298374;18469;82;9.037167115;3.144037042;3.608123923;8.897702272
5843;-0.141191006;18469;83;9.0747316;3.415859179;4.679929845;8.941826343
5844;-0.279333502;18469;84;9.350247175;3.452220705;4.626555258;9.078534499
5845;-0.142257333;18469;85;9.163437303;3.428763384;6.30841035;9.027363718
5846;-0.115634874;18469;86;9.036319426;3.504693482;6.288288096;8.930974535
5847;-0.100284666;18469;87;9.229370067;3.461866762;6.323047707;9.129649497
5848;-0.103888996;18469;88;9.493380633;3.438313421;6.260482348;9.390486224
5849;-0.095572837;18469;89;9.615750596;3.652619153;6.314154344;9.521501096
5850;-0.032153629;18469;90;9.796702629;3.593725665;6.387947583;9.769361787
5851;-0.051463917;18469;91;9.624649395;3.764851558;6.429980714;9.573273243
5852;-1.818227649;18471;81;7.303439392;3.366224379;7.706340841;5.811648699
5853;-2.005460262;18471;82;7.002872569;1.397499016;7.639513105;5.341637362
5854;-1.55540657;18471;83;6.791691734;3.319614884;7.573207153;5.435490192
5855;-1.735938668;18471;84;6.947251551;3.249887526;7.507433309;5.413121999
5856;-0.670862138;18473;81;4.955827058;3.859207654;3.284100017;4.435193202
5857;-0.702163041;18473;82;5.380504497;3.791352629;3.700343791;4.736108163
5858;-1.080330253;18473;83;5.676837618;3.82150707;3.619790495;4.694919403
5859;-1.544656277;18473;84;5.865538698;2.031204228;2.288026311;4.523081421
5860;-0.287232608;18474;81;6.385531631;1.701324617;5.59774571;6.099674796
5861;-0.349878579;18474;82;6.264568755;1.612202223;5.578813533;5.915775384
5862;-1.626033187;18475;81;6.448731192;2.261357546;5.737853412;4.86785718
5863;-0.965001643;18475;82;5.54591746;2.224457031;6.170971159;4.699769747
5864;-0.972982228;18475;83;6.59238999;1.189278347;6.153102668;5.503043141
5865;-0.226011127;18476;81;7.668093709;2.147625179;3.628921491;7.481155094
5866;-0.256904542;18476;82;7.832012437;2.30472761;3.82672317;7.607106199
5867;-0.163757697;18476;83;7.447308072;2.310746999;3.744280929;7.333715783
5868;-0.208975479;18476;84;7.723561824;2.256479059;3.772964456;7.558335563
5869;-0.177791491;18476;85;7.308228947;2.181853555;5.104347111;7.214969592
5870;-2.267351866;18477;81;8.557067518;5.326902391;8.882313283;6.308158252
5871;-1.450716734;18477;82;9.017667416;5.170427206;8.844684934;7.544327587
5872;-1.159966588;18477;83;8.930613875;5.626749886;8.881456662;7.78462105
5873;-0.931705356;18477;84;8.533318051;5.41317927;8.846178978;7.615838817
5874;-1.204078674;18477;85;8.675549691;5.404998627;8.804427483;7.501566916
5875;-1.06171906;18477;86;8.446273416;4.44137265;8.76181459;7.385183366
5876;-0.688072443;18477;87;8.334153799;3.416607225;8.709066478;7.632007633
5877;-1.421801805;18477;88;8.47455905;3.757831838;8.658447311;7.056932465
5878;-1.347750664;18477;89;8.461397796;3.628327321;8.602421649;7.177773564
5879;-0.803066611;18477;90;8.040644204;3.997078201;8.608181011;7.281549055
5880;-0.589870095;18477;91;8.033340353;4.058825192;8.5983886;7.470589863
5881;-0.167845801;18479;81;10.24793862;4.509033745;6.571058359;10.08090444
5882;-0.388680637;18479;82;10.50298929;4.507916438;6.515854617;10.11487153
5883;-0.302223206;18479;83;10.83392663;4.358418403;7.323405001;10.53225776
5884;-0.372034073;18479;84;10.92031922;4.024312532;7.329018361;10.54894206
5885;-0.390761048;18479;85;11.26197302;3.588337248;7.429349423;10.87169629
5886;-0.22208187;18479;86;11.48845994;3.133064539;7.596040255;11.26664532
5887;-0.080020361;18479;87;11.64453271;3.251583419;7.514835815;11.56491838
5888;-0.10522154;18479;88;11.37288418;3.50826409;7.61831666;11.268058
5889;-0.140006647;18479;89;11.79670046;3.848915589;8.010763895;11.65710062
5890;-0.047112856;18479;90;11.49383072;3.613538061;8.017554998;11.44705789
5891;-0.224848494;18479;91;11.43317914;3.731472188;7.979129933;11.2088938
5892;-0.140938222;18480;81;8.710306325;2.581164405;5.123822644;8.561810039
5893;-0.146894544;18480;82;8.455266361;2.666641896;6.232501915;8.303873602
5894;-0.207310542;18480;83;8.286540929;2.615009484;6.454693648;8.070604377
5895;-0.155441999;18480;84;8.470307316;2.472101487;6.45154235;8.311156088
5896;-0.127379939;18480;85;8.405429297;2.605771375;6.454273683;8.269018562
5897;-0.120400935;18480;86;8.182764695;2.506288897;6.463032028;8.048439094
5898;-0.186691523;18480;87;7.789616808;2.255006329;6.459622258;7.59286795
5899;-0.45453456;18480;88;6.493964809;2.046608882;6.415209533;6.041023096
5900;-0.729348302;18480;89;7.437223764;2.226517455;6.371315913;6.705730158
5901;-0.874101579;18480;90;6.06697764;1.649266188;6.360540038;5.183196133
5902;-0.247602165;18480;91;6.325024003;1.787116792;6.359562253;6.074233801
5903;-0.380924016;18482;81;6.442380957;2.677836441;4.728645742;6.065222476
5904;-0.491008997;18482;82;6.342124642;2.396784059;5.439862797;5.855114331
5905;-0.973995745;18483;81;6.401585447;3.311556443;3.890614438;5.644683991
5906;-0.945451438;18483;82;6.373784007;4.795696655;3.793919818;5.590385558
5907;-1.310030818;18483;83;6.767810086;4.801204086;3.697678708;5.554346463
5908;-0.888252735;18483;84;6.429170897;4.145298405;3.601885278;5.713391716
5909;-0.751547337;18483;85;6.134497924;1.927772549;3.506532682;5.48393124
5910;-0.502406597;18484;81;7.298783339;1.648658589;5.540840638;6.80084483
5911;-0.085856296;18484;82;7.279212587;1.583603715;5.503746468;7.189187454
5912;-1.084196806;18487;81;6.749931194;2.458531726;6.14191861;5.643782035
5913;-2.019206524;18487;82;6.665336651;4.056993844;6.168210669;4.620496848
5914;-1.026887059;18487;83;5.72104863;5.786458712;6.134418901;4.649862392
5915;-0.281559587;18490;81;8.803859734;2.229025392;6.905118627;8.527291349
5916;-0.271484762;18490;82;8.680625883;2.262134208;6.839270636;8.432206184
5917;-0.260877937;18490;83;8.681912574;2.302585093;6.77410153;8.449674505
5918;-0.364631236;18490;84;8.856731454;2.808210375;6.749508003;8.520361409
5919;-1.646212459;18493;81;6.674687616;4.210502517;4.971389752;5.153979062
5920;-0.991283715;18493;82;6.699514096;4.223909811;5.184271322;5.733896266
5921;-0.865329504;18493;83;6.323969705;3.506922745;5.230516939;5.521526223
5922;-0.792523921;18493;84;5.950966511;3.486901944;5.194531843;5.182118073
5923;-1.524708867;18493;85;6.503584926;2.546439131;5.145508953;5.206611538
5924;-1.12866497;18493;86;6.465484795;2.803834562;5.097118399;5.397038028
5925;-0.848073661;18493;87;5.819476832;2.00302165;5.049348524;5.051641061
5926;-0.070259988;18494;81;9.921185005;3.524232128;7.70932082;9.856871215
5927;-0.094236575;18494;82;10.15668531;3.671800324;8.034201123;10.06595553
5928;-0.070737571;18494;83;10.52932895;3.924410109;8.222781101;10.46382328
5929;-0.059489757;18494;84;10.54881505;4.090704127;8.314619819;10.49312688
5930;-0.075720526;18494;85;10.64152734;4.125093286;8.31578784;10.5697855
5931;-0.080333576;18494;86;10.28351666;4.035257396;8.427629448;10.20822765
5932;-0.081331477;18494;87;10.20991262;4.282792369;8.387253666;10.12887273
5933;-0.075207785;18494;88;10.32381767;4.15244069;8.419980813;10.2515034
5934;-0.062447011;18494;89;10.39291903;4.095364283;8.391699942;10.33372689
5935;-0.080891021;18494;90;10.31088796;3.973001856;8.436171122;10.23278118
5936;-0.088402584;18494;91;10.20606961;4.073665086;8.474980358;10.11859129
5937;-0.043314796;18495;81;8.511275718;1.965141525;5.456031766;8.47335426
5938;-0.091320872;18495;82;8.406314658;1.930059508;5.778171554;8.323925538
5939;-0.045626186;18495;83;8.606911327;2.082683066;5.758157041;8.569556021
5940;-0.088186041;18496;81;8.380158571;2.291352041;5.991463708;8.30124246
5941;-0.192603484;18497;81;10.18727455;1.796097846;6.989088732;9.994364358
5942;-0.024037868;18497;82;10.35003725;4.870949633;6.908198052;10.32539314
5943;-0.534618556;18499;81;6.88428191;2.438760019;5.954484352;6.357457153
5944;-0.577864289;18499;82;6.655248664;0.98565187;6.205994755;6.078672451
5945;-0.224247724;18500;81;8.817401511;3.152815883;7.274207973;8.588963374
5946;-0.156992167;18500;82;9.197090182;3.119356826;7.362743015;9.037660737
5947;-0.155724317;18500;83;9.368595758;3.085557161;7.339737585;9.210021083
5948;-0.144564539;18500;84;9.330155283;3.406472711;7.403967764;9.189694526
5949;-0.121620305;18500;85;9.208015601;3.229961158;7.450181408;9.089629458
5950;-0.115527153;18500;86;9.120583076;3.33143903;7.529822669;9.00417264
5951;-0.178383991;18500;87;8.586640725;2.954275527;7.406788772;8.40952957
5952;-2.44814229;18501;81;6.802283673;3.233838699;7.524571964;4.426339417
5953;-0.963916838;18501;82;6.242545133;2.918714991;7.466101497;5.300821781
5954;-0.237825617;18502;81;9.274300601;3.686610379;8.476910806;9.0397602
5955;-0.194511443;18502;82;9.903966442;3.875631885;8.615404078;9.713537795
5956;-0.157902151;18502;83;10.36344319;4.377005735;8.707152902;10.20614675
5957;-0.14302285;18502;84;10.65948298;4.255249138;9.068193738;10.51923997
5958;-0.179835796;18502;85;10.782751;4.485525257;9.042575399;10.60514423
5959;-0.299340636;18502;86;10.79498069;4.45330019;8.998556976;10.49759771
5960;-0.263707131;18502;87;10.72644258;4.723624857;9.150344849;10.46629356
5961;-0.208937347;18502;88;10.59714749;4.569643095;9.521524419;10.3918041
5962;-0.338380188;18502;89;10.61130569;4.900707638;9.531594015;10.27737995
5963;-0.317696452;18502;90;10.60098463;5.002220575;9.475278994;10.28410463
5964;-0.44435221;18502;91;10.83501305;5.518166802;9.424245758;10.39295997
5965;-0.184810117;18503;81;9.401828124;3.934287343;8.676605396;9.241873294
5966;-0.355134428;18503;82;9.166460423;4.065563736;8.638887578;8.831831129
5967;-0.661179364;18503;83;9.433963964;4.173511267;8.602785944;8.787713259
5968;-0.438688457;18503;84;9.472296125;3.887984552;8.566520414;9.04592051
5969;-0.294263542;18503;85;9.21280569;3.534706935;8.530144892;8.916637935
5970;-0.258654982;18503;86;9.466197408;2.867158577;8.49460303;9.204666002
5971;-0.357520431;18503;87;9.031487597;2.974323044;8.459873758;8.674663411
5972;-0.355643392;18503;88;9.33501066;3.068142976;8.425936095;8.980699071
5973;-0.142050162;18503;89;9.542342392;2.734348906;8.395662272;9.404631993
5974;-0.227521002;18503;90;9.438834117;2.757023454;8.430013405;9.211592517
5975;-0.343035817;18503;91;9.139074481;3.236513776;8.39508448;8.791602412
5976;0.084107794;18504;81;8.2569447;4.621139559;7.24903892;8.345814125
5977;-0.661034822;18505;81;9.205317819;3.979848275;8.737494818;8.538624298
5978;-0.713647783;18505;82;9.683006774;4.20903478;8.964556028;8.956410046
5979;-1.624630094;18505;83;9.001634694;4.227017057;9.707843979;7.302753775
5980;-2.151278734;18505;84;9.609904444;3.894562649;9.749597076;7.455455139
5981;-1.092141271;18505;85;9.501848733;4.245860833;9.730014196;8.411197926
5982;-1.151177645;18505;86;9.158727742;4.22854772;9.625874023;7.978889057
5983;-0.919920683;18505;87;9.238997106;4.529521098;9.583229962;8.309045645
5984;-1.129168153;18505;88;9.14248009;4.45651471;9.553156423;8.038669384
5985;-1.599924684;18505;89;9.325466235;4.364740269;9.78399983;7.756188342
5986;-1.607481956;18505;90;9.246722588;4.456040386;9.735999611;7.665494957
5987;-1.440683246;18505;91;9.039448713;4.506198671;9.920117451;7.589072383
5988;-0.238449961;18506;81;5.978885765;1.791759469;2.030344918;5.760763633
5989;-0.441247791;18506;82;5.731403559;1.791759469;3.896614372;5.320348882
5990;-0.754382253;18508;81;6.19766539;2.258043356;3.636371747;5.4383337
5991;-0.763826787;18508;82;6.682673052;2.587689832;3.464375515;5.915194557
5992;-0.792688429;18508;83;6.511970309;2.396749688;3.598382311;5.713214376
5993;-0.449821293;18508;84;6.065600775;2.250351536;4.322161928;5.611268147
5994;-0.360447466;18508;85;6.005150375;2.26011371;5.313451593;5.643389969
5995;-0.334121615;18510;81;6.314272466;1.877281622;4.176425643;5.985236238
5996;-0.338869154;18510;82;6.380410188;2.140984859;4.652751487;6.051803484
5997;-0.32351312;18510;83;6.477878934;2.128114374;4.585318291;6.148429822
5998;-0.424855053;18510;84;6.535062756;2.485340557;4.619698762;6.108580925
5999;-0.446022481;18510;85;6.693698355;2.431856433;4.552421349;6.218777252
6000;-0.401037723;18510;86;6.473352067;2.283191339;4.471990817;6.057523237
6001;-0.573647022;18510;87;6.50582183;2.233361542;4.391567689;5.914658047
6002;-0.306789279;18514;81;6.661854741;2.545638003;3.880202874;6.35939138
6003;-0.433226228;18514;82;6.377930526;2.638427775;3.90665991;5.96104207
6004;-0.422968388;18514;83;6.231432867;2.633801056;3.807067274;5.806798264
6005;-0.38963899;18514;84;6.29200104;2.651667822;3.707566109;5.886649893
6006;-0.334196627;18514;85;6.22506604;2.484485673;3.608157627;5.886588296
6007;-0.586816907;18515;81;8.235413652;4.075938325;3.814137062;7.6513521
6008;-0.537381232;18515;82;8.321611489;4.111505654;6.002451711;7.787216889
6009;-0.547591627;18515;83;8.510973007;4.107355785;6.10134446;7.965991369
6010;-0.669255793;18515;84;8.333018082;4.080754648;6.028028318;7.668778415
6011;-0.43215093;18515;85;8.30989932;4.114472271;5.982656491;7.885674908
6012;-0.645670116;18515;86;8.20264564;4.425687065;5.905012623;7.558429501
6013;-0.571303725;18515;87;8.171947867;4.31935557;5.822721345;7.603080445
6014;-0.540920973;18515;88;8.235166063;4.028538012;5.740477018;7.696895223
6015;-0.470879585;18515;89;8.182955078;3.986299775;5.658278972;7.714987041
6016;-0.511266172;18515;90;8.057640619;3.975474152;5.576126066;7.550086218
6017;-0.403197885;18515;91;7.935717265;3.831041938;5.49401758;7.532078598
6018;-0.811457336;18517;81;6.567515921;1.949717046;5.206486767;5.761800493
6019;-0.621603012;18517;82;6.264414185;1.944254085;5.374627861;5.647776674
6020;-0.466094166;18517;83;6.155080958;2.079132086;5.623080718;5.69337799
6021;-0.576083243;18517;84;6.249132178;2.316973874;6.00456621;5.677784389
6022;-0.39633435;18517;85;6.136277837;2.302332814;5.963976229;5.744365085
6023;-0.536400557;18517;86;6.114948195;2.197098684;6.073201047;5.581871133
6024;-0.561523497;18517;87;6.132878182;2.198046201;6.031028964;5.573117251
6025;-0.574895263;18517;88;6.181306784;2.197368678;6.079328946;5.607677922
6026;-0.50974226;18517;89;6.203083633;2.181494197;6.414093821;5.694004499
6027;-0.791416764;18517;90;6.590927468;2.187952809;6.444229452;5.800636761
6028;-0.78367126;18517;91;5.643515849;1.928838696;6.409632446;4.855030073
6029;-0.420188367;18518;81;6.65929392;2.593101542;5.74893784;6.259873877
6030;-0.429201573;18518;82;6.429147848;2.604469141;5.73497801;6.018947928
6031;-0.386552125;18518;83;6.530997733;2.580087772;5.696345321;6.171589288
6032;-0.375050694;18518;84;6.679973378;2.405547248;5.660399555;6.323041792
6033;-0.30355081;18518;85;6.551059234;2.427134414;5.607753958;6.260888722
6034;-0.266880542;18518;86;6.185341323;2.092915776;5.555727881;5.941583219
6035;-0.307432115;18518;87;6.067326705;2.085672115;5.523875481;5.786088057
6036;-0.286988437;18518;88;6.027018343;2.086045815;5.493273035;5.766509759
6037;-0.292456895;18518;89;6.033263603;2.081505308;5.441924948;5.755787989
6038;-0.337173909;18518;90;5.905158599;2.08306905;5.391184685;5.586598091
6039;-0.33236897;18518;91;5.851453642;2.088378779;5.341046136;5.551778283
6040;-0.447672695;18520;81;6.039778378;2.550274464;3.847130906;5.598285638
6041;-0.48607251;18520;82;5.722411182;2.282304357;3.815036449;5.246766406
6042;-0.342376918;18522;81;7.083723382;2.842626767;6.096170231;6.746201747
6043;-0.52558279;18522;82;6.738638705;2.397895273;6.245440125;6.216768666
6044;-0.405318201;18522;83;6.533155043;2.197224577;6.151189393;6.135213018
6045;-0.349250913;18522;84;6.498299614;2.418460403;6.124346973;6.15751387
6046;-0.233350292;18522;85;6.6186416;2.296076397;6.09015908;6.389757697
6047;-0.309933782;18522;86;6.595938426;2.287360339;6.144824204;6.29482199
6048;-0.299317002;18522;87;6.38568359;2.291414825;6.120525235;6.086842557
6049;-0.213403299;18524;81;7.199230168;2.63905733;5.527306895;6.985819769
6050;-0.250731766;18524;82;7.308409762;2.708050201;5.940713997;7.059204664
6051;-0.245187506;18524;83;7.419881838;2.833213344;5.956372154;7.169932665
6052;-0.118891396;18524;84;7.476065513;2.833213344;6.162242581;7.345021582
6053;-0.167799488;18524;85;7.604032322;2.833213344;6.112977394;7.424340796
6054;-0.156060293;18524;86;7.464019125;2.708050201;6.054445435;7.285816403
6055;-0.170385316;18524;87;7.36834423;2.48490665;6.009019514;7.166165108
6056;-0.163642064;18524;88;7.394181243;2.564949357;6.029771296;7.21039761
6057;-0.148421273;18524;89;7.356677267;2.564949357;6.010414413;7.195696077
6058;-0.149039447;18524;90;7.314106876;2.48490665;5.9630057;7.154371759
6059;-0.197389096;18524;91;7.15860196;2.48490665;6.154401198;6.950085589
6060;-0.324738085;18525;81;6.462249121;1.609437912;3.101000393;6.143391076
6061;-0.347081095;18525;82;6.520148106;1.609437912;4.391877287;6.178169805
6062;-0.35867542;18525;83;6.923453557;2.079441542;4.307730478;6.570079609
6063;-0.494907767;18525;84;7.085001826;2.505598336;6.191875962;6.596567324
6064;-0.378892779;18525;85;7.165188347;2.745347008;6.527821382;6.793629792
6065;-0.392897397;18525;86;7.118393918;2.780279779;6.540826616;6.727096743
6066;-0.315675467;18525;87;7.122428783;3.041517122;6.579253501;6.811867576
6067;-0.275128812;18525;88;7.244881076;3.126303052;6.502942485;6.973790673
6068;-0.29661262;18525;89;7.135188737;3.173803263;6.453202181;6.843293122
6069;-0.229113296;18525;90;7.172237379;3.042016496;6.270289572;6.949292877
6070;-0.251202762;18525;91;7.422130041;3.564883448;6.232025538;7.17849725
6071;-0.382617384;18526;81;6.013470612;2.363899533;4.420083059;5.651244788
6072;-0.258527935;18526;82;5.560079784;1.597415149;4.745974888;5.317446361
6073;-0.37723875;18526;83;4.616682793;1.32175584;5.25104478;4.268378349
6074;-0.483455718;18529;81;6.609888214;2.59149834;2.627058503;6.13140918
6075;-0.402646035;18529;82;6.776845447;2.594335384;2.546000444;6.378159417
6076;-0.265895635;18529;83;6.711157273;2.28546318;2.464963756;6.450810349
6077;-0.293472439;18529;84;6.710254028;2.293341837;4.146876173;6.423685805
6078;-0.303290755;18529;85;7.045278921;2.276222882;4.756256789;6.748434499
6079;-0.263059765;18529;86;7.344061014;2.474894213;4.842622197;7.083830357
6080;-0.21352911;18529;87;7.324204679;2.56859301;5.532772011;7.111398204
6081;-0.295646936;18529;88;7.429116009;2.905048759;5.791553375;7.136488841
6082;-0.264931798;18529;89;7.487550776;2.898197216;5.907274227;7.226628489
6083;-0.291900247;18529;90;7.408602031;2.879546177;5.948003356;7.120439438
6084;-0.333458573;18529;91;7.329752891;3.166431114;5.932138006;7.001149673
6085;-0.220704809;18531;81;6.745001013;2.086251142;6.307450859;6.524444372
6086;-0.411479741;18531;82;6.17526543;2.039067142;6.345630686;5.769290508
6087;-0.781383276;18532;81;6.194813496;1.791759469;4.820747957;5.416955072
6088;-0.556482673;18532;82;5.450543894;1.386294361;4.781111441;4.896980498
6089;-0.244946405;18533;81;7.280215019;2.944438979;5.43318507;7.042489637
6090;-0.238679439;18533;82;7.163813929;2.708050201;5.318988321;6.93375896
6091;-0.517779112;18533;83;7.386104117;3.665998809;5.205205041;6.867066345
6092;-0.604467452;18533;84;7.481677834;3.615759191;5.091843845;6.873105514
6093;-0.49857685;18533;85;8.363397592;4.511840785;4.51990184;7.858927961
6094;-0.464626789;18533;86;8.237941112;4.599033536;4.421870673;7.770836202
6095;-0.432699919;18533;87;8.369567289;4.616048681;5.859208934;7.934753029
6096;-0.472220808;18533;88;8.293576017;4.796194759;5.751693055;7.822634273
6097;-0.49766767;18533;89;8.202390739;4.759185468;5.64463629;7.697099364
6098;-0.605338812;18534;81;6.677461208;2.977894527;5.16483515;6.057870906
6099;-0.182783738;18535;81;8.198639455;3.348055665;6.197666073;8.019041872
6100;-0.137237012;18535;82;8.292944538;3.479867618;6.122588775;8.158006866
6101;-0.2834104;18535;83;8.378564006;3.506628467;6.395795284;8.118230772
6102;-0.363431275;18535;84;7.904239308;3.700948699;6.503822352;7.547031447
6103;-0.339841783;18535;85;8.283880433;4.077497938;6.687096888;7.95155744
6104;-0.31941855;18535;86;7.933140805;3.76801297;6.675964986;7.590269592
6105;-0.282942116;18535;87;8.194406797;3.959409466;6.625785862;7.900125135
6106;-0.334028631;18535;88;8.333939873;3.604952215;6.592489378;8.007693349
6107;-0.324782521;18535;89;7.939040614;3.670671264;6.602419431;7.617999607
6108;-0.213690877;18535;90;7.961162729;3.538573123;6.608675573;7.742703973
6109;-0.307356805;18535;91;7.819533305;3.56403044;6.615586431;7.487968442
6110;-0.378363311;18536;81;8.02777019;4.155924108;7.014369623;7.652405296
6111;-0.469619572;18536;82;8.453727428;4.387228725;7.030130402;7.984045319
6112;-0.47921434;18536;83;8.569755807;4.515571736;7.210448929;8.087050545
6113;-0.41913408;18536;84;8.631940983;4.409192483;7.506510888;8.208033551
6114;-0.413353741;18536;85;8.604256838;4.422806545;7.506731145;8.184792995
6115;-0.381959915;18536;86;8.702530866;4.455598798;7.58386247;8.317424395
6116;-0.37896347;18536;87;8.671246964;4.442451257;7.518708871;8.285143028
6117;-0.401379585;18536;88;8.395158405;4.499944871;7.527176025;7.98707831
6118;-0.373678982;18536;89;8.36864628;4.331352836;7.448879367;7.987301959
6119;-0.434033841;18536;90;8.475510943;4.508621087;7.590286618;8.035796153
6120;-0.362355888;18536;91;8.439878822;4.668923453;7.577793561;8.076215076
6121;-0.208023548;18537;81;7.801145751;4.079476984;6.282220998;7.600183268
6122;-0.486179531;18537;82;7.046431586;3.836265783;6.190312904;6.568839018
6123;-0.399219334;18539;81;7.004246624;3.217051652;4.308747224;6.605732258
6124;-0.517016351;18539;82;6.720100728;2.759059629;4.92230891;6.224737772
6125;-0.404326767;18539;83;6.852365277;2.787699389;4.838332353;6.444911891
6126;-0.481087118;18539;84;7.146688745;3.446258729;5.003386797;6.668656411
6127;-0.478953362;18539;85;7.322735763;3.438300617;4.925926506;6.847139393
6128;-0.451729745;18539;86;7.444619218;4.019512357;5.271949594;7.005279249
6129;-0.351719052;18539;87;7.612772768;3.945691963;5.645654784;7.262319268
6130;-0.328376621;18539;88;7.95278925;4.222007245;5.645347037;7.625583639
6131;-0.382947743;18539;89;8.155610717;4.249107586;6.169582513;7.775216989
6132;-0.280124456;18539;90;8.124337507;4.030022353;6.101553809;7.844904874
6133;-0.338675201;18539;91;7.971440268;3.937476705;6.016288972;7.635385735
6134;-0.248400345;18540;81;6.91612022;3.201211416;6.220549095;6.673238783
6135;-0.353261113;18540;82;6.624143768;2.651388562;6.247089587;6.278325016
6136;-0.517404497;18540;83;6.764084839;2.678968265;6.264184435;6.258370298
6137;-0.435036033;18541;81;6.768493212;3.042704991;6.302932933;6.336688852
6138;-0.705362797;18541;82;6.377654605;2.302585093;6.184400865;5.678499409
6139;-0.618193567;18543;81;7.257284772;2.670343757;6.49743548;6.653520811
6140;-0.457907826;18543;82;7.29526896;2.886359666;6.575451175;6.84973835
6141;-0.447133213;18543;83;7.539694129;3.029422237;6.605903381;7.102429427
6142;-0.483814299;18543;84;7.469013342;3.088616661;6.407248848;7.002686192
6143;-0.506213009;18543;85;7.362373983;3.10009808;6.223485871;6.884309591
6144;-0.697158217;18543;86;7.711304372;3.584197406;6.927019994;7.038865989
6145;-0.557847619;18543;87;7.492143707;3.664321851;6.846785707;6.954740779
6146;-0.441252977;18543;88;7.588611907;3.536867247;6.767127337;7.161198124
6147;-0.372056454;18543;89;7.5265158;3.545862714;6.688052457;7.163665467
6148;-0.433441103;18543;90;7.520185462;3.548459899;6.900908037;7.10153187
6149;-0.463123143;18543;91;7.577011543;3.692815237;7.260884197;7.13491546
6150;-0.307302088;18544;81;6.612847129;2.014903021;3.579779912;6.319913657
6151;-0.363259673;18544;82;6.273335932;2.132686056;3.499006877;5.912823057
6152;-0.998504996;18545;81;7.782848987;4.343376498;8.126412727;6.752716133
6153;-1.616531968;18545;82;7.764224887;4.377589755;8.238898172;6.085895851
6154;-1.666027546;18545;83;7.73377218;4.325616508;8.370674027;6.077671221
6155;-1.5958395;18545;84;7.271902698;4.284221442;8.360441035;5.733008689
6156;-1.473055124;18545;85;7.407351042;4.267911431;8.423286148;5.905505029
6157;-0.307193339;18545;86;6.967061822;3.281185392;8.223402394;6.644398151
6158;-1.138815165;18545;87;7.253108599;4.269330851;8.104501645;6.135019191
6159;-1.210872173;18546;81;7.793174347;4.517947522;6.973533533;6.593758307
6160;-0.934099555;18546;82;7.704072076;4.473225407;7.0185927;6.774992773
6161;-1.052754283;18546;83;7.742198657;4.519284662;7.172654077;6.699180606
6162;-0.634477496;18546;84;7.706150115;4.30717819;7.358677871;7.084285153
6163;-1.008548141;18546;85;7.714128906;4.512840766;7.381767738;6.755956486
6164;-0.719937682;18546;86;7.421764477;4.232215281;7.416255374;6.718984848
6165;-0.747677565;18546;87;7.414417781;4.262813114;7.468167625;6.683069554
6166;-0.853372872;18546;88;7.408720165;4.262464404;7.483514198;6.5774454
6167;-0.811121881;18546;89;7.538054371;4.421301137;7.509408238;6.747915002
6168;-1.076482534;18546;90;7.525273697;4.421388885;7.526753452;6.486253919
6169;-0.992547154;18546;91;7.458268238;4.424076909;7.728846909;6.497660482
6170;-0.099141233;18547;83;8.21814534;2.772588722;6.14785691;8.118994829
6171;-0.458458394;18556;81;7.94551997;3.881743112;5.546172466;7.484535276
6172;-0.401855439;18556;82;7.886411947;0.606713975;5.465251545;7.487127942
6173;-1.172308445;18556;83;6.142999657;1.67276319;4.330456335;4.979734271
6174;-0.322928607;18557;81;8.999890933;4.595801716;8.813528682;8.678779855
6175;-0.424922585;18557;82;9.018346486;4.470865528;8.806670112;8.594487293
6176;-0.455160826;18557;83;8.844604552;4.468383203;8.814598325;8.389389227
6177;-0.383183002;18558;81;6.549650742;2.928166919;5.714649222;6.165740609
6178;-0.566609621;18558;82;6.700313761;3.138749813;5.769637534;6.135239515
6179;-0.493169814;18558;83;6.914730408;3.135494216;5.860218314;6.425252176
6180;-0.672125041;18558;84;7.287830962;3.109635281;5.79365232;6.618116541
6181;-0.570495009;18558;85;7.092386788;3.256885225;5.798277781;6.52432079
6182;-0.547280073;18558;86;7.036438972;3.423983559;5.902599397;6.490673242
6183;-0.169570178;18572;81;8.696159108;4.361005301;5.997503178;8.530432315
6184;-0.231929526;18572;82;8.559664045;4.128048694;6.229276359;8.330649688
6185;-0.22951287;18572;83;8.722446649;4.269135171;6.195177686;8.496656603
6186;-0.225950971;18572;84;8.707811372;4.360081487;6.382788492;8.48537695
6187;-0.215968058;18572;85;8.789264025;3.977501693;6.501438765;8.576143618
